device,t_on_us,t_off_us,dur_s,energy_wh,source
kettle,1352537388000000,1352537499000000,111.0,75.13083333333333,rule_v1
kettle,1352568166000000,1352568239000000,73.0,50.105,rule_v1
kettle,1352622527000000,1352622641000000,114.0,75.37333333333333,rule_v1
kettle,1352633715000000,1352633883000000,168.0,110.34,rule_v1
kettle,1352634281000000,1352634413000000,132.0,87.62833333333333,rule_v1
kettle,1352710801000000,1352710957000000,156.0,104.84333333333333,rule_v1
kettle,1352727027000000,1352727123000000,96.0,66.305,rule_v1
kettle,1352737976000000,1352738212000000,236.0,156.31666666666666,rule_v1
kettle,1352793393000000,1352793562000000,169.0,113.44888888888889,rule_v1
kettle,1352804482000000,1352804649000000,167.0,114.19222222222223,rule_v1
kettle,1352805251000000,1352805329000000,78.0,54.943333333333335,rule_v1
kettle,1352807559000000,1352807716000000,157.0,108.02638888888889,rule_v1
kettle,1352811560000000,1352811651000000,91.0,63.903333333333336,rule_v1
kettle,1352830452000000,1352830525000000,73.0,52.13333333333333,rule_v1
kettle,1352843106000000,1352843208000000,102.0,68.72833333333334,rule_v1
kettle,1352882013000000,1352882133000000,120.0,82.09666666666666,rule_v1
kettle,1352913271000000,1352913407000000,136.0,92.35944444444445,rule_v1
kettle,1352922042000000,1352922191000000,149.0,99.8575,rule_v1
kettle,1352965799000000,1352965916000000,117.0,80.9563888888889,rule_v1
kettle,1355554494000000,1355554632000000,138.0,92.94444444444444,rule_v1
kettle,1355557685000000,1355557751000000,66.0,43.27694444444444,rule_v1
kettle,1355586642000000,1355586720000000,78.0,53.306666666666665,rule_v1
kettle,1355589978000000,1355590052000000,74.0,51.709722222222226,rule_v1
kettle,1355673197000000,1355673299000000,102.0,69.02,rule_v1
kettle,1355676673000000,1355676740000000,67.0,46.880833333333335,rule_v1
kettle,1355682646000000,1355682750000000,104.0,68.52527777777777,rule_v1
kettle,1355687649000000,1355687742000000,93.0,63.19138888888889,rule_v1
kettle,1355729844000000,1355729940000000,96.0,64.88166666666666,rule_v1
kettle,1355744314000000,1355744445000000,131.0,89.56833333333333,rule_v1
kettle,1355748887000000,1355748972000000,85.0,56.055277777777775,rule_v1
kettle,1355762215000000,1355762354000000,139.0,94.99166666666666,rule_v1
kettle,1356250285000000,1356250401000000,116.0,76.7925,rule_v1
kettle,1356264882000000,1356265012000000,130.0,86.43888888888888,rule_v1
kettle,1356266790000000,1356266907000000,117.0,78.52666666666667,rule_v1
kettle,1356269457000000,1356269513000000,56.0,39.208333333333336,rule_v1
kettle,1356282258000000,1356282486000000,228.0,148.10416666666666,rule_v1
kettle,1356292103000000,1356292190000000,87.0,59.956944444444446,rule_v1
kettle,1356292394000000,1356292481000000,87.0,59.735277777777775,rule_v1
kettle,1356336592000000,1356336713000000,121.0,84.39916666666667,rule_v1
kettle,1356368455000000,1356368639000000,184.0,122.27194444444444,rule_v1
kettle,1356373926000000,1356374129000000,203.0,134.28055555555557,rule_v1
kettle,1356379603000000,1356379756000000,153.0,104.04277777777777,rule_v1
kettle,1356381142000000,1356381185000000,43.0,30.81222222222222,rule_v1
kettle,1356382036000000,1356382121000000,85.0,58.276666666666664,rule_v1
kettle,1356421742000000,1356421858000000,116.0,79.845,rule_v1
kettle,1356424867000000,1356424996000000,129.0,88.47888888888889,rule_v1
kettle,1356437571000000,1356437667000000,96.0,64.35,rule_v1
kettle,1356440811000000,1356441110000000,299.0,198.81666666666666,rule_v1
kettle,1356444269000000,1356444430000000,161.0,105.97916666666667,rule_v1
kettle,1356445403000000,1356445580000000,177.0,117.335,rule_v1
kettle,1356446115000000,1356446231000000,116.0,77.81472222222222,rule_v1
kettle,1356446894000000,1356447047000000,153.0,103.98638888888888,rule_v1
kettle,1356449248000000,1356449321000000,73.0,49.93611111111111,rule_v1
kettle,1356449449000000,1356449564000000,115.0,77.1525,rule_v1
kettle,1356452881000000,1356452972000000,91.0,61.10611111111111,rule_v1
kettle,1356458057000000,1356458124000000,67.0,46.700833333333335,rule_v1
kettle,1356458486000000,1356458576000000,90.0,61.84166666666667,rule_v1
kettle,1356513933000000,1356514038000000,105.0,72.89166666666667,rule_v1
kettle,1356526261000000,1356526362000000,101.0,69.38083333333333,rule_v1
kettle,1356540783000000,1356540851000000,68.0,47.12305555555555,rule_v1
kettle,1356540980000000,1356541053000000,73.0,50.07138888888889,rule_v1
kettle,1356855871000000,1356856071000000,200.0,134.3961111111111,rule_v1
kettle,1356866069000000,1356866204000000,135.0,89.08583333333333,rule_v1
kettle,1356866357000000,1356866452000000,95.0,63.94638888888889,rule_v1
kettle,1356867387000000,1356867501000000,114.0,76.02166666666666,rule_v1
kettle,1356871598000000,1356871709000000,111.0,73.75222222222222,rule_v1
kettle,1356942988000000,1356943127000000,139.0,92.98361111111112,rule_v1
kettle,1356953879000000,1356954041000000,162.0,107.57666666666667,rule_v1
kettle,1356958132000000,1356958286000000,154.0,103.62416666666667,rule_v1
kettle,1356972916000000,1356973033000000,117.0,80.02277777777778,rule_v1
kettle,1357029778000000,1357029904000000,126.0,85.735,rule_v1
kettle,1357043055000000,1357043153000000,98.0,67.56666666666666,rule_v1
kettle,1357052335000000,1357052426000000,91.0,61.725,rule_v1
kettle,1357068908000000,1357069088000000,180.0,120.73666666666666,rule_v1
kettle,1357115255000000,1357115389000000,134.0,91.50805555555556,rule_v1
kettle,1357126982000000,1357127109000000,127.0,86.72277777777778,rule_v1
kettle,1357144419000000,1357144558000000,139.0,91.7838888888889,rule_v1
kettle,1357199402000000,1357199517000000,115.0,77.52722222222222,rule_v1
kettle,1357202026000000,1357202128000000,102.0,70.10666666666667,rule_v1
kettle,1357230357000000,1357230441000000,84.0,58.053333333333335,rule_v1
kettle,1357230755000000,1357230833000000,78.0,52.83166666666666,rule_v1
kettle,1357285220000000,1357285380000000,160.0,106.78416666666666,rule_v1
kettle,1357318237000000,1357318385000000,148.0,101.07138888888889,rule_v1
kettle,1357323712000000,1357323835000000,123.0,81.29972222222223,rule_v1
kettle,1357329147000000,1357329226000000,79.0,54.742222222222225,rule_v1
kettle,1357330597000000,1357330733000000,136.0,83.38,rule_v1
kettle,1357371811000000,1357371932000000,121.0,82.75416666666666,rule_v1
kettle,1357372947000000,1357373043000000,96.0,66.14,rule_v1
kettle,1357390257000000,1357390347000000,90.0,63.155,rule_v1
kettle,1357391419000000,1357391498000000,79.0,59.67194444444444,rule_v1
kettle,1357401479000000,1357401602000000,123.0,80.83972222222222,rule_v1
kettle,1357406360000000,1357406527000000,167.0,109.82416666666667,rule_v1
kettle,1357414119000000,1357414257000000,138.0,90.51,rule_v1
kettle,1357458137000000,1357458251000000,114.0,77.46,rule_v1
kettle,1357472408000000,1357472531000000,123.0,82.70388888888888,rule_v1
kettle,1357472789000000,1357472868000000,79.0,53.34777777777778,rule_v1
kettle,1357474794000000,1357474906000000,112.0,76.8561111111111,rule_v1
kettle,1357493686000000,1357493794000000,108.0,72.48222222222222,rule_v1
kettle,1357497514000000,1357497656000000,142.0,95.75055555555555,rule_v1
kettle,1357500412000000,1357500480000000,68.0,47.4825,rule_v1
kettle,1357500790000000,1357500894000000,104.0,68.58277777777778,rule_v1
kettle,1357544889000000,1357544992000000,103.0,71.33888888888889,rule_v1
kettle,1357545488000000,1357545555000000,67.0,47.58361111111111,rule_v1
kettle,1357563183000000,1357563274000000,91.0,97.09416666666667,rule_v1
kettle,1357577922000000,1357578044000000,122.0,80.59611111111111,rule_v1
kettle,1357578197000000,1357578295000000,98.0,65.3,rule_v1
kettle,1357581986000000,1357582017000000,31.0,23.538888888888888,rule_v1
kettle,1357629005000000,1357629134000000,129.0,87.05583333333334,rule_v1
kettle,1357630811000000,1357630860000000,49.0,36.295833333333334,rule_v1
kettle,1357661643000000,1357661824000000,181.0,119.78527777777778,rule_v1
kettle,1357669460000000,1357669608000000,148.0,97.37444444444445,rule_v1
kettle,1357675813000000,1357675922000000,109.0,74.36166666666666,rule_v1
kettle,1357676116000000,1357676181000000,65.0,45.45333333333333,rule_v1
kettle,1357716235000000,1357716320000000,85.0,59.36555555555555,rule_v1
kettle,1357744268000000,1357744382000000,114.0,78.1,rule_v1
kettle,1357806243000000,1357806426000000,183.0,122.80416666666666,rule_v1
kettle,1358457382000000,1358457503000000,121.0,81.88722222222222,rule_v1
kettle,1358457728000000,1358457800000000,72.0,51.2525,rule_v1
kettle,1358488496000000,1358488594000000,98.0,68.04527777777778,rule_v1
kettle,1358496659000000,1358496757000000,98.0,66.84055555555555,rule_v1
kettle,1358503887000000,1358503941000000,54.0,37.783055555555556,rule_v1
kettle,1358504020000000,1358504183000000,163.0,106.81527777777778,rule_v1
kettle,1358516919000000,1358517004000000,85.0,57.32666666666667,rule_v1
kettle,1358577819000000,1358577958000000,139.0,95.00111111111111,rule_v1
kettle,1358614963000000,1358615059000000,96.0,66.765,rule_v1
kettle,1358617022000000,1358617131000000,109.0,74.36944444444444,rule_v1
kettle,1358669635000000,1358669829000000,194.0,98.34805555555556,rule_v1
kettle,1358684521000000,1358684667000000,146.0,97.55555555555556,rule_v1
kettle,1358687234000000,1358687325000000,91.0,63.426944444444445,rule_v1
kettle,1358704608000000,1358704736000000,128.0,86.1986111111111,rule_v1
kettle,1358756448000000,1358756595000000,147.0,90.97555555555556,rule_v1
kettle,1358772284000000,1358772485000000,201.0,134.7788888888889,rule_v1
kettle,1358775010000000,1358775077000000,67.0,48.27194444444444,rule_v1
kettle,1358775494000000,1358775573000000,79.0,56.26861111111111,rule_v1
kettle,1358792998000000,1358793119000000,121.0,82.15777777777778,rule_v1
kettle,1358795545000000,1358795655000000,110.0,71.53861111111111,rule_v1
kettle,1358841934000000,1358842069000000,135.0,92.35055555555556,rule_v1
kettle,1358855007000000,1358855110000000,103.0,71.865,rule_v1
kettle,1358858469000000,1358858687000000,218.0,113.93194444444444,rule_v1
kettle,1358863467000000,1358863571000000,104.0,72.65638888888888,rule_v1
kettle,1358874488000000,1358874601000000,113.0,76.22111111111111,rule_v1
kettle,1358930126000000,1358930254000000,128.0,88.10472222222222,rule_v1
kettle,1358945771000000,1358945893000000,122.0,84.25222222222222,rule_v1
kettle,1358960662000000,1358960730000000,68.0,48.10027777777778,rule_v1
kettle,1358971531000000,1358971666000000,135.0,90.85472222222222,rule_v1
kettle,1359015560000000,1359015693000000,133.0,89.24444444444444,rule_v1
kettle,1359031663000000,1359031784000000,121.0,82.2461111111111,rule_v1
kettle,1359057001000000,1359057133000000,132.0,90.66027777777778,rule_v1
kettle,1359057308000000,1359057381000000,73.0,51.79388888888889,rule_v1
kettle,1359099465000000,1359099585000000,120.0,82.61,rule_v1
kettle,1359113843000000,1359113961000000,118.0,79.31527777777778,rule_v1
kettle,1359118474000000,1359118641000000,167.0,113.73944444444444,rule_v1
kettle,1359118890000000,1359118969000000,79.0,56.25111111111111,rule_v1
kettle,1359134838000000,1359134989000000,151.0,101.1725,rule_v1
kettle,1359188714000000,1359188853000000,139.0,94.94333333333333,rule_v1
kettle,1359193503000000,1359193576000000,73.0,51.53,rule_v1
kettle,1359205157000000,1359205283000000,126.0,87.52916666666667,rule_v1
kettle,1359221419000000,1359221551000000,132.0,89.80166666666666,rule_v1
kettle,1359228996000000,1359229122000000,126.0,83.81833333333333,rule_v1
kettle,1359276096000000,1359276195000000,99.0,68.29916666666666,rule_v1
kettle,1359290474000000,1359290614000000,140.0,91.47583333333333,rule_v1
kettle,1359360598000000,1359360725000000,127.0,87.0338888888889,rule_v1
kettle,1359458361000000,1359458482000000,121.0,82.77222222222223,rule_v1
kettle,1359486786000000,1359486903000000,117.0,78.14027777777778,rule_v1
kettle,1359720566000000,1359720690000000,124.0,84.42666666666666,rule_v1
kettle,1359720808000000,1359720881000000,73.0,51.32527777777778,rule_v1
kettle,1359726190000000,1359726356000000,166.0,112.84805555555556,rule_v1
kettle,1359882086000000,1359882204000000,118.0,82.47222222222223,rule_v1
kettle,1359883056000000,1359883087000000,31.0,23.877777777777776,rule_v1
kettle,1359898213000000,1359898311000000,98.0,65.48416666666667,rule_v1
kettle,1359911396000000,1359911518000000,122.0,79.98861111111111,rule_v1
kettle,1359964400000000,1359964515000000,115.0,76.33027777777778,rule_v1
kettle,1359978744000000,1359978902000000,158.0,106.33222222222223,rule_v1
kettle,1359983479000000,1359983601000000,122.0,82.93166666666667,rule_v1
kettle,1360085016000000,1360085152000000,136.0,93.07333333333334,rule_v1
kettle,1360090655000000,1360090741000000,86.0,59.073055555555555,rule_v1
kettle,1360093193000000,1360093324000000,131.0,85.61416666666666,rule_v1
kettle,1360135971000000,1360136087000000,116.0,80.26805555555555,rule_v1
kettle,1360138733000000,1360138837000000,104.0,72.43666666666667,rule_v1
kettle,1360150502000000,1360150651000000,149.0,101.3675,rule_v1
kettle,1360156695000000,1360156826000000,131.0,87.95666666666666,rule_v1
kettle,1360157394000000,1360157493000000,99.0,68.53472222222223,rule_v1
kettle,1360171062000000,1360171173000000,111.0,74.65305555555555,rule_v1
kettle,1360398945000000,1360399065000000,120.0,81.26916666666666,rule_v1
kettle,1360400033000000,1360400070000000,37.0,30.288611111111113,rule_v1
kettle,1360415545000000,1360415697000000,152.0,106.58583333333333,rule_v1
kettle,1360418592000000,1360418759000000,167.0,100.63111111111111,rule_v1
kettle,1360480364000000,1360480502000000,138.0,92.995,rule_v1
kettle,1360482875000000,1360482936000000,61.0,43.4275,rule_v1
kettle,1360495060000000,1360495192000000,132.0,88.41333333333333,rule_v1
kettle,1360498696000000,1360498802000000,106.0,72.24555555555555,rule_v1
kettle,1360506030000000,1360506113000000,83.0,57.675,rule_v1
kettle,1360568835000000,1360568951000000,116.0,79.8525,rule_v1
kettle,1360569080000000,1360569140000000,60.0,43.793055555555554,rule_v1
kettle,1360581533000000,1360581623000000,90.0,63.045,rule_v1
kettle,1360666559000000,1360666637000000,78.0,54.61333333333334,rule_v1
kettle,1360675781000000,1360675897000000,116.0,80.40583333333333,rule_v1
kettle,1360677358000000,1360677438000000,80.0,56.418055555555554,rule_v1
kettle,1360797658000000,1360797776000000,118.0,80.50222222222222,rule_v1
kettle,1360832998000000,1360833132000000,134.0,91.89027777777778,rule_v1
kettle,1360871170000000,1360871263000000,93.0,62.5575,rule_v1
kettle,1360915629000000,1360915738000000,109.0,74.65805555555555,rule_v1
kettle,1360917102000000,1360917229000000,127.0,86.18666666666667,rule_v1
kettle,1361004475000000,1361004589000000,114.0,77.635,rule_v1
kettle,1361006092000000,1361006140000000,48.0,35.50333333333333,rule_v1
kettle,1361023495000000,1361023609000000,114.0,83.13666666666667,rule_v1
kettle,1361032771000000,1361032918000000,147.0,98.4413888888889,rule_v1
kettle,1361033553000000,1361033583000000,30.0,23.58416666666667,rule_v1
kettle,1361092106000000,1361092226000000,120.0,82.80888888888889,rule_v1
kettle,1361115814000000,1361115924000000,110.0,76.96805555555555,rule_v1
kettle,1361120511000000,1361120652000000,141.0,96.21972222222222,rule_v1
kettle,1361121413000000,1361121449000000,36.0,27.268333333333334,rule_v1
kettle,1361173632000000,1361173764000000,132.0,89.925,rule_v1
kettle,1361186670000000,1361186793000000,123.0,85.24083333333333,rule_v1
kettle,1361189111000000,1361189201000000,90.0,63.73722222222222,rule_v1
kettle,1361193268000000,1361193396000000,128.0,89.53333333333333,rule_v1
kettle,1361206903000000,1361207059000000,156.0,104.24833333333333,rule_v1
kettle,1361260247000000,1361260385000000,138.0,90.365,rule_v1
kettle,1361264153000000,1361264255000000,102.0,70.46833333333333,rule_v1
kettle,1361277761000000,1361277835000000,74.0,53.07138888888889,rule_v1
kettle,1361284286000000,1361284415000000,129.0,88.59194444444445,rule_v1
kettle,1361298006000000,1361298144000000,138.0,91.71,rule_v1
kettle,1361347101000000,1361347215000000,114.0,78.4636111111111,rule_v1
kettle,1361365416000000,1361365470000000,54.0,39.88333333333333,rule_v1
kettle,1361365592000000,1361365671000000,79.0,56.79666666666667,rule_v1
kettle,1361376919000000,1361377011000000,92.0,63.95444444444445,rule_v1
kettle,1361379938000000,1361380047000000,109.0,74.91333333333333,rule_v1
kettle,1361389138000000,1361389276000000,138.0,92.14666666666666,rule_v1
kettle,1361435510000000,1361435624000000,114.0,77.41,rule_v1
kettle,1361436909000000,1361436951000000,42.0,30.995,rule_v1
kettle,1361447520000000,1361447632000000,112.0,75.78277777777778,rule_v1
kettle,1361459712000000,1361459808000000,96.0,67.77666666666667,rule_v1
kettle,1361468586000000,1361468700000000,114.0,76.76805555555555,rule_v1
kettle,1361474023000000,1361474210000000,187.0,124.78111111111112,rule_v1
kettle,1361474847000000,1361474958000000,111.0,75.49111111111111,rule_v1
kettle,1361522170000000,1361522296000000,126.0,87.8975,rule_v1
kettle,1361523496000000,1361523586000000,90.0,64.92666666666666,rule_v1
kettle,1361534113000000,1361534263000000,150.0,102.60333333333334,rule_v1
kettle,1361539044000000,1361539183000000,139.0,96.26972222222223,rule_v1
kettle,1361552374000000,1361552494000000,120.0,80.32333333333334,rule_v1
kettle,1361611367000000,1361611494000000,127.0,85.045,rule_v1
kettle,1361614819000000,1361614911000000,92.0,62.48222222222222,rule_v1
kettle,1361623102000000,1361623246000000,144.0,98.04666666666667,rule_v1
kettle,1361628611000000,1361628727000000,116.0,74.74861111111112,rule_v1
kettle,1361696426000000,1361696568000000,142.0,96.26138888888889,rule_v1
kettle,1361707728000000,1361707837000000,109.0,75.41111111111111,rule_v1
kettle,1361708234000000,1361708311000000,77.0,53.408611111111114,rule_v1
kettle,1361727072000000,1361727176000000,104.0,71.94361111111111,rule_v1
kettle,1361778401000000,1361778544000000,143.0,98.97777777777777,rule_v1
kettle,1361779236000000,1361779333000000,97.0,68.85111111111111,rule_v1
kettle,1361793435000000,1361793579000000,144.0,97.90333333333334,rule_v1
kettle,1361797189000000,1361797253000000,64.0,46.10861111111111,rule_v1
kettle,1361813618000000,1361813747000000,129.0,86.3963888888889,rule_v1
kettle,1361815524000000,1361815608000000,84.0,59.78805555555556,rule_v1
kettle,1361865330000000,1361865457000000,127.0,84.56666666666666,rule_v1
kettle,1361867236000000,1361867350000000,114.0,76.89666666666666,rule_v1
kettle,1361898592000000,1361898735000000,143.0,94.7688888888889,rule_v1
kettle,1361904266000000,1361904395000000,129.0,86.62388888888889,rule_v1
kettle,1361949693000000,1361949784000000,91.0,64.02916666666667,rule_v1
kettle,1361953591000000,1361953702000000,111.0,76.45944444444444,rule_v1
kettle,1361971079000000,1361971241000000,162.0,110.92694444444444,rule_v1
kettle,1361972086000000,1361972118000000,32.0,25.981666666666666,rule_v1
kettle,1361985053000000,1361985182000000,129.0,89.7911111111111,rule_v1
kettle,1361987389000000,1361987525000000,136.0,92.81611111111111,rule_v1
kettle,1362037549000000,1362037646000000,97.0,68.17861111111111,rule_v1
kettle,1362039452000000,1362039542000000,90.0,62.185,rule_v1
kettle,1362062668000000,1362062791000000,123.0,85.3725,rule_v1
kettle,1362072160000000,1362072301000000,141.0,95.17055555555555,rule_v1
kettle,1362072373000000,1362072452000000,79.0,54.602222222222224,rule_v1
kettle,1362125288000000,1362125405000000,117.0,81.63194444444444,rule_v1
kettle,1362126579000000,1362126696000000,117.0,78.16638888888889,rule_v1
kettle,1362140146000000,1362140256000000,110.0,75.45583333333333,rule_v1
kettle,1362141322000000,1362141387000000,65.0,47.04805555555556,rule_v1
kettle,1362144043000000,1362144159000000,116.0,79.55166666666666,rule_v1
kettle,1362157867000000,1362158035000000,168.0,111.57388888888889,rule_v1
kettle,1362158171000000,1362158281000000,110.0,75.38666666666667,rule_v1
kettle,1362162028000000,1362162105000000,77.0,53.77722222222222,rule_v1
kettle,1362210904000000,1362211022000000,118.0,82.88111111111111,rule_v1
kettle,1362215269000000,1362215379000000,110.0,75.23194444444445,rule_v1
kettle,1362225311000000,1362225421000000,110.0,76.1211111111111,rule_v1
kettle,1362227906000000,1362228004000000,98.0,69.56527777777778,rule_v1
kettle,1362235165000000,1362235300000000,135.0,92.54888888888888,rule_v1
kettle,1362245276000000,1362245449000000,173.0,114.63444444444444,rule_v1
kettle,1362297346000000,1362297516000000,170.0,115.83083333333333,rule_v1
kettle,1362307150000000,1362307266000000,116.0,79.45805555555556,rule_v1
kettle,1362311104000000,1362311174000000,70.0,49.16638888888889,rule_v1
kettle,1362312190000000,1362312241000000,51.0,37.34888888888889,rule_v1
kettle,1362344072000000,1362344188000000,116.0,78.30916666666667,rule_v1
kettle,1362345604000000,1362345714000000,110.0,73.62277777777778,rule_v1
kettle,1362382748000000,1362382917000000,169.0,114.64055555555555,rule_v1
kettle,1362383817000000,1362383855000000,38.0,29.490277777777777,rule_v1
kettle,1362421482000000,1362421572000000,90.0,62.36694444444444,rule_v1
kettle,1362432983000000,1362433099000000,116.0,80.22583333333333,rule_v1
kettle,1362468324000000,1362468461000000,137.0,93.90444444444445,rule_v1
kettle,1362508452000000,1362508575000000,123.0,83.61027777777778,rule_v1
kettle,1362519732000000,1362519849000000,117.0,79.875,rule_v1
kettle,1362557439000000,1362557517000000,78.0,55.83833333333333,rule_v1
kettle,1362558253000000,1362558381000000,128.0,80.6713888888889,rule_v1
kettle,1362593264000000,1362593376000000,112.0,76.14361111111111,rule_v1
kettle,1362600476000000,1362600624000000,148.0,98.62833333333333,rule_v1
kettle,1362607384000000,1362607481000000,97.0,66.37555555555555,rule_v1
kettle,1362639122000000,1362639243000000,121.0,82.49527777777777,rule_v1
kettle,1362641841000000,1362641969000000,128.0,86.78555555555556,rule_v1
kettle,1362657360000000,1362657516000000,156.0,106.62694444444445,rule_v1
kettle,1362677287000000,1362677438000000,151.0,102.65777777777778,rule_v1
kettle,1362687034000000,1362687144000000,110.0,75.2838888888889,rule_v1
kettle,1362725144000000,1362725228000000,84.0,59.6175,rule_v1
kettle,1362728883000000,1362729038000000,155.0,103.36861111111111,rule_v1
kettle,1362734653000000,1362734743000000,90.0,63.095555555555556,rule_v1
kettle,1362761916000000,1362762170000000,254.0,168.2763888888889,rule_v1
kettle,1362767052000000,1362767188000000,136.0,92.13444444444444,rule_v1
kettle,1362768232000000,1362768270000000,38.0,28.8075,rule_v1
kettle,1362813279000000,1362813412000000,133.0,90.91694444444444,rule_v1
kettle,1362814846000000,1362814889000000,43.0,32.87888888888889,rule_v1
kettle,1362998487000000,1362998622000000,135.0,93.745,rule_v1
kettle,1362999177000000,1362999297000000,120.0,83.08,rule_v1
kettle,1363008466000000,1363008706000000,240.0,162.75166666666667,rule_v1
kettle,1363036856000000,1363036971000000,115.0,76.86722222222222,rule_v1
kettle,1363038146000000,1363038236000000,90.0,61.028333333333336,rule_v1
kettle,1363072780000000,1363073043000000,263.0,146.50305555555556,rule_v1
kettle,1363108461000000,1363108625000000,164.0,108.65666666666667,rule_v1
kettle,1363161108000000,1363161244000000,136.0,94.99333333333334,rule_v1
kettle,1363162844000000,1363162953000000,109.0,75.81472222222222,rule_v1
kettle,1363184628000000,1363184857000000,229.0,152.8336111111111,rule_v1
kettle,1363199224000000,1363199328000000,104.0,70.56361111111111,rule_v1
kettle,1363248124000000,1363248263000000,139.0,95.75305555555556,rule_v1
kettle,1363262430000000,1363262586000000,156.0,107.18222222222222,rule_v1
kettle,1363266870000000,1363266968000000,98.0,69.24138888888889,rule_v1
kettle,1363281080000000,1363281183000000,103.0,71.56583333333333,rule_v1
kettle,1363285365000000,1363285456000000,91.0,65.21777777777778,rule_v1
kettle,1363333311000000,1363333411000000,100.0,71.12166666666667,rule_v1
kettle,1363334890000000,1363335002000000,112.0,77.43722222222222,rule_v1
kettle,1363372926000000,1363373060000000,134.0,89.05611111111111,rule_v1
kettle,1363385332000000,1363385386000000,54.0,21.40972222222222,rule_v1
kettle,1363423860000000,1363423978000000,118.0,82.84666666666666,rule_v1
kettle,1363425120000000,1363425210000000,90.0,62.169444444444444,rule_v1
kettle,1363435563000000,1363435660000000,97.0,67.9525,rule_v1
kettle,1363441113000000,1363441189000000,76.0,53.42055555555555,rule_v1
kettle,1363445201000000,1363445290000000,89.0,61.57805555555556,rule_v1
kettle,1363453349000000,1363453469000000,120.0,81.56861111111111,rule_v1
kettle,1363463931000000,1363464072000000,141.0,94.52638888888889,rule_v1
kettle,1363505197000000,1363505301000000,104.0,71.86583333333333,rule_v1
kettle,1363507650000000,1363507707000000,57.0,41.309444444444445,rule_v1
kettle,1363522811000000,1363522922000000,111.0,73.05527777777777,rule_v1
kettle,1363527596000000,1363527702000000,106.0,65.96583333333334,rule_v1
kettle,1363534796000000,1363534892000000,96.0,67.47194444444445,rule_v1
kettle,1363539452000000,1363539602000000,150.0,98.81861111111111,rule_v1
kettle,1363542822000000,1363542877000000,55.0,38.98722222222222,rule_v1
kettle,1363553139000000,1363553236000000,97.0,66.70055555555555,rule_v1
kettle,1363589858000000,1363589974000000,116.0,80.03444444444445,rule_v1
kettle,1363595213000000,1363595320000000,107.0,73.50305555555556,rule_v1
kettle,1363605449000000,1363605608000000,159.0,109.01333333333334,rule_v1
kettle,1363630593000000,1363630766000000,173.0,116.76222222222222,rule_v1
kettle,1363631681000000,1363631760000000,79.0,50.140277777777776,rule_v1
kettle,1363642830000000,1363642916000000,86.0,60.25083333333333,rule_v1
kettle,1363676499000000,1363676685000000,186.0,91.36166666666666,rule_v1
kettle,1363679048000000,1363679178000000,130.0,89.11305555555556,rule_v1
kettle,1363690206000000,1363690345000000,139.0,96.3536111111111,rule_v1
kettle,1363690755000000,1363690834000000,79.0,55.730555555555554,rule_v1
kettle,1363718151000000,1363718255000000,104.0,70.47222222222223,rule_v1
kettle,1363719522000000,1363719577000000,55.0,39.0575,rule_v1
kettle,1363762927000000,1363763032000000,105.0,72.54305555555555,rule_v1
kettle,1363766174000000,1363766304000000,130.0,89.83527777777778,rule_v1
kettle,1363779761000000,1363779857000000,96.0,67.04138888888889,rule_v1
kettle,1363782622000000,1363782714000000,92.0,64.22888888888889,rule_v1
kettle,1363791190000000,1363791305000000,115.0,81.0338888888889,rule_v1
kettle,1363801647000000,1363801783000000,136.0,92.15388888888889,rule_v1
kettle,1363852591000000,1363852735000000,144.0,99.4025,rule_v1
kettle,1363856659000000,1363856732000000,73.0,56.193888888888885,rule_v1
kettle,1363874609000000,1363874735000000,126.0,87.33416666666666,rule_v1
kettle,1363875833000000,1363875926000000,93.0,65.23277777777778,rule_v1
kettle,1363885646000000,1363885768000000,122.0,83.06305555555555,rule_v1
kettle,1363895016000000,1363895162000000,146.0,99.19416666666666,rule_v1
kettle,1363938218000000,1363938374000000,156.0,86.42861111111111,rule_v1
kettle,1363943978000000,1363944128000000,150.0,102.85444444444444,rule_v1
kettle,1363952574000000,1363952702000000,128.0,87.52388888888889,rule_v1
kettle,1363970599000000,1363970714000000,115.0,79.54194444444444,rule_v1
kettle,1363975776000000,1363975855000000,79.0,55.415277777777774,rule_v1
kettle,1363977696000000,1363977788000000,92.0,62.90138888888889,rule_v1
kettle,1364024726000000,1364024846000000,120.0,82.00333333333333,rule_v1
kettle,1364056928000000,1364057032000000,104.0,68.60027777777778,rule_v1
kettle,1364057611000000,1364057721000000,110.0,74.52055555555556,rule_v1
kettle,1364111917000000,1364112047000000,130.0,90.25555555555556,rule_v1
kettle,1364116545000000,1364116615000000,70.0,49.7875,rule_v1
kettle,1364126275000000,1364126438000000,163.0,109.10166666666667,rule_v1
kettle,1364129299000000,1364129419000000,120.0,82.82555555555555,rule_v1
kettle,1364196301000000,1364196396000000,95.0,66.25916666666667,rule_v1
kettle,1364198716000000,1364198839000000,123.0,83.28194444444445,rule_v1
kettle,1364208209000000,1364208379000000,170.0,115.42611111111111,rule_v1
kettle,1364228078000000,1364228297000000,219.0,148.14805555555554,rule_v1
kettle,1364281586000000,1364281697000000,111.0,77.53027777777778,rule_v1
kettle,1364283262000000,1364283376000000,114.0,80.7136111111111,rule_v1
kettle,1364297595000000,1364297778000000,183.0,123.30388888888889,rule_v1
kettle,1364300283000000,1364300369000000,86.0,61.55111111111111,rule_v1
kettle,1364305372000000,1364305506000000,134.0,93.94111111111111,rule_v1
kettle,1364317478000000,1364317661000000,183.0,125.17972222222222,rule_v1
kettle,1364330620000000,1364330716000000,96.0,67.37833333333333,rule_v1
kettle,1364373382000000,1364373448000000,66.0,47.833888888888886,rule_v1
kettle,1364375231000000,1364375351000000,120.0,83.67305555555555,rule_v1
kettle,1364401198000000,1364401352000000,154.0,102.82583333333334,rule_v1
kettle,1364404624000000,1364404735000000,111.0,76.5988888888889,rule_v1
kettle,1364457977000000,1364458136000000,159.0,107.665,rule_v1
kettle,1364472632000000,1364472786000000,154.0,103.97333333333333,rule_v1
kettle,1364486639000000,1364486749000000,110.0,75.87055555555555,rule_v1
kettle,1364489968000000,1364490130000000,162.0,111.86472222222223,rule_v1
kettle,1364501272000000,1364501417000000,145.0,95.0286111111111,rule_v1
kettle,1364539908000000,1364540024000000,116.0,80.00472222222223,rule_v1
kettle,1364540606000000,1364540682000000,76.0,53.37555555555556,rule_v1
kettle,1364885505000000,1364885627000000,122.0,85.07111111111111,rule_v1
kettle,1364887879000000,1364887998000000,119.0,78.68333333333334,rule_v1
kettle,1364902187000000,1364902296000000,109.0,78.46111111111111,rule_v1
kettle,1364919073000000,1364919239000000,166.0,110.88666666666667,rule_v1
kettle,1364922364000000,1364922483000000,119.0,83.66472222222222,rule_v1
kettle,1364928733000000,1364929021000000,288.0,156.12777777777777,rule_v1
kettle,1364974952000000,1364975084000000,132.0,90.14027777777778,rule_v1
kettle,1364986459000000,1364986587000000,128.0,88.82527777777777,rule_v1
kettle,1364992685000000,1364992815000000,130.0,88.91416666666667,rule_v1
kettle,1364993606000000,1364993675000000,69.0,49.49111111111111,rule_v1
kettle,1364996213000000,1364996284000000,71.0,52.495555555555555,rule_v1
kettle,1365005361000000,1365005465000000,104.0,71.81527777777778,rule_v1
kettle,1365006604000000,1365006707000000,103.0,70.65222222222222,rule_v1
kettle,1365011538000000,1365011736000000,198.0,129.67277777777778,rule_v1
kettle,1365061034000000,1365061132000000,98.0,69.00555555555556,rule_v1
kettle,1365061374000000,1365061446000000,72.0,51.834722222222226,rule_v1
kettle,1365074828000000,1365074943000000,115.0,80.71388888888889,rule_v1
kettle,1365079507000000,1365079617000000,110.0,78.46416666666667,rule_v1
kettle,1365097120000000,1365097229000000,109.0,75.10777777777778,rule_v1
kettle,1365147254000000,1365147365000000,111.0,78.15638888888888,rule_v1
kettle,1365148782000000,1365148872000000,90.0,63.74722222222222,rule_v1
kettle,1365161109000000,1365161259000000,150.0,103.21111111111111,rule_v1
kettle,1365161345000000,1365161489000000,144.0,98.32333333333334,rule_v1
kettle,1365166554000000,1365166636000000,82.0,58.77388888888889,rule_v1
kettle,1365178965000000,1365179079000000,114.0,79.47972222222222,rule_v1
kettle,1365236642000000,1365236776000000,134.0,90.85638888888889,rule_v1
kettle,1365237612000000,1365237697000000,85.0,59.1225,rule_v1
kettle,1365259796000000,1365259905000000,109.0,75.68666666666667,rule_v1
kettle,1365264971000000,1365265050000000,79.0,55.04083333333333,rule_v1
kettle,1365319027000000,1365319147000000,120.0,82.91277777777778,rule_v1
kettle,1365319797000000,1365319827000000,30.0,23.69333333333333,rule_v1
kettle,1365326274000000,1365326406000000,132.0,88.3275,rule_v1
kettle,1365344865000000,1365344960000000,95.0,67.98527777777778,rule_v1
kettle,1365350396000000,1365350518000000,122.0,83.55222222222223,rule_v1
kettle,1365356207000000,1365356293000000,86.0,57.701388888888886,rule_v1
kettle,1365403283000000,1365403396000000,113.0,77.78194444444445,rule_v1
kettle,1365403588000000,1365403661000000,73.0,52.84361111111111,rule_v1
kettle,1365422506000000,1365422629000000,123.0,85.65333333333334,rule_v1
kettle,1365423804000000,1365423848000000,44.0,33.73888888888889,rule_v1
kettle,1365435355000000,1365435439000000,84.0,58.87583333333333,rule_v1
kettle,1365439001000000,1365439110000000,109.0,75.47444444444444,rule_v1
kettle,1365445326000000,1365445440000000,114.0,75.86888888888889,rule_v1
kettle,1365446982000000,1365447123000000,141.0,93.43722222222222,rule_v1
kettle,1365494913000000,1365495007000000,94.0,66.79527777777778,rule_v1
kettle,1365495550000000,1365495651000000,101.0,71.51166666666667,rule_v1
kettle,1365506552000000,1365506649000000,97.0,68.03333333333333,rule_v1
kettle,1365511791000000,1365511891000000,100.0,73.93055555555556,rule_v1
kettle,1365518968000000,1365519048000000,80.0,58.04638888888889,rule_v1
kettle,1365523653000000,1365523774000000,121.0,83.43277777777777,rule_v1
kettle,1365540035000000,1365540173000000,138.0,94.46111111111111,rule_v1
kettle,1365578204000000,1365578327000000,123.0,89.19694444444444,rule_v1
kettle,1365578460000000,1365578503000000,43.0,45.41361111111111,rule_v1
kettle,1365592958000000,1365593211000000,253.0,169.37722222222223,rule_v1
kettle,1365621234000000,1365621345000000,111.0,75.01444444444445,rule_v1
kettle,1365627768000000,1365627894000000,126.0,86.74861111111112,rule_v1
kettle,1365664162000000,1365664271000000,109.0,74.84138888888889,rule_v1
kettle,1365672504000000,1365672608000000,104.0,72.05583333333334,rule_v1
kettle,1365677970000000,1365678117000000,147.0,100.90805555555555,rule_v1
kettle,1365683291000000,1365683420000000,129.0,88.85027777777778,rule_v1
kettle,1365699043000000,1365699121000000,78.0,54.78805555555556,rule_v1
kettle,1365749763000000,1365749883000000,120.0,82.51583333333333,rule_v1
kettle,1365750167000000,1365750245000000,78.0,54.69444444444444,rule_v1
kettle,1365751306000000,1365751345000000,39.0,30.493333333333332,rule_v1
kettle,1365760627000000,1365760777000000,150.0,101.96194444444444,rule_v1
kettle,1365787374000000,1365787448000000,74.0,53.82,rule_v1
kettle,1365838308000000,1365838428000000,120.0,82.22805555555556,rule_v1
kettle,1365855479000000,1365855572000000,93.0,65.79805555555555,rule_v1
kettle,1365866023000000,1365866125000000,102.0,71.64444444444445,rule_v1
kettle,1365869626000000,1365869750000000,124.0,85.35472222222222,rule_v1
kettle,1365871717000000,1365871823000000,106.0,71.87027777777777,rule_v1
kettle,1365925072000000,1365925218000000,146.0,100.23944444444444,rule_v1
kettle,1365926003000000,1365926043000000,40.0,31.406388888888888,rule_v1
kettle,1365952734000000,1365952810000000,76.0,53.46666666666667,rule_v1
kettle,1365958598000000,1365958714000000,116.0,79.31472222222222,rule_v1
kettle,1365966712000000,1365966796000000,84.0,61.47666666666667,rule_v1
kettle,1366007806000000,1366007917000000,111.0,78.29777777777778,rule_v1
kettle,1366008124000000,1366008211000000,87.0,62.88666666666666,rule_v1
kettle,1366018289000000,1366018386000000,97.0,66.90694444444445,rule_v1
kettle,1366026392000000,1366026501000000,109.0,74.72277777777778,rule_v1
kettle,1366046389000000,1366046492000000,103.0,68.50777777777778,rule_v1
kettle,1366047497000000,1366047555000000,58.0,42.090555555555554,rule_v1
kettle,1366057849000000,1366057927000000,78.0,59.55972222222222,rule_v1
kettle,1366093251000000,1366093362000000,111.0,76.465,rule_v1
kettle,1366094463000000,1366094541000000,78.0,53.882777777777775,rule_v1
kettle,1366105234000000,1366105391000000,157.0,106.29388888888889,rule_v1
kettle,1366131924000000,1366132012000000,88.0,62.31916666666667,rule_v1
kettle,1366144926000000,1366145045000000,119.0,80.17472222222223,rule_v1
kettle,1366184735000000,1366184853000000,118.0,82.4161111111111,rule_v1
kettle,1366192494000000,1366192579000000,85.0,60.50388888888889,rule_v1
kettle,1366203575000000,1366203676000000,101.0,70.59472222222222,rule_v1
kettle,1366215798000000,1366215929000000,131.0,88.89472222222223,rule_v1
kettle,1366267728000000,1366267846000000,118.0,80.14805555555556,rule_v1
kettle,1366286368000000,1366286485000000,117.0,81.81888888888889,rule_v1
kettle,1366288288000000,1366288335000000,47.0,35.150555555555556,rule_v1
kettle,1366302165000000,1366302289000000,124.0,87.82,rule_v1
kettle,1366355931000000,1366356048000000,117.0,82.96416666666667,rule_v1
kettle,1366362433000000,1366362525000000,92.0,64.05277777777778,rule_v1
kettle,1366363089000000,1366363180000000,91.0,63.53055555555556,rule_v1
kettle,1366369655000000,1366369782000000,127.0,86.04722222222222,rule_v1
kettle,1366387401000000,1366387525000000,124.0,83.6686111111111,rule_v1
kettle,1366392715000000,1366392825000000,110.0,77.55277777777778,rule_v1
kettle,1366397026000000,1366397143000000,117.0,80.88305555555556,rule_v1
kettle,1366438467000000,1366438617000000,150.0,103.00527777777778,rule_v1
kettle,1366444801000000,1366445029000000,228.0,156.62194444444444,rule_v1
kettle,1366467071000000,1366467175000000,104.0,72.945,rule_v1
kettle,1366468211000000,1366468249000000,38.0,32.89222222222222,rule_v1
kettle,1366473197000000,1366473290000000,93.0,64.24,rule_v1
kettle,1366527067000000,1366527202000000,135.0,86.96694444444445,rule_v1
kettle,1366547187000000,1366547324000000,137.0,92.77583333333334,rule_v1
kettle,1366549383000000,1366549439000000,56.0,42.269444444444446,rule_v1
kettle,1366556417000000,1366556479000000,62.0,41.74472222222222,rule_v1
kettle,1366563842000000,1366564054000000,212.0,138.5525,rule_v1
kettle,1366613822000000,1366613921000000,99.0,71.74666666666667,rule_v1
kettle,1366635439000000,1366635623000000,184.0,126.55638888888889,rule_v1
kettle,1366640387000000,1366640521000000,134.0,91.84027777777777,rule_v1
kettle,1366653540000000,1366653667000000,127.0,86.49666666666667,rule_v1
kettle,1366654078000000,1366654148000000,70.0,50.03111111111111,rule_v1
kettle,1366655930000000,1366656028000000,98.0,69.83555555555556,rule_v1
kettle,1366699374000000,1366699478000000,104.0,73.5375,rule_v1
kettle,1366719205000000,1366719406000000,201.0,173.71444444444444,rule_v1
kettle,1366734630000000,1366734768000000,138.0,98.72805555555556,rule_v1
kettle,1366737320000000,1366737379000000,59.0,46.99194444444444,rule_v1
kettle,1366787096000000,1366787223000000,127.0,88.37944444444445,rule_v1
kettle,1366787802000000,1366787833000000,31.0,25.768055555555556,rule_v1
kettle,1366800918000000,1366801008000000,90.0,63.855555555555554,rule_v1
kettle,1366805809000000,1366805893000000,84.0,59.475,rule_v1
kettle,1366806567000000,1366806620000000,53.0,39.84861111111111,rule_v1
kettle,1366823363000000,1366823451000000,88.0,62.94277777777778,rule_v1
kettle,1366870258000000,1366870369000000,111.0,84.84222222222222,rule_v1
kettle,1366871417000000,1366871521000000,104.0,74.21972222222222,rule_v1
kettle,1366879409000000,1366879505000000,96.0,66.88583333333334,rule_v1
kettle,1366906999000000,1366907278000000,279.0,184.69416666666666,rule_v1
kettle,1366957258000000,1366957349000000,91.0,63.318888888888885,rule_v1
kettle,1366978270000000,1366978439000000,169.0,117.35777777777778,rule_v1
kettle,1366980756000000,1366980830000000,74.0,53.94166666666667,rule_v1
kettle,1366996334000000,1366996436000000,102.0,70.50916666666667,rule_v1
kettle,1367046695000000,1367046827000000,132.0,90.30222222222223,rule_v1
kettle,1367067195000000,1367067322000000,127.0,88.30555555555556,rule_v1
kettle,1367080732000000,1367080807000000,75.0,56.36638888888889,rule_v1
kettle,1367082306000000,1367082411000000,105.0,73.57527777777777,rule_v1
kettle,1367136450000000,1367136578000000,128.0,88.48861111111111,rule_v1
kettle,1367137620000000,1367137660000000,40.0,29.96361111111111,rule_v1
kettle,1367149788000000,1367149911000000,123.0,85.66111111111111,rule_v1
kettle,1367152138000000,1367152235000000,97.0,67.83583333333333,rule_v1
kettle,1367166028000000,1367166161000000,133.0,90.71,rule_v1
kettle,1367166248000000,1367166338000000,90.0,61.35944444444444,rule_v1
kettle,1367215442000000,1367215494000000,52.0,38.8325,rule_v1
kettle,1367221137000000,1367221267000000,130.0,88.87333333333333,rule_v1
kettle,1367244621000000,1367244719000000,98.0,71.0,rule_v1
kettle,1367252932000000,1367253054000000,122.0,82.57722222222222,rule_v1
kettle,1367261214000000,1367261303000000,89.0,61.88111111111111,rule_v1
kettle,1367304297000000,1367304388000000,91.0,64.8625,rule_v1
kettle,1367315192000000,1367315324000000,132.0,92.80555555555556,rule_v1
kettle,1367341672000000,1367341837000000,165.0,111.65638888888888,rule_v1
kettle,1367386009000000,1367386112000000,103.0,71.89444444444445,rule_v1
kettle,1367390584000000,1367390680000000,96.0,68.45666666666666,rule_v1
kettle,1367409789000000,1367409923000000,134.0,93.91666666666667,rule_v1
kettle,1367410268000000,1367410351000000,83.0,59.821666666666665,rule_v1
kettle,1367411680000000,1367411761000000,81.0,57.50611111111111,rule_v1
kettle,1367418877000000,1367418923000000,46.0,34.23861111111111,rule_v1
kettle,1367424952000000,1367425031000000,79.0,56.70722222222222,rule_v1
kettle,1367473911000000,1367474004000000,93.0,66.52638888888889,rule_v1
kettle,1367475719000000,1367475818000000,99.0,71.31444444444445,rule_v1
kettle,1367491827000000,1367491926000000,99.0,68.83333333333333,rule_v1
kettle,1367500466000000,1367500554000000,88.0,62.458888888888886,rule_v1
kettle,1367501450000000,1367501522000000,72.0,51.790277777777774,rule_v1
kettle,1367559433000000,1367559517000000,84.0,60.26166666666666,rule_v1
kettle,1367564003000000,1367564114000000,111.0,78.02027777777778,rule_v1
kettle,1367601522000000,1367601633000000,111.0,75.06055555555555,rule_v1
kettle,1367648904000000,1367648990000000,86.0,62.77916666666667,rule_v1
kettle,1367651261000000,1367651364000000,103.0,72.20972222222223,rule_v1
kettle,1367672909000000,1367672997000000,88.0,63.07972222222222,rule_v1
kettle,1367687077000000,1367687177000000,100.0,70.08361111111111,rule_v1
kettle,1367735707000000,1367735819000000,112.0,80.30833333333334,rule_v1
kettle,1367742718000000,1367742781000000,63.0,50.21611111111111,rule_v1
kettle,1367749272000000,1367749424000000,152.0,100.74861111111112,rule_v1
kettle,1367749690000000,1367749785000000,95.0,67.47277777777778,rule_v1
kettle,1367752958000000,1367753062000000,104.0,68.86694444444444,rule_v1
kettle,1367753419000000,1367753466000000,47.0,35.54611111111111,rule_v1
kettle,1367821551000000,1367821651000000,100.0,67.42277777777778,rule_v1
kettle,1367822608000000,1367822694000000,86.0,60.79333333333334,rule_v1
kettle,1367905905000000,1367905989000000,84.0,60.75333333333333,rule_v1
kettle,1367907900000000,1367907970000000,70.0,50.99666666666667,rule_v1
kettle,1367948828000000,1367948899000000,71.0,50.31361111111111,rule_v1
kettle,1367990648000000,1367990767000000,119.0,82.77305555555556,rule_v1
kettle,1368016343000000,1368016426000000,83.0,57.81333333333333,rule_v1
kettle,1368038778000000,1368038887000000,109.0,73.46388888888889,rule_v1
kettle,1368084353000000,1368084453000000,100.0,70.17694444444444,rule_v1
kettle,1368101207000000,1368101280000000,73.0,51.47222222222222,rule_v1
kettle,1368117327000000,1368117365000000,38.0,28.514722222222222,rule_v1
kettle,1368171601000000,1368171698000000,97.0,68.80472222222222,rule_v1
kettle,1368188848000000,1368188946000000,98.0,68.75638888888889,rule_v1
kettle,1368209733000000,1368209841000000,108.0,80.45361111111112,rule_v1
kettle,1368256175000000,1368256252000000,77.0,54.53777777777778,rule_v1
kettle,1368261349000000,1368261438000000,89.0,60.598333333333336,rule_v1
kettle,1368269032000000,1368269229000000,197.0,136.44611111111112,rule_v1
kettle,1368283090000000,1368283214000000,124.0,110.19166666666666,rule_v1
kettle,1368285401000000,1368285540000000,139.0,95.61805555555556,rule_v1
kettle,1368344659000000,1368344755000000,96.0,67.21111111111111,rule_v1
kettle,1368345818000000,1368345892000000,74.0,52.54222222222222,rule_v1
kettle,1368370285000000,1368370405000000,120.0,84.16666666666667,rule_v1
kettle,1368383682000000,1368383767000000,85.0,59.268055555555556,rule_v1
kettle,1368427252000000,1368427339000000,87.0,61.69583333333333,rule_v1
kettle,1368428451000000,1368428530000000,79.0,56.25972222222222,rule_v1
kettle,1368459139000000,1368459375000000,236.0,158.0286111111111,rule_v1
kettle,1368516530000000,1368516654000000,124.0,85.68222222222222,rule_v1
kettle,1368517960000000,1368518014000000,54.0,39.549166666666665,rule_v1
kettle,1368520047000000,1368520098000000,51.0,38.72944444444445,rule_v1
kettle,1368526120000000,1368526214000000,94.0,67.2275,rule_v1
kettle,1368527935000000,1368528159000000,224.0,150.09777777777776,rule_v1
kettle,1368531094000000,1368531180000000,86.0,66.32222222222222,rule_v1
kettle,1368599710000000,1368599839000000,129.0,86.91277777777778,rule_v1
kettle,1368617172000000,1368617296000000,124.0,85.00972222222222,rule_v1
kettle,1368623217000000,1368623301000000,84.0,59.51583333333333,rule_v1
kettle,1368637154000000,1368637245000000,91.0,67.60666666666667,rule_v1
kettle,1368684463000000,1368684578000000,115.0,79.52166666666666,rule_v1
kettle,1368685827000000,1368685893000000,66.0,47.36694444444444,rule_v1
kettle,1368687199000000,1368687257000000,58.0,42.41972222222222,rule_v1
kettle,1368702526000000,1368702800000000,274.0,182.21944444444443,rule_v1
kettle,1368720386000000,1368720606000000,220.0,146.55166666666668,rule_v1
kettle,1368721193000000,1368721226000000,33.0,26.000833333333333,rule_v1
kettle,1368730353000000,1368730486000000,133.0,91.29138888888889,rule_v1
kettle,1368737233000000,1368737310000000,77.0,53.65222222222222,rule_v1
kettle,1368773886000000,1368773970000000,84.0,68.1061111111111,rule_v1
kettle,1368775707000000,1368775779000000,72.0,51.68055555555556,rule_v1
kettle,1368777247000000,1368777334000000,87.0,61.285,rule_v1
kettle,1368780108000000,1368780233000000,125.0,86.335,rule_v1
kettle,1368794532000000,1368794605000000,73.0,52.763888888888886,rule_v1
kettle,1368803921000000,1368804007000000,86.0,60.485,rule_v1
kettle,1368862309000000,1368862419000000,110.0,75.635,rule_v1
kettle,1368863243000000,1368863328000000,85.0,59.67888888888889,rule_v1
kettle,1368880936000000,1368881061000000,125.0,86.59611111111111,rule_v1
kettle,1368883143000000,1368883236000000,93.0,65.1463888888889,rule_v1
kettle,1368897078000000,1368897191000000,113.0,75.84027777777777,rule_v1
kettle,1368909268000000,1368909408000000,140.0,96.75833333333334,rule_v1
kettle,1368947614000000,1368947717000000,103.0,72.0911111111111,rule_v1
kettle,1368949212000000,1368949284000000,72.0,52.05027777777778,rule_v1
kettle,1368949699000000,1368949752000000,53.0,39.30277777777778,rule_v1
kettle,1368960085000000,1368960210000000,125.0,86.2538888888889,rule_v1
kettle,1368966555000000,1368966632000000,77.0,53.634166666666665,rule_v1
kettle,1368967432000000,1368967500000000,68.0,48.96472222222222,rule_v1
kettle,1368980914000000,1368981051000000,137.0,93.42222222222222,rule_v1
kettle,1368981302000000,1368981398000000,96.0,66.01944444444445,rule_v1
kettle,1368983390000000,1368983532000000,142.0,96.62833333333333,rule_v1
kettle,1368988730000000,1368988860000000,130.0,88.8675,rule_v1
kettle,1369032270000000,1369032376000000,106.0,76.3013888888889,rule_v1
kettle,1369044834000000,1369044958000000,124.0,83.84416666666667,rule_v1
kettle,1369050671000000,1369050750000000,79.0,56.03611111111111,rule_v1
kettle,1369066770000000,1369066870000000,100.0,68.88138888888889,rule_v1
kettle,1369074394000000,1369074588000000,194.0,130.18083333333334,rule_v1
kettle,1369078326000000,1369078403000000,77.0,53.70388888888889,rule_v1
kettle,1369124026000000,1369124125000000,99.0,71.545,rule_v1
kettle,1369124614000000,1369124695000000,81.0,55.66166666666667,rule_v1
kettle,1369130602000000,1369130716000000,114.0,78.92611111111111,rule_v1
kettle,1369139568000000,1369139641000000,73.0,53.158611111111114,rule_v1
kettle,1369139715000000,1369139876000000,161.0,109.56972222222223,rule_v1
kettle,1369148178000000,1369148289000000,111.0,76.79166666666667,rule_v1
kettle,1369203265000000,1369203364000000,99.0,68.98305555555555,rule_v1
kettle,1369205983000000,1369206075000000,92.0,65.12305555555555,rule_v1
kettle,1369222070000000,1369222167000000,97.0,66.12916666666666,rule_v1
kettle,1369238726000000,1369238830000000,104.0,73.05083333333333,rule_v1
kettle,1369283280000000,1369283420000000,140.0,96.71305555555556,rule_v1
kettle,1369986488000000,1369986591000000,103.0,69.52694444444444,rule_v1
kettle,1370008507000000,1370008608000000,101.0,72.1875,rule_v1
kettle,1370027343000000,1370027455000000,112.0,78.0111111111111,rule_v1
kettle,1370070827000000,1370070902000000,75.0,52.14,rule_v1
kettle,1370090140000000,1370090236000000,96.0,68.15694444444445,rule_v1
kettle,1370112983000000,1370113055000000,72.0,51.67722222222222,rule_v1
kettle,1370113989000000,1370114039000000,50.0,36.46611111111111,rule_v1
kettle,1370161264000000,1370161357000000,93.0,66.18,rule_v1
kettle,1370175663000000,1370175767000000,104.0,76.15777777777778,rule_v1
kettle,1370246658000000,1370246766000000,108.0,74.63972222222222,rule_v1
kettle,1370261789000000,1370262002000000,213.0,145.69055555555556,rule_v1
kettle,1370331351000000,1370331464000000,113.0,77.82666666666667,rule_v1
kettle,1370373343000000,1370373469000000,126.0,86.92111111111112,rule_v1
kettle,1370374660000000,1370374727000000,67.0,48.24388888888889,rule_v1
kettle,1370418206000000,1370418319000000,113.0,80.23722222222223,rule_v1
kettle,1370431621000000,1370431846000000,225.0,138.94944444444445,rule_v1
kettle,1370436222000000,1370436283000000,61.0,44.89194444444445,rule_v1
kettle,1370450273000000,1370450369000000,96.0,66.90944444444445,rule_v1
kettle,1370506509000000,1370506617000000,108.0,75.54805555555555,rule_v1
kettle,1370510795000000,1370510905000000,110.0,76.63277777777778,rule_v1
kettle,1370521907000000,1370522024000000,117.0,79.7461111111111,rule_v1
kettle,1370522204000000,1370522258000000,54.0,39.52861111111111,rule_v1
kettle,1370540432000000,1370540505000000,73.0,53.3925,rule_v1
kettle,1370540824000000,1370540911000000,87.0,60.50527777777778,rule_v1
kettle,1370542765000000,1370542875000000,110.0,77.89611111111111,rule_v1
kettle,1370584393000000,1370584479000000,86.0,62.87972222222222,rule_v1
kettle,1370587437000000,1370587530000000,93.0,63.39,rule_v1
kettle,1370588173000000,1370588228000000,55.0,41.390277777777776,rule_v1
kettle,1370602995000000,1370603083000000,88.0,63.175,rule_v1
kettle,1370617961000000,1370618064000000,103.0,71.51138888888889,rule_v1
kettle,1370630350000000,1370630524000000,174.0,120.25416666666666,rule_v1
kettle,1370677042000000,1370677173000000,131.0,90.37444444444445,rule_v1
kettle,1370691730000000,1370691836000000,106.0,73.3475,rule_v1
kettle,1370703805000000,1370703863000000,58.0,42.25666666666667,rule_v1
kettle,1370710066000000,1370710139000000,73.0,51.31861111111111,rule_v1
kettle,1370721327000000,1370721425000000,98.0,69.22972222222222,rule_v1
kettle,1370759022000000,1370759126000000,104.0,73.735,rule_v1
kettle,1370760127000000,1370760185000000,58.0,42.71333333333333,rule_v1
kettle,1370774830000000,1370774948000000,118.0,77.90694444444445,rule_v1
kettle,1370775680000000,1370775864000000,184.0,96.28416666666666,rule_v1
kettle,1370795195000000,1370795322000000,127.0,86.13277777777778,rule_v1
kettle,1370846624000000,1370846732000000,108.0,75.85555555555555,rule_v1
kettle,1370847218000000,1370847275000000,57.0,42.88166666666667,rule_v1
kettle,1370858410000000,1370858489000000,79.0,56.096111111111114,rule_v1
kettle,1370867969000000,1370868041000000,72.0,51.92916666666667,rule_v1
kettle,1370880283000000,1370880474000000,191.0,131.8925,rule_v1
kettle,1370886488000000,1370886586000000,98.0,69.59805555555556,rule_v1
kettle,1370928040000000,1370928146000000,106.0,75.83972222222222,rule_v1
kettle,1370935475000000,1370935551000000,76.0,54.69444444444444,rule_v1
kettle,1370948002000000,1370948118000000,116.0,78.77916666666667,rule_v1
kettle,1370951536000000,1370951670000000,134.0,92.30083333333333,rule_v1
kettle,1370968234000000,1370968364000000,130.0,90.89361111111111,rule_v1
kettle,1371019670000000,1371019777000000,107.0,75.86861111111111,rule_v1
kettle,1371020054000000,1371020146000000,92.0,64.99333333333334,rule_v1
kettle,1371020871000000,1371020903000000,32.0,25.121666666666666,rule_v1
kettle,1371033926000000,1371034034000000,108.0,75.15305555555555,rule_v1
kettle,1371040305000000,1371040419000000,114.0,79.29666666666667,rule_v1
kettle,1371055310000000,1371055392000000,82.0,57.05972222222222,rule_v1
kettle,1371100788000000,1371100890000000,102.0,72.70722222222223,rule_v1
kettle,1371107850000000,1371107976000000,126.0,86.49472222222222,rule_v1
kettle,1371121376000000,1371121505000000,129.0,88.68722222222222,rule_v1
kettle,1371122298000000,1371122337000000,39.0,30.15388888888889,rule_v1
kettle,1371125171000000,1371125230000000,59.0,43.0575,rule_v1
kettle,1371126500000000,1371126564000000,64.0,50.32611111111111,rule_v1
kettle,1371142314000000,1371142413000000,99.0,68.91388888888889,rule_v1
kettle,1371142985000000,1371143024000000,39.0,29.07111111111111,rule_v1
kettle,1371148156000000,1371148283000000,127.0,88.47611111111111,rule_v1
kettle,1371186292000000,1371186406000000,114.0,77.33111111111111,rule_v1
kettle,1371458517000000,1371458644000000,127.0,89.70916666666666,rule_v1
kettle,1371458895000000,1371458942000000,47.0,35.55027777777778,rule_v1
kettle,1371538523000000,1371538603000000,80.0,58.12777777777778,rule_v1
kettle,1371540070000000,1371540144000000,74.0,50.00666666666667,rule_v1
kettle,1371547398000000,1371547491000000,93.0,66.20833333333333,rule_v1
kettle,1371553642000000,1371553768000000,126.0,85.08666666666667,rule_v1
kettle,1371575813000000,1371575905000000,92.0,66.13055555555556,rule_v1
kettle,1371581751000000,1371581865000000,114.0,77.14305555555555,rule_v1
kettle,1371623736000000,1371623847000000,111.0,74.89138888888888,rule_v1
kettle,1371625748000000,1371625798000000,50.0,37.31305555555556,rule_v1
kettle,1371645650000000,1371645730000000,80.0,54.45583333333333,rule_v1
kettle,1371657866000000,1371657970000000,104.0,72.52777777777777,rule_v1
kettle,1371709126000000,1371709222000000,96.0,69.84861111111111,rule_v1
kettle,1371709745000000,1371709808000000,63.0,45.948055555555555,rule_v1
kettle,1371746398000000,1371746494000000,96.0,65.18222222222222,rule_v1
kettle,1371797207000000,1371797292000000,85.0,59.54416666666667,rule_v1
kettle,1371798208000000,1371798293000000,85.0,58.35472222222222,rule_v1
kettle,1371829023000000,1371829126000000,103.0,71.84611111111111,rule_v1
kettle,1371885039000000,1371885161000000,122.0,84.64666666666666,rule_v1
kettle,1371902722000000,1371902804000000,82.0,58.41888888888889,rule_v1
kettle,1371973918000000,1371974004000000,86.0,61.12222222222222,rule_v1
kettle,1371991982000000,1371992093000000,111.0,75.96583333333334,rule_v1
kettle,1371995671000000,1371995733000000,62.0,45.56916666666667,rule_v1
kettle,1372002114000000,1372002219000000,105.0,72.88444444444444,rule_v1
kettle,1372056538000000,1372056685000000,147.0,104.23611111111111,rule_v1
kettle,1372060271000000,1372060341000000,70.0,51.44833333333333,rule_v1
kettle,1372093621000000,1372093707000000,86.0,59.85527777777778,rule_v1
kettle,1372093829000000,1372093893000000,64.0,45.98583333333333,rule_v1
kettle,1372104417000000,1372104524000000,107.0,73.98472222222222,rule_v1
kettle,1372142293000000,1372142484000000,191.0,105.60111111111111,rule_v1
kettle,1372179961000000,1372180105000000,144.0,100.85583333333334,rule_v1
kettle,1372228662000000,1372228742000000,80.0,56.404444444444444,rule_v1
kettle,1372230593000000,1372230663000000,70.0,48.535555555555554,rule_v1
kettle,1372253396000000,1372253501000000,105.0,73.06944444444444,rule_v1
kettle,1372255103000000,1372255168000000,65.0,47.69888888888889,rule_v1
kettle,1372316437000000,1372316562000000,125.0,84.48638888888888,rule_v1
kettle,1372403707000000,1372403832000000,125.0,87.33166666666666,rule_v1
kettle,1372404810000000,1372404848000000,38.0,28.9575,rule_v1
kettle,1372420171000000,1372420240000000,69.0,48.83416666666667,rule_v1
kettle,1372423260000000,1372423305000000,45.0,35.11555555555555,rule_v1
kettle,1372439651000000,1372439755000000,104.0,71.50805555555556,rule_v1
kettle,1372488058000000,1372488151000000,93.0,65.92583333333333,rule_v1
kettle,1372488969000000,1372489023000000,54.0,40.47972222222222,rule_v1
kettle,1372503943000000,1372504039000000,96.0,68.84055555555555,rule_v1
kettle,1372524390000000,1372524483000000,93.0,64.2063888888889,rule_v1
kettle,1372577325000000,1372577431000000,106.0,72.48722222222223,rule_v1
kettle,1372606962000000,1372607044000000,82.0,57.48,rule_v1
kettle,1372660576000000,1372660704000000,128.0,88.72638888888889,rule_v1
kettle,1372674375000000,1372674487000000,112.0,77.64777777777778,rule_v1
kettle,1372681953000000,1372682012000000,59.0,43.50527777777778,rule_v1
kettle,1372694103000000,1372694205000000,102.0,72.12472222222222,rule_v1
kettle,1372699993000000,1372700123000000,130.0,87.20611111111111,rule_v1
kettle,1372747962000000,1372748065000000,103.0,73.355,rule_v1
kettle,1372748988000000,1372749067000000,79.0,57.12583333333333,rule_v1
kettle,1372761742000000,1372761875000000,133.0,90.54055555555556,rule_v1
kettle,1372778403000000,1372778553000000,150.0,102.62611111111111,rule_v1
kettle,1372832398000000,1372832504000000,106.0,75.73944444444444,rule_v1
kettle,1372833164000000,1372833247000000,83.0,60.129444444444445,rule_v1
kettle,1372834023000000,1372834058000000,35.0,27.61638888888889,rule_v1
kettle,1372845399000000,1372845503000000,104.0,72.54472222222222,rule_v1
kettle,1372862856000000,1372862992000000,136.0,90.76527777777778,rule_v1
kettle,1372918177000000,1372918269000000,92.0,63.329166666666666,rule_v1
kettle,1372923247000000,1372923339000000,92.0,63.483333333333334,rule_v1
kettle,1372957864000000,1372957988000000,124.0,86.48333333333333,rule_v1
kettle,1372966174000000,1372966258000000,84.0,59.378055555555555,rule_v1
kettle,1373007630000000,1373007738000000,108.0,75.93,rule_v1
kettle,1373008792000000,1373008859000000,67.0,47.57194444444445,rule_v1
kettle,1373039041000000,1373039170000000,129.0,88.55777777777777,rule_v1
kettle,1373041930000000,1373042026000000,96.0,69.15833333333333,rule_v1
kettle,1373044642000000,1373044730000000,88.0,62.62416666666667,rule_v1
kettle,1373048925000000,1373049042000000,117.0,77.93388888888889,rule_v1
kettle,1373098113000000,1373098215000000,102.0,72.56416666666667,rule_v1
kettle,1373117047000000,1373117138000000,91.0,63.768055555555556,rule_v1
kettle,1373118527000000,1373118596000000,69.0,48.276944444444446,rule_v1
kettle,1373180383000000,1373180479000000,96.0,67.9825,rule_v1
kettle,1373181945000000,1373182031000000,86.0,53.336666666666666,rule_v1
kettle,1373192619000000,1373192729000000,110.0,74.04416666666667,rule_v1
kettle,1373270253000000,1373270339000000,86.0,60.2825,rule_v1
kettle,1373616904000000,1373617034000000,130.0,90.95416666666667,rule_v1
kettle,1373631053000000,1373631239000000,186.0,125.45694444444445,rule_v1
kettle,1373637991000000,1373638070000000,79.0,56.56166666666667,rule_v1
kettle,1373646012000000,1373646120000000,108.0,74.4486111111111,rule_v1
kettle,1373702960000000,1373703065000000,105.0,74.455,rule_v1
kettle,1373719044000000,1373719148000000,104.0,73.14777777777778,rule_v1
kettle,1373731290000000,1373731457000000,167.0,114.1525,rule_v1
kettle,1373732938000000,1373732970000000,32.0,25.759166666666665,rule_v1
kettle,1373787814000000,1373787909000000,95.0,66.86083333333333,rule_v1
kettle,1373800636000000,1373800724000000,88.0,60.96277777777778,rule_v1
kettle,1373800848000000,1373800923000000,75.0,51.67805555555555,rule_v1
kettle,1373803646000000,1373803725000000,79.0,57.49777777777778,rule_v1
kettle,1373871020000000,1373871130000000,110.0,75.6763888888889,rule_v1
kettle,1373911765000000,1373911980000000,215.0,123.29861111111111,rule_v1
kettle,1373957566000000,1373957660000000,94.0,66.7025,rule_v1
kettle,1373957797000000,1373957869000000,72.0,47.27333333333333,rule_v1
kettle,1373988791000000,1373988938000000,147.0,99.95583333333333,rule_v1
kettle,1373991826000000,1373991877000000,51.0,37.2325,rule_v1
kettle,1374043042000000,1374043163000000,121.0,81.54611111111112,rule_v1
kettle,1374077237000000,1374077368000000,131.0,90.76694444444445,rule_v1
kettle,1374087029000000,1374087143000000,114.0,78.79611111111112,rule_v1
kettle,1374129401000000,1374129523000000,122.0,84.88972222222222,rule_v1
kettle,1374945228000000,1374945362000000,134.0,88.02944444444445,rule_v1
kettle,1374951437000000,1374951570000000,133.0,90.32916666666667,rule_v1
kettle,1374952015000000,1374952077000000,62.0,45.95777777777778,rule_v1
kettle,1374993982000000,1374994082000000,100.0,70.33527777777778,rule_v1
kettle,1375008241000000,1375008368000000,127.0,88.1225,rule_v1
kettle,1375010718000000,1375010799000000,81.0,56.94972222222222,rule_v1
kettle,1375080524000000,1375080614000000,90.0,64.8861111111111,rule_v1
kettle,1375081081000000,1375081133000000,52.0,38.19722222222222,rule_v1
kettle,1375099757000000,1375099868000000,111.0,77.92166666666667,rule_v1
kettle,1375114168000000,1375114259000000,91.0,63.96361111111111,rule_v1
kettle,1375114365000000,1375114460000000,95.0,66.15972222222223,rule_v1
kettle,1375116813000000,1375116941000000,128.0,87.20861111111111,rule_v1
kettle,1375169264000000,1375169376000000,112.0,77.44166666666666,rule_v1
kettle,1375191573000000,1375191676000000,103.0,73.5025,rule_v1
kettle,1375203000000000,1375203121000000,121.0,82.50527777777778,rule_v1
kettle,1375210262000000,1375210401000000,139.0,95.28166666666667,rule_v1
kettle,1375211807000000,1375211853000000,46.0,35.416111111111114,rule_v1
kettle,1375251866000000,1375251975000000,109.0,76.03305555555555,rule_v1
kettle,1375253074000000,1375253127000000,53.0,39.78055555555556,rule_v1
kettle,1375267390000000,1375267523000000,133.0,90.76055555555556,rule_v1
kettle,1375270625000000,1375270732000000,107.0,76.27333333333333,rule_v1
kettle,1375276907000000,1375277010000000,103.0,72.50722222222223,rule_v1
kettle,1375291457000000,1375291602000000,145.0,99.3711111111111,rule_v1
kettle,1375339612000000,1375339717000000,105.0,72.43611111111112,rule_v1
kettle,1375340777000000,1375340810000000,33.0,26.410555555555554,rule_v1
kettle,1375355597000000,1375355748000000,151.0,100.01194444444444,rule_v1
kettle,1375358443000000,1375358505000000,62.0,44.16138888888889,rule_v1
kettle,1375374577000000,1375374700000000,123.0,83.70138888888889,rule_v1
kettle,1375378482000000,1375378541000000,59.0,41.393055555555556,rule_v1
kettle,1375425859000000,1375425919000000,60.0,44.963055555555556,rule_v1
kettle,1375426019000000,1375426065000000,46.0,34.95611111111111,rule_v1
kettle,1375426395000000,1375426453000000,58.0,42.020833333333336,rule_v1
kettle,1375446972000000,1375447049000000,77.0,55.545,rule_v1
kettle,1375461334000000,1375461431000000,97.0,68.41166666666666,rule_v1
kettle,1375464006000000,1375464125000000,119.0,82.76138888888889,rule_v1
kettle,1375510238000000,1375510323000000,85.0,65.02416666666667,rule_v1
kettle,1375510723000000,1375510810000000,87.0,47.89944444444444,rule_v1
kettle,1375535860000000,1375535957000000,97.0,67.95444444444445,rule_v1
kettle,1375543050000000,1375543142000000,92.0,64.54972222222223,rule_v1
kettle,1375548343000000,1375548471000000,128.0,87.6925,rule_v1
kettle,1375599202000000,1375599324000000,122.0,84.875,rule_v1
kettle,1375638642000000,1375638759000000,117.0,81.61138888888888,rule_v1
kettle,1375683802000000,1375683919000000,117.0,81.74111111111111,rule_v1
kettle,1375708625000000,1375708737000000,112.0,76.99638888888889,rule_v1
kettle,1375725162000000,1375725255000000,93.0,64.50583333333333,rule_v1
kettle,1375728061000000,1375728256000000,195.0,129.7747222222222,rule_v1
kettle,1375771365000000,1375771473000000,108.0,77.08111111111111,rule_v1
kettle,1375783954000000,1375784121000000,167.0,115.6425,rule_v1
kettle,1375793515000000,1375793591000000,76.0,54.6425,rule_v1
kettle,1375803822000000,1375803961000000,139.0,95.11805555555556,rule_v1
kettle,1375805066000000,1375805165000000,99.0,70.31111111111112,rule_v1
kettle,1375856711000000,1375856811000000,100.0,68.52111111111111,rule_v1
kettle,1375858503000000,1375858594000000,91.0,62.81666666666667,rule_v1
kettle,1375894063000000,1375894174000000,111.0,77.65805555555555,rule_v1
kettle,1375895766000000,1375895855000000,89.0,62.312222222222225,rule_v1
kettle,1375897912000000,1375897977000000,65.0,47.17888888888889,rule_v1
kettle,1375944902000000,1375945010000000,108.0,74.1875,rule_v1
kettle,1375964092000000,1375964173000000,81.0,57.14888888888889,rule_v1
kettle,1375982789000000,1375982866000000,77.0,54.95611111111111,rule_v1
kettle,1375990102000000,1375990204000000,102.0,71.7863888888889,rule_v1
kettle,1376033563000000,1376033641000000,78.0,59.49611111111111,rule_v1
kettle,1376033794000000,1376033861000000,67.0,47.94555555555556,rule_v1
kettle,1376035608000000,1376035654000000,46.0,34.090833333333336,rule_v1
kettle,1376052804000000,1376052901000000,97.0,69.96194444444444,rule_v1
kettle,1376066346000000,1376066526000000,180.0,123.49638888888889,rule_v1
kettle,1376082831000000,1376082930000000,99.0,68.55416666666666,rule_v1
kettle,1376116407000000,1376116492000000,85.0,59.72083333333333,rule_v1
kettle,1376118318000000,1376118416000000,98.0,69.5825,rule_v1
kettle,1376135022000000,1376135159000000,137.0,94.02777777777777,rule_v1
kettle,1376151461000000,1376151562000000,101.0,70.76138888888889,rule_v1
kettle,1376160619000000,1376160776000000,157.0,106.85388888888889,rule_v1
kettle,1376204908000000,1376205043000000,135.0,93.59444444444445,rule_v1
kettle,1376207201000000,1376207251000000,50.0,36.538333333333334,rule_v1
kettle,1376235455000000,1376235506000000,51.0,38.12027777777778,rule_v1
kettle,1376238616000000,1376238706000000,90.0,62.63055555555555,rule_v1
kettle,1376289079000000,1376289182000000,103.0,71.68944444444445,rule_v1
kettle,1376295467000000,1376295595000000,128.0,87.20416666666667,rule_v1
kettle,1376342017000000,1376342139000000,122.0,84.60083333333333,rule_v1
kettle,1376378042000000,1376378135000000,93.0,66.35805555555555,rule_v1
kettle,1376429469000000,1376429595000000,126.0,86.74,rule_v1
kettle,1376464884000000,1376464957000000,73.0,52.73166666666667,rule_v1
kettle,1376482894000000,1376482978000000,84.0,59.62444444444444,rule_v1
kettle,1376551933000000,1376552032000000,99.0,69.07861111111112,rule_v1
kettle,1376565184000000,1376565334000000,150.0,102.16472222222222,rule_v1
kettle,1376566211000000,1376566263000000,52.0,37.714166666666664,rule_v1
kettle,1376577340000000,1376577443000000,103.0,71.9011111111111,rule_v1
kettle,1376582991000000,1376583077000000,86.0,61.263333333333335,rule_v1
kettle,1376584380000000,1376584497000000,117.0,80.52027777777778,rule_v1
kettle,1376591178000000,1376591282000000,104.0,73.06055555555555,rule_v1
kettle,1376634918000000,1376635009000000,91.0,65.68944444444445,rule_v1
kettle,1376636315000000,1376636398000000,83.0,58.98138888888889,rule_v1
kettle,1376651697000000,1376651812000000,115.0,79.28944444444444,rule_v1
kettle,1376668892000000,1376668998000000,106.0,74.90861111111111,rule_v1
kettle,1376670520000000,1376670606000000,86.0,60.658055555555556,rule_v1
kettle,1376716494000000,1376716595000000,101.0,69.865,rule_v1
kettle,1376812611000000,1376812711000000,100.0,69.97944444444444,rule_v1
kettle,1376812943000000,1376813001000000,58.0,41.96722222222222,rule_v1
kettle,1376841386000000,1376841512000000,126.0,86.56388888888888,rule_v1
kettle,1376851829000000,1376851946000000,117.0,78.90666666666667,rule_v1
kettle,1376894103000000,1376894201000000,98.0,69.66416666666667,rule_v1
kettle,1376896788000000,1376896867000000,79.0,55.25222222222222,rule_v1
kettle,1376904639000000,1376904776000000,137.0,92.53138888888888,rule_v1
kettle,1376933784000000,1376933880000000,96.0,66.23,rule_v1
kettle,1376983197000000,1376983303000000,106.0,74.43972222222222,rule_v1
kettle,1376993960000000,1376994132000000,172.0,91.87472222222223,rule_v1
kettle,1377016750000000,1377016879000000,129.0,89.34277777777778,rule_v1
kettle,1377023278000000,1377023535000000,257.0,143.875,rule_v1
kettle,1377024395000000,1377024481000000,86.0,60.285555555555554,rule_v1
kettle,1377063968000000,1377064045000000,77.0,56.20333333333333,rule_v1
kettle,1377066470000000,1377066568000000,98.0,70.06805555555556,rule_v1
kettle,1377085893000000,1377085976000000,83.0,58.45527777777778,rule_v1
kettle,1377086601000000,1377086666000000,65.0,45.93972222222222,rule_v1
kettle,1377088446000000,1377088519000000,73.0,51.13388888888889,rule_v1
kettle,1377096321000000,1377096404000000,83.0,58.89388888888889,rule_v1
kettle,1377101617000000,1377101750000000,133.0,92.10777777777778,rule_v1
kettle,1377111050000000,1377111141000000,91.0,64.1125,rule_v1
kettle,1377150513000000,1377150599000000,86.0,61.39555555555555,rule_v1
kettle,1377157316000000,1377157437000000,121.0,82.70944444444444,rule_v1
kettle,1377170402000000,1377170516000000,114.0,78.6025,rule_v1
kettle,1377172354000000,1377172400000000,46.0,34.225833333333334,rule_v1
kettle,1377179204000000,1377179290000000,86.0,61.07222222222222,rule_v1
kettle,1377187695000000,1377187800000000,105.0,72.60166666666667,rule_v1
kettle,1377196520000000,1377196644000000,124.0,84.21194444444444,rule_v1
kettle,1377238412000000,1377238596000000,184.0,91.99055555555556,rule_v1
kettle,1377325509000000,1377325596000000,87.0,62.04277777777778,rule_v1
kettle,1377327976000000,1377328070000000,94.0,61.790277777777774,rule_v1
kettle,1377360703000000,1377360832000000,129.0,89.5838888888889,rule_v1
kettle,1377412302000000,1377412393000000,91.0,64.60888888888888,rule_v1
kettle,1377420021000000,1377420099000000,78.0,53.60527777777778,rule_v1
kettle,1377423080000000,1377423158000000,78.0,53.95916666666667,rule_v1
kettle,1377428891000000,1377429032000000,141.0,94.7838888888889,rule_v1
kettle,1377433993000000,1377434076000000,83.0,58.82333333333333,rule_v1
kettle,1377434847000000,1377434961000000,114.0,79.57111111111111,rule_v1
kettle,1377500148000000,1377500214000000,66.0,48.64,rule_v1
kettle,1377501913000000,1377502038000000,125.0,86.59472222222222,rule_v1
kettle,1377513079000000,1377513214000000,135.0,91.17694444444444,rule_v1
kettle,1377517921000000,1377517981000000,60.0,44.437777777777775,rule_v1
kettle,1377524191000000,1377524301000000,110.0,76.62555555555555,rule_v1
kettle,1377532633000000,1377532816000000,183.0,123.95416666666667,rule_v1
kettle,1377534755000000,1377534865000000,110.0,77.09305555555555,rule_v1
kettle,1377538325000000,1377538436000000,111.0,77.20555555555555,rule_v1
kettle,1377541472000000,1377541599000000,127.0,85.78527777777778,rule_v1
kettle,1377551015000000,1377551182000000,167.0,116.76694444444445,rule_v1
kettle,1377564978000000,1377565049000000,71.0,50.550555555555555,rule_v1
kettle,1377580512000000,1377580609000000,97.0,67.90777777777778,rule_v1
kettle,1377581931000000,1377582070000000,139.0,95.01833333333333,rule_v1
kettle,1377591209000000,1377591402000000,193.0,129.82833333333335,rule_v1
kettle,1377612419000000,1377612551000000,132.0,90.435,rule_v1
kettle,1377615826000000,1377615890000000,64.0,47.263888888888886,rule_v1
kettle,1377616520000000,1377616551000000,31.0,25.01972222222222,rule_v1
kettle,1377619168000000,1377619263000000,95.0,66.21138888888889,rule_v1
kettle,1377621794000000,1377621885000000,91.0,64.53222222222222,rule_v1
kettle,1377623383000000,1377623519000000,136.0,94.02805555555555,rule_v1
kettle,1377624612000000,1377624662000000,50.0,34.66388888888889,rule_v1
kettle,1377651321000000,1377651407000000,86.0,58.065,rule_v1
kettle,1377663834000000,1377663963000000,129.0,90.535,rule_v1
kettle,1377668047000000,1377668218000000,171.0,115.40444444444445,rule_v1
kettle,1377671550000000,1377671635000000,85.0,61.67472222222222,rule_v1
kettle,1377676357000000,1377676433000000,76.0,55.07861111111111,rule_v1
kettle,1377686918000000,1377687023000000,105.0,74.205,rule_v1
kettle,1377705604000000,1377705714000000,110.0,76.06333333333333,rule_v1
kettle,1377756336000000,1377756442000000,106.0,73.48333333333333,rule_v1
kettle,1377766884000000,1377767001000000,117.0,82.35027777777778,rule_v1
kettle,1377777823000000,1377777933000000,110.0,76.66222222222223,rule_v1
kettle,1377779002000000,1377779080000000,78.0,54.535,rule_v1
kettle,1377793139000000,1377793243000000,104.0,72.06277777777778,rule_v1
kettle,1377842099000000,1377842201000000,102.0,71.23722222222223,rule_v1
kettle,1377847591000000,1377847662000000,71.0,51.520833333333336,rule_v1
kettle,1377849631000000,1377849714000000,83.0,59.278888888888886,rule_v1
kettle,1377878200000000,1377878325000000,125.0,86.37583333333333,rule_v1
kettle,1377883121000000,1377883262000000,141.0,96.30555555555556,rule_v1
kettle,1377932114000000,1377932193000000,79.0,55.986111111111114,rule_v1
kettle,1377933134000000,1377933214000000,80.0,57.091388888888886,rule_v1
kettle,1377947946000000,1377948070000000,124.0,85.28416666666666,rule_v1
kettle,1377950051000000,1377950138000000,87.0,62.73694444444445,rule_v1
kettle,1377956388000000,1377956473000000,85.0,60.280833333333334,rule_v1
kettle,1377978895000000,1377979017000000,122.0,84.24666666666667,rule_v1
kettle,1377987558000000,1377987647000000,89.0,62.651944444444446,rule_v1
kettle,1378022165000000,1378022313000000,148.0,101.32805555555555,rule_v1
kettle,1378043509000000,1378043612000000,103.0,73.06805555555556,rule_v1
kettle,1378054214000000,1378054372000000,158.0,108.23388888888888,rule_v1
kettle,1378104023000000,1378104109000000,86.0,61.445277777777775,rule_v1
kettle,1378104994000000,1378105069000000,75.0,53.38,rule_v1
kettle,1378122280000000,1378122318000000,38.0,29.810833333333335,rule_v1
kettle,1378124527000000,1378124592000000,65.0,47.31388888888889,rule_v1
kettle,1378135636000000,1378135750000000,114.0,80.0425,rule_v1
kettle,1378135889000000,1378135965000000,76.0,54.272777777777776,rule_v1
kettle,1378142136000000,1378142225000000,89.0,63.23555555555556,rule_v1
kettle,1378189614000000,1378189710000000,96.0,65.4875,rule_v1
kettle,1378190872000000,1378190961000000,89.0,62.3575,rule_v1
kettle,1378228459000000,1378228612000000,153.0,104.76944444444445,rule_v1
kettle,1378229801000000,1378229870000000,69.0,49.29611111111111,rule_v1
kettle,1378273800000000,1378273872000000,72.0,51.339444444444446,rule_v1
kettle,1378277311000000,1378277406000000,95.0,65.63444444444444,rule_v1
kettle,1378294066000000,1378294137000000,71.0,51.55083333333334,rule_v1
kettle,1378310910000000,1378311009000000,99.0,68.55444444444444,rule_v1
kettle,1378362347000000,1378362445000000,98.0,67.64805555555556,rule_v1
kettle,1378364841000000,1378364911000000,70.0,51.17111111111111,rule_v1
kettle,1378380563000000,1378380640000000,77.0,54.22472222222222,rule_v1
kettle,1378396661000000,1378396780000000,119.0,81.01305555555555,rule_v1
kettle,1378401207000000,1378401271000000,64.0,47.76138888888889,rule_v1
kettle,1378448776000000,1378448887000000,111.0,76.54666666666667,rule_v1
kettle,1378468853000000,1378469010000000,157.0,107.87444444444445,rule_v1
kettle,1378486379000000,1378486477000000,98.0,69.33527777777778,rule_v1
kettle,1378539021000000,1378539137000000,116.0,81.225,rule_v1
kettle,1378540582000000,1378540684000000,102.0,70.54833333333333,rule_v1
kettle,1378549612000000,1378549714000000,102.0,71.56138888888889,rule_v1
kettle,1378553669000000,1378553819000000,150.0,102.70722222222223,rule_v1
kettle,1378554984000000,1378555054000000,70.0,50.61638888888889,rule_v1
kettle,1378576588000000,1378576712000000,124.0,84.80972222222222,rule_v1
kettle,1378581208000000,1378581240000000,32.0,26.10333333333333,rule_v1
kettle,1378625393000000,1378625499000000,106.0,74.44555555555556,rule_v1
kettle,1378634651000000,1378634749000000,98.0,68.15916666666666,rule_v1
kettle,1378645860000000,1378645931000000,71.0,52.128055555555555,rule_v1
kettle,1378652957000000,1378653048000000,91.0,60.76166666666666,rule_v1
kettle,1378660301000000,1378660400000000,99.0,69.74277777777777,rule_v1
kettle,1378708448000000,1378708576000000,128.0,88.57916666666667,rule_v1
kettle,1378715218000000,1378715316000000,98.0,70.37277777777778,rule_v1
kettle,1378744318000000,1378744425000000,107.0,76.11416666666666,rule_v1
kettle,1378746908000000,1378747012000000,104.0,75.6986111111111,rule_v1
kettle,1378793331000000,1378793447000000,116.0,82.6975,rule_v1
kettle,1378796158000000,1378796254000000,96.0,68.55611111111111,rule_v1
kettle,1378804483000000,1378804560000000,77.0,56.096944444444446,rule_v1
kettle,1378820361000000,1378820471000000,110.0,77.12694444444445,rule_v1
kettle,1378829951000000,1378830148000000,197.0,134.9177777777778,rule_v1
kettle,1378876353000000,1378876498000000,145.0,102.22361111111111,rule_v1
kettle,1378877693000000,1378877744000000,51.0,36.35111111111111,rule_v1
kettle,1378915776000000,1378915880000000,104.0,71.60138888888889,rule_v1
kettle,1378926075000000,1378926172000000,97.0,67.03361111111111,rule_v1
kettle,1378972254000000,1378972340000000,86.0,61.944722222222225,rule_v1
kettle,1379010896000000,1379011031000000,135.0,93.08472222222223,rule_v1
kettle,1379061246000000,1379061330000000,84.0,60.763888888888886,rule_v1
kettle,1379099822000000,1379099944000000,122.0,86.17333333333333,rule_v1
kettle,1379101178000000,1379101260000000,82.0,57.50083333333333,rule_v1
kettle,1379144467000000,1379144605000000,138.0,94.35083333333333,rule_v1
kettle,1379145891000000,1379145959000000,68.0,47.559444444444445,rule_v1
kettle,1379158415000000,1379158610000000,195.0,130.76277777777779,rule_v1
kettle,1379161688000000,1379161775000000,87.0,60.82138888888889,rule_v1
kettle,1379178126000000,1379178280000000,154.0,103.68083333333334,rule_v1
kettle,1379179564000000,1379179640000000,76.0,54.10111111111111,rule_v1
kettle,1379184551000000,1379184657000000,106.0,74.3236111111111,rule_v1
kettle,1379228607000000,1379228763000000,156.0,107.52805555555555,rule_v1
kettle,1379257090000000,1379257173000000,83.0,59.5875,rule_v1
kettle,1379262027000000,1379262156000000,129.0,89.39583333333333,rule_v1
kettle,1379311211000000,1379311314000000,103.0,71.8163888888889,rule_v1
kettle,1379313174000000,1379313240000000,66.0,47.958333333333336,rule_v1
kettle,1379348052000000,1379348252000000,200.0,136.1025,rule_v1
kettle,1379348448000000,1379348519000000,71.0,51.09583333333333,rule_v1
kettle,1379399795000000,1379399913000000,118.0,83.19083333333333,rule_v1
kettle,1379420563000000,1379420667000000,104.0,72.37555555555555,rule_v1
kettle,1379438354000000,1379438493000000,139.0,95.16777777777777,rule_v1
kettle,1379439342000000,1379439413000000,71.0,51.07,rule_v1
kettle,1379487954000000,1379488085000000,131.0,90.35111111111111,rule_v1
kettle,1379574125000000,1379574217000000,92.0,64.85222222222222,rule_v1
kettle,1379576995000000,1379577094000000,99.0,69.935,rule_v1
kettle,1379589391000000,1379589505000000,114.0,80.23861111111111,rule_v1
kettle,1379593948000000,1379594053000000,105.0,73.97583333333333,rule_v1
kettle,1379611738000000,1379611829000000,91.0,64.21527777777777,rule_v1
kettle,1379660796000000,1379660923000000,127.0,83.05250000000001,rule_v1
kettle,1379661486000000,1379661550000000,64.0,47.28333333333333,rule_v1
kettle,1379681672000000,1379681763000000,91.0,62.91,rule_v1
kettle,1379697946000000,1379698096000000,150.0,98.10972222222222,rule_v1
kettle,1379746246000000,1379746370000000,124.0,86.16055555555556,rule_v1
kettle,1379747474000000,1379747585000000,111.0,76.82638888888889,rule_v1
kettle,1379753936000000,1379754068000000,132.0,82.04916666666668,rule_v1
kettle,1379755130000000,1379755173000000,43.0,31.685833333333335,rule_v1
kettle,1379771233000000,1379771421000000,188.0,127.4175,rule_v1
kettle,1379779093000000,1379779208000000,115.0,80.82666666666667,rule_v1
kettle,1379834201000000,1379834305000000,104.0,71.92416666666666,rule_v1
kettle,1379842171000000,1379842299000000,128.0,89.07805555555555,rule_v1
kettle,1379845137000000,1379845195000000,58.0,42.0,rule_v1
kettle,1379870344000000,1379870531000000,187.0,123.63472222222222,rule_v1
kettle,1379871217000000,1379871299000000,82.0,57.97694444444444,rule_v1
kettle,1379919685000000,1379919763000000,78.0,55.52027777777778,rule_v1
kettle,1379920054000000,1379920121000000,67.0,49.31166666666667,rule_v1
kettle,1379953364000000,1379953442000000,78.0,55.294444444444444,rule_v1
kettle,1379956535000000,1379956627000000,92.0,69.33972222222222,rule_v1
kettle,1380006186000000,1380006310000000,124.0,86.60277777777777,rule_v1
kettle,1380007241000000,1380007281000000,40.0,31.017222222222223,rule_v1
kettle,1380040986000000,1380041075000000,89.0,63.31638888888889,rule_v1
kettle,1380041482000000,1380041527000000,45.0,33.562777777777775,rule_v1
kettle,1380089257000000,1380089361000000,104.0,72.47166666666666,rule_v1
kettle,1380127568000000,1380127666000000,98.0,67.26138888888889,rule_v1
kettle,1380128902000000,1380128992000000,90.0,60.87888888888889,rule_v1
kettle,1380178992000000,1380179095000000,103.0,71.27555555555556,rule_v1
kettle,1380263704000000,1380263806000000,102.0,71.48833333333333,rule_v1
kettle,1380299006000000,1380299127000000,121.0,83.76805555555555,rule_v1
kettle,1380300148000000,1380300248000000,100.0,69.76277777777777,rule_v1
kettle,1380303978000000,1380304124000000,146.0,98.62416666666667,rule_v1
kettle,1380351732000000,1380351836000000,104.0,73.40472222222222,rule_v1
kettle,1380352077000000,1380352124000000,47.0,35.30555555555556,rule_v1
kettle,1380388434000000,1380388553000000,119.0,80.26361111111112,rule_v1
kettle,1380440171000000,1380440261000000,90.0,62.92,rule_v1
kettle,1380442324000000,1380442401000000,77.0,55.970555555555556,rule_v1
kettle,1380467603000000,1380467728000000,125.0,86.49138888888889,rule_v1
kettle,1380471912000000,1380472003000000,91.0,62.419444444444444,rule_v1
kettle,1380525664000000,1380525787000000,123.0,85.58805555555556,rule_v1
kettle,1380559042000000,1380559202000000,160.0,108.8638888888889,rule_v1
kettle,1380560802000000,1380560887000000,85.0,59.36388888888889,rule_v1
kettle,1380562110000000,1380562211000000,101.0,66.70861111111111,rule_v1
kettle,1380610298000000,1380610380000000,82.0,57.466944444444444,rule_v1
kettle,1380611174000000,1380611247000000,73.0,53.63055555555555,rule_v1
kettle,1380619656000000,1380619758000000,102.0,69.1325,rule_v1
kettle,1380622278000000,1380622373000000,95.0,67.75416666666666,rule_v1
kettle,1380634898000000,1380634977000000,79.0,55.77194444444444,rule_v1
kettle,1380696852000000,1380696970000000,118.0,81.86444444444444,rule_v1
kettle,1380712042000000,1380712137000000,95.0,66.4011111111111,rule_v1
kettle,1380734017000000,1380734133000000,116.0,75.0275,rule_v1
kettle,1380780560000000,1380780693000000,133.0,92.00555555555556,rule_v1
kettle,1380819391000000,1380819513000000,122.0,81.48166666666667,rule_v1
kettle,1380822125000000,1380822206000000,81.0,58.71083333333333,rule_v1
kettle,1380870230000000,1380870336000000,106.0,74.05611111111111,rule_v1
kettle,1380873559000000,1380873650000000,91.0,62.63527777777778,rule_v1
kettle,1380904023000000,1380904125000000,102.0,71.35416666666667,rule_v1
kettle,1380916985000000,1380917095000000,110.0,74.2238888888889,rule_v1
kettle,1380955040000000,1380955143000000,103.0,73.5886111111111,rule_v1
kettle,1380955817000000,1380955847000000,30.0,23.936666666666667,rule_v1
kettle,1380960712000000,1380960793000000,81.0,57.844166666666666,rule_v1
kettle,1380961628000000,1380961719000000,91.0,62.804722222222225,rule_v1
kettle,1380971616000000,1380971674000000,58.0,44.15361111111111,rule_v1
kettle,1380982390000000,1380982510000000,120.0,83.49666666666667,rule_v1
kettle,1381042731000000,1381042827000000,96.0,66.89277777777778,rule_v1
kettle,1381045577000000,1381045660000000,83.0,59.2825,rule_v1
kettle,1381057452000000,1381057559000000,107.0,73.06194444444445,rule_v1
kettle,1381130111000000,1381130245000000,134.0,91.70805555555556,rule_v1
kettle,1381133011000000,1381133073000000,62.0,46.07888888888889,rule_v1
kettle,1381162364000000,1381162519000000,155.0,105.53,rule_v1
kettle,1381165706000000,1381165793000000,87.0,61.40222222222222,rule_v1
kettle,1381215017000000,1381215139000000,122.0,82.97222222222223,rule_v1
kettle,1381218593000000,1381218663000000,70.0,50.592777777777776,rule_v1
kettle,1381250105000000,1381250175000000,70.0,51.040277777777774,rule_v1
kettle,1381304059000000,1381304177000000,118.0,81.695,rule_v1
kettle,1381315003000000,1381315145000000,142.0,97.95305555555555,rule_v1
kettle,1381335167000000,1381335334000000,167.0,113.35805555555555,rule_v1
kettle,1381337423000000,1381337542000000,119.0,82.40805555555555,rule_v1
kettle,1381382942000000,1381383036000000,94.0,66.36666666666666,rule_v1
kettle,1381390163000000,1381390265000000,102.0,71.78861111111111,rule_v1
kettle,1381423056000000,1381423168000000,112.0,80.28694444444444,rule_v1
kettle,1381425717000000,1381425806000000,89.0,62.271388888888886,rule_v1
kettle,1381429222000000,1381429372000000,150.0,102.76138888888889,rule_v1
kettle,1381474159000000,1381474255000000,96.0,71.86527777777778,rule_v1
kettle,1381476308000000,1381476391000000,83.0,59.071666666666665,rule_v1
kettle,1381505800000000,1381505860000000,60.0,43.28388888888889,rule_v1
kettle,1381506083000000,1381506181000000,98.0,67.65944444444445,rule_v1
kettle,1381508959000000,1381509054000000,95.0,66.66694444444444,rule_v1
kettle,1381509768000000,1381509800000000,32.0,25.114444444444445,rule_v1
kettle,1381564215000000,1381564336000000,121.0,84.52222222222223,rule_v1
kettle,1381565176000000,1381565249000000,73.0,51.17944444444444,rule_v1
kettle,1381572726000000,1381572794000000,68.0,49.75361111111111,rule_v1
kettle,1381597752000000,1381597859000000,107.0,74.635,rule_v1
kettle,1381601767000000,1381601913000000,146.0,97.44222222222223,rule_v1
kettle,1381646026000000,1381646128000000,102.0,73.15611111111112,rule_v1
kettle,1381650307000000,1381650412000000,105.0,73.90138888888889,rule_v1
kettle,1381673366000000,1381673575000000,209.0,130.0663888888889,rule_v1
kettle,1381680555000000,1381680700000000,145.0,98.56111111111112,rule_v1
kettle,1381689577000000,1381689696000000,119.0,80.53555555555556,rule_v1
kettle,1381733279000000,1381733387000000,108.0,76.65805555555555,rule_v1
kettle,1381745209000000,1381745280000000,71.0,51.026666666666664,rule_v1
kettle,1381753243000000,1381753322000000,79.0,56.159166666666664,rule_v1
kettle,1381816044000000,1381816153000000,109.0,76.9738888888889,rule_v1
kettle,1381821534000000,1381821678000000,144.0,97.00277777777778,rule_v1
kettle,1381854321000000,1381854517000000,196.0,129.19555555555556,rule_v1
kettle,1381903130000000,1381903242000000,112.0,78.51916666666666,rule_v1
kettle,1381908517000000,1381908653000000,136.0,94.16833333333334,rule_v1
kettle,1381922223000000,1381922321000000,98.0,67.82166666666667,rule_v1
kettle,1381922385000000,1381922463000000,78.0,55.166666666666664,rule_v1
kettle,1381924191000000,1381924277000000,86.0,61.041111111111114,rule_v1
kettle,1381941196000000,1381941317000000,121.0,83.64694444444444,rule_v1
kettle,1381943271000000,1381943358000000,87.0,58.7925,rule_v1
kettle,1381989198000000,1381989298000000,100.0,72.2688888888889,rule_v1
kettle,1381992857000000,1381992965000000,108.0,74.85305555555556,rule_v1
kettle,1381994477000000,1381994520000000,43.0,32.46111111111111,rule_v1
kettle,1382001293000000,1382001446000000,153.0,104.99388888888889,rule_v1
kettle,1382026628000000,1382026769000000,141.0,95.85583333333334,rule_v1
kettle,1382028438000000,1382028515000000,77.0,54.346111111111114,rule_v1
kettle,1382030939000000,1382031030000000,91.0,64.81083333333333,rule_v1
kettle,1382076563000000,1382076660000000,97.0,69.51805555555555,rule_v1
kettle,1382078199000000,1382078271000000,72.0,52.71,rule_v1
kettle,1382085959000000,1382086031000000,72.0,51.91777777777778,rule_v1
kettle,1382089907000000,1382089984000000,77.0,54.1175,rule_v1
kettle,1382097220000000,1382097311000000,91.0,63.532222222222224,rule_v1
kettle,1382113632000000,1382113774000000,142.0,95.41361111111111,rule_v1
kettle,1382167525000000,1382167623000000,98.0,70.58944444444444,rule_v1
kettle,1382169711000000,1382169750000000,39.0,29.09888888888889,rule_v1
kettle,1382174233000000,1382174318000000,85.0,60.96194444444444,rule_v1
kettle,1382183533000000,1382183778000000,245.0,160.13722222222222,rule_v1
kettle,1382185572000000,1382185663000000,91.0,62.76361111111111,rule_v1
kettle,1382199830000000,1382199962000000,132.0,88.85444444444444,rule_v1
kettle,1382253915000000,1382254016000000,101.0,70.96527777777777,rule_v1
kettle,1382255455000000,1382255529000000,74.0,52.78388888888889,rule_v1
kettle,1382283784000000,1382283921000000,137.0,91.43833333333333,rule_v1
kettle,1382285180000000,1382285225000000,45.0,33.236111111111114,rule_v1
kettle,1382338289000000,1382338388000000,99.0,70.36777777777777,rule_v1
kettle,1382339070000000,1382339140000000,70.0,50.52027777777778,rule_v1
kettle,1382419158000000,1382419251000000,93.0,66.19388888888889,rule_v1
kettle,1382422550000000,1382422673000000,123.0,84.8625,rule_v1
kettle,1382462309000000,1382462397000000,88.0,61.782222222222224,rule_v1
kettle,1382481207000000,1382481308000000,101.0,68.6475,rule_v1
kettle,1382509318000000,1382509414000000,96.0,68.10861111111112,rule_v1
kettle,1382510211000000,1382510268000000,57.0,40.1625,rule_v1
kettle,1382549467000000,1382549555000000,88.0,61.86333333333334,rule_v1
kettle,1382593230000000,1382593333000000,103.0,71.52888888888889,rule_v1
kettle,1382595885000000,1382595974000000,89.0,63.40888888888889,rule_v1
kettle,1382634481000000,1382634599000000,118.0,81.7,rule_v1
kettle,1382635894000000,1382635947000000,53.0,38.879444444444445,rule_v1
kettle,1382686861000000,1382686987000000,126.0,85.92333333333333,rule_v1
kettle,1382696019000000,1382696110000000,91.0,63.40027777777778,rule_v1
kettle,1382700045000000,1382700289000000,244.0,163.68722222222223,rule_v1
kettle,1382718043000000,1382718172000000,129.0,80.22555555555556,rule_v1
kettle,1382720574000000,1382720678000000,104.0,72.00916666666667,rule_v1
kettle,1382772799000000,1382772921000000,122.0,84.66444444444444,rule_v1
kettle,1382777973000000,1382778062000000,89.0,62.26833333333333,rule_v1
kettle,1382859332000000,1382859432000000,100.0,70.46472222222222,rule_v1
kettle,1382863100000000,1382863164000000,64.0,44.77611111111111,rule_v1
kettle,1382896772000000,1382896869000000,97.0,65.78833333333333,rule_v1
kettle,1382942175000000,1382942266000000,91.0,63.57361111111111,rule_v1
kettle,1382944309000000,1382944369000000,60.0,43.76833333333333,rule_v1
kettle,1382984143000000,1382984272000000,129.0,89.23527777777778,rule_v1
kettle,1382985734000000,1382985844000000,110.0,67.35527777777777,rule_v1
kettle,1383030770000000,1383030856000000,86.0,59.81861111111111,rule_v1
kettle,1383087790000000,1383087900000000,110.0,75.1361111111111,rule_v1
kettle,1383117858000000,1383117983000000,125.0,87.33333333333333,rule_v1
kettle,1383162358000000,1383162485000000,127.0,85.95555555555555,rule_v1
kettle,1383200064000000,1383200187000000,123.0,89.32527777777777,rule_v1
kettle,1383244532000000,1383244658000000,126.0,85.94944444444444,rule_v1
kettle,1383396041000000,1383396140000000,99.0,70.46166666666667,rule_v1
kettle,1383405367000000,1383405451000000,84.0,59.01444444444444,rule_v1
kettle,1383413031000000,1383413116000000,85.0,60.0,rule_v1
kettle,1383416445000000,1383416547000000,102.0,73.88805555555555,rule_v1
kettle,1383423964000000,1383424041000000,77.0,53.51777777777778,rule_v1
kettle,1383472597000000,1383472687000000,90.0,62.57333333333333,rule_v1
kettle,1383480684000000,1383480795000000,111.0,75.2761111111111,rule_v1
kettle,1383508044000000,1383508167000000,123.0,83.63972222222222,rule_v1
kettle,1383550677000000,1383550806000000,129.0,88.7136111111111,rule_v1
kettle,1383564988000000,1383565095000000,107.0,91.58583333333333,rule_v1
kettle,1383583692000000,1383583755000000,63.0,50.055,rule_v1
kettle,1383587620000000,1383587715000000,95.0,66.8638888888889,rule_v1
kettle,1383636825000000,1383636950000000,125.0,88.41222222222223,rule_v1
kettle,1383675773000000,1383675916000000,143.0,98.1211111111111,rule_v1
kettle,1383683867000000,1383683980000000,113.0,75.7311111111111,rule_v1
kettle,1383727092000000,1383727202000000,110.0,77.98027777777777,rule_v1
kettle,1383728370000000,1383728444000000,74.0,54.1125,rule_v1
kettle,1383741977000000,1383742099000000,122.0,85.44777777777777,rule_v1
kettle,1383747535000000,1383747650000000,115.0,79.3386111111111,rule_v1
kettle,1383758241000000,1383758359000000,118.0,81.40861111111111,rule_v1
kettle,1383759735000000,1383759877000000,142.0,97.63388888888889,rule_v1
kettle,1383805822000000,1383805923000000,101.0,69.21222222222222,rule_v1
kettle,1383810041000000,1383810145000000,104.0,71.64611111111111,rule_v1
kettle,1383826304000000,1383826470000000,166.0,112.80194444444444,rule_v1
kettle,1383830554000000,1383830639000000,85.0,59.97,rule_v1
kettle,1383843318000000,1383843474000000,156.0,105.80583333333334,rule_v1
kettle,1383848027000000,1383848126000000,99.0,68.70055555555555,rule_v1
kettle,1383852101000000,1383852229000000,128.0,86.9625,rule_v1
kettle,1383855867000000,1383855950000000,83.0,57.34388888888889,rule_v1
kettle,1383895105000000,1383895239000000,134.0,90.57666666666667,rule_v1
kettle,1383897913000000,1383897982000000,69.0,49.54,rule_v1
kettle,1383903295000000,1383903439000000,144.0,77.14916666666667,rule_v1
kettle,1383935969000000,1383936075000000,106.0,71.5436111111111,rule_v1
kettle,1383986836000000,1383986986000000,150.0,96.215,rule_v1
kettle,1383991523000000,1383991643000000,120.0,82.40472222222222,rule_v1
kettle,1384016388000000,1384016510000000,122.0,83.58805555555556,rule_v1
kettle,1384018311000000,1384018468000000,157.0,77.34833333333333,rule_v1
kettle,1384027766000000,1384027852000000,86.0,64.01861111111111,rule_v1
kettle,1384072835000000,1384072965000000,130.0,92.11361111111111,rule_v1
kettle,1384074571000000,1384074616000000,45.0,43.37722222222222,rule_v1
kettle,1384097775000000,1384097907000000,132.0,89.31333333333333,rule_v1
kettle,1384102928000000,1384102999000000,71.0,51.43972222222222,rule_v1
kettle,1384105898000000,1384105969000000,71.0,51.75138888888889,rule_v1
kettle,1384107225000000,1384107300000000,75.0,53.38583333333333,rule_v1
kettle,1384157442000000,1384157593000000,151.0,105.0975,rule_v1
kettle,1384165421000000,1384165547000000,126.0,88.51694444444445,rule_v1
kettle,1384194140000000,1384194251000000,111.0,78.27444444444444,rule_v1
kettle,1384197066000000,1384197119000000,53.0,46.26638888888889,rule_v1
kettle,1384244129000000,1384244262000000,133.0,93.44333333333333,rule_v1
kettle,1384253351000000,1384253462000000,111.0,77.01222222222222,rule_v1
kettle,1384279524000000,1384279707000000,183.0,125.10777777777778,rule_v1
kettle,1384331556000000,1384331669000000,113.0,77.63055555555556,rule_v1
kettle,1384331898000000,1384331932000000,34.0,26.883055555555554,rule_v1
kettle,1384344627000000,1384344738000000,111.0,78.42527777777778,rule_v1
kettle,1384354186000000,1384354290000000,104.0,72.42055555555555,rule_v1
kettle,1384363356000000,1384363465000000,109.0,75.08,rule_v1
kettle,1384415514000000,1384415637000000,123.0,83.84055555555555,rule_v1
kettle,1384454056000000,1384454185000000,129.0,89.56083333333333,rule_v1
kettle,1384501620000000,1384501748000000,128.0,89.64805555555556,rule_v1
kettle,1384503244000000,1384503288000000,44.0,32.81333333333333,rule_v1
kettle,1384538939000000,1384539039000000,100.0,72.02388888888889,rule_v1
kettle,1384547766000000,1384547897000000,131.0,88.22916666666667,rule_v1
kettle,1384590434000000,1384590571000000,137.0,91.7388888888889,rule_v1
kettle,1384604754000000,1384605008000000,254.0,152.55805555555554,rule_v1
kettle,1384606696000000,1384606781000000,85.0,59.55861111111111,rule_v1
kettle,1384608782000000,1384608823000000,41.0,30.41111111111111,rule_v1
kettle,1384609276000000,1384609360000000,84.0,57.53527777777778,rule_v1
kettle,1384614979000000,1384615049000000,70.0,49.26083333333333,rule_v1
kettle,1384631673000000,1384631769000000,96.0,67.21138888888889,rule_v1
kettle,1384678388000000,1384678548000000,160.0,108.58444444444444,rule_v1
kettle,1384710949000000,1384711125000000,176.0,121.60194444444444,rule_v1
kettle,1384761476000000,1384761592000000,116.0,83.72527777777778,rule_v1
kettle,1384763410000000,1384763474000000,64.0,46.25388888888889,rule_v1
kettle,1384780158000000,1384780242000000,84.0,59.7825,rule_v1
kettle,1384795432000000,1384795550000000,118.0,83.52055555555556,rule_v1
kettle,1384843237000000,1384843330000000,93.0,65.13055555555556,rule_v1
kettle,1384848421000000,1384848512000000,91.0,66.33416666666666,rule_v1
kettle,1384897791000000,1384897912000000,121.0,83.80222222222223,rule_v1
kettle,1384934110000000,1384934251000000,141.0,97.30055555555556,rule_v1
kettle,1384936793000000,1384936888000000,95.0,65.81666666666666,rule_v1
kettle,1384949140000000,1384949289000000,149.0,101.2611111111111,rule_v1
kettle,1384951613000000,1384951706000000,93.0,66.22916666666667,rule_v1
kettle,1384965606000000,1384965718000000,112.0,79.26138888888889,rule_v1
kettle,1384970743000000,1384970828000000,85.0,58.56,rule_v1
kettle,1384983563000000,1384983709000000,146.0,98.2936111111111,rule_v1
kettle,1385016258000000,1385016349000000,91.0,64.98638888888888,rule_v1
kettle,1385019349000000,1385019458000000,109.0,77.64472222222223,rule_v1
kettle,1385057780000000,1385057925000000,145.0,99.74694444444444,rule_v1
kettle,1385070590000000,1385070701000000,111.0,74.60416666666667,rule_v1
kettle,1385103806000000,1385103886000000,80.0,57.3375,rule_v1
kettle,1385109131000000,1385109254000000,123.0,86.71777777777778,rule_v1
kettle,1385125894000000,1385125986000000,92.0,64.99555555555555,rule_v1
kettle,1385141680000000,1385141796000000,116.0,80.69583333333334,rule_v1
kettle,1385143068000000,1385143144000000,76.0,54.58638888888889,rule_v1
kettle,1385149525000000,1385149702000000,177.0,118.29194444444444,rule_v1
kettle,1385193771000000,1385193928000000,157.0,138.4338888888889,rule_v1
kettle,1385196426000000,1385196515000000,89.0,64.2775,rule_v1
kettle,1385201277000000,1385201436000000,159.0,107.0025,rule_v1
kettle,1385203356000000,1385203415000000,59.0,42.530833333333334,rule_v1
kettle,1385213139000000,1385213246000000,107.0,75.7461111111111,rule_v1
kettle,1385228373000000,1385228468000000,95.0,63.9825,rule_v1
kettle,1385285145000000,1385285240000000,95.0,67.17916666666666,rule_v1
kettle,1385285622000000,1385285683000000,61.0,43.488055555555555,rule_v1
kettle,1385306747000000,1385306898000000,151.0,99.97027777777778,rule_v1
kettle,1385315794000000,1385315905000000,111.0,75.38888888888889,rule_v1
kettle,1385365390000000,1385365536000000,146.0,98.28444444444445,rule_v1
kettle,1385374911000000,1385375001000000,90.0,63.60194444444444,rule_v1
kettle,1385403436000000,1385403553000000,117.0,83.60805555555555,rule_v1
kettle,1385413382000000,1385413498000000,116.0,77.34527777777778,rule_v1
kettle,1385449692000000,1385449809000000,117.0,79.93333333333334,rule_v1
kettle,1385455156000000,1385455267000000,111.0,74.94277777777778,rule_v1
kettle,1385491542000000,1385491652000000,110.0,78.5825,rule_v1
kettle,1385498728000000,1385498855000000,127.0,89.63055555555556,rule_v1
kettle,1385542420000000,1385542614000000,194.0,131.15277777777777,rule_v1
kettle,1385548298000000,1385548366000000,68.0,48.977777777777774,rule_v1
kettle,1385578360000000,1385578448000000,88.0,60.4075,rule_v1
kettle,1385587870000000,1385587955000000,85.0,59.29083333333333,rule_v1
kettle,1385623755000000,1385623872000000,117.0,78.96138888888889,rule_v1
kettle,1385626519000000,1385626599000000,80.0,57.0625,rule_v1
kettle,1385639398000000,1385639541000000,143.0,97.79222222222222,rule_v1
kettle,1385657364000000,1385657578000000,214.0,145.10555555555555,rule_v1
kettle,1385663751000000,1385663817000000,66.0,46.72888888888889,rule_v1
kettle,1385673462000000,1385673574000000,112.0,75.55527777777777,rule_v1
kettle,1385712326000000,1385712444000000,118.0,82.55194444444444,rule_v1
kettle,1385713607000000,1385713645000000,38.0,28.85611111111111,rule_v1
kettle,1385744651000000,1385744900000000,249.0,150.04888888888888,rule_v1
kettle,1385746048000000,1385746148000000,100.0,69.25555555555556,rule_v1
kettle,1385799659000000,1385799802000000,143.0,98.68555555555555,rule_v1
kettle,1385811313000000,1385811402000000,89.0,65.47972222222222,rule_v1
kettle,1385828636000000,1385828745000000,109.0,75.22305555555556,rule_v1
kettle,1385831455000000,1385831540000000,85.0,58.16111111111111,rule_v1
kettle,1385885954000000,1385886097000000,143.0,97.11305555555556,rule_v1
kettle,1385910008000000,1385910220000000,212.0,142.78055555555557,rule_v1
kettle,1385921506000000,1385921579000000,73.0,52.60111111111111,rule_v1
kettle,1385968305000000,1385968432000000,127.0,88.12027777777777,rule_v1
kettle,1385976554000000,1385976633000000,79.0,56.1025,rule_v1
kettle,1386008306000000,1386008448000000,142.0,96.01861111111111,rule_v1
kettle,1386017295000000,1386017382000000,87.0,60.3575,rule_v1
kettle,1386057994000000,1386058136000000,142.0,96.69638888888889,rule_v1
kettle,1386066853000000,1386066956000000,103.0,71.88583333333334,rule_v1
kettle,1386075810000000,1386075945000000,135.0,93.85694444444445,rule_v1
kettle,1386077517000000,1386077596000000,79.0,55.617222222222225,rule_v1
kettle,1386093637000000,1386093845000000,208.0,116.67972222222221,rule_v1
kettle,1386142806000000,1386142936000000,130.0,94.83722222222222,rule_v1
kettle,1386163155000000,1386163254000000,99.0,70.51722222222222,rule_v1
kettle,1386181202000000,1386181352000000,150.0,104.8125,rule_v1
kettle,1386191490000000,1386191591000000,101.0,67.77222222222223,rule_v1
kettle,1386226004000000,1386226117000000,113.0,79.3338888888889,rule_v1
kettle,1386228633000000,1386228677000000,44.0,34.78888888888889,rule_v1
kettle,1386266888000000,1386266965000000,77.0,56.06722222222222,rule_v1
kettle,1386267085000000,1386267167000000,82.0,58.725833333333334,rule_v1
kettle,1386277894000000,1386277999000000,105.0,71.0675,rule_v1
kettle,1386314715000000,1386314821000000,106.0,75.41583333333334,rule_v1
kettle,1386318395000000,1386318476000000,81.0,57.643055555555556,rule_v1
kettle,1386321872000000,1386321970000000,98.0,68.54888888888888,rule_v1
kettle,1386334792000000,1386334925000000,133.0,91.81138888888889,rule_v1
kettle,1386351580000000,1386351743000000,163.0,114.63888888888889,rule_v1
kettle,1386352654000000,1386352785000000,131.0,90.88222222222223,rule_v1
kettle,1386403409000000,1386403496000000,87.0,62.25805555555556,rule_v1
kettle,1386408278000000,1386408423000000,145.0,101.62805555555556,rule_v1
kettle,1386419591000000,1386419751000000,160.0,104.59194444444445,rule_v1
kettle,1386419930000000,1386420001000000,71.0,54.0175,rule_v1
kettle,1386420378000000,1386420422000000,44.0,35.776944444444446,rule_v1
kettle,1386493335000000,1386493435000000,100.0,70.06416666666667,rule_v1
kettle,1386575260000000,1386575391000000,131.0,89.64083333333333,rule_v1
kettle,1386583879000000,1386583990000000,111.0,76.93472222222222,rule_v1
kettle,1386609920000000,1386610013000000,93.0,97.62055555555555,rule_v1
kettle,1386612963000000,1386613079000000,116.0,81.61166666666666,rule_v1
kettle,1386613319000000,1386613474000000,155.0,79.57138888888889,rule_v1
kettle,1386622036000000,1386622119000000,83.0,57.870555555555555,rule_v1
kettle,1386625310000000,1386625408000000,98.0,67.68527777777778,rule_v1
kettle,1386662349000000,1386662492000000,143.0,99.1425,rule_v1
kettle,1386699578000000,1386699718000000,140.0,96.01833333333333,rule_v1
kettle,1386748425000000,1386748569000000,144.0,98.39916666666667,rule_v1
kettle,1386765503000000,1386765689000000,186.0,126.47638888888889,rule_v1
kettle,1386767381000000,1386767473000000,92.0,62.69916666666666,rule_v1
kettle,1386777186000000,1386777313000000,127.0,85.97666666666667,rule_v1
kettle,1386782894000000,1386782988000000,94.0,65.07583333333334,rule_v1
kettle,1386795858000000,1386795904000000,46.0,33.33305555555555,rule_v1
kettle,1386835362000000,1386835512000000,150.0,102.45666666666666,rule_v1
kettle,1386852107000000,1386852279000000,172.0,117.17333333333333,rule_v1
kettle,1386870109000000,1386870216000000,107.0,74.22444444444444,rule_v1
kettle,1386876254000000,1386876433000000,179.0,120.36861111111111,rule_v1
kettle,1386919928000000,1386920069000000,141.0,96.40972222222223,rule_v1
kettle,1386929122000000,1386929160000000,38.0,62.98722222222222,rule_v1
kettle,1386960285000000,1386960357000000,72.0,56.058055555555555,rule_v1
kettle,1387004636000000,1387004739000000,103.0,72.69277777777778,rule_v1
kettle,1387007200000000,1387007303000000,103.0,80.13916666666667,rule_v1
kettle,1387026258000000,1387026361000000,103.0,72.0286111111111,rule_v1
kettle,1387039704000000,1387039826000000,122.0,84.14666666666666,rule_v1
kettle,1387042904000000,1387042949000000,45.0,32.60138888888889,rule_v1
kettle,1387099092000000,1387099195000000,103.0,72.37083333333334,rule_v1
kettle,1387120855000000,1387120952000000,97.0,68.5,rule_v1
kettle,1387125139000000,1387125281000000,142.0,101.80611111111111,rule_v1
kettle,1387130059000000,1387130130000000,71.0,51.805,rule_v1
kettle,1387177634000000,1387177755000000,121.0,85.07666666666667,rule_v1
kettle,1387178823000000,1387178908000000,85.0,59.38,rule_v1
kettle,1387217918000000,1387218113000000,195.0,131.01416666666665,rule_v1
kettle,1387230187000000,1387230304000000,117.0,81.20444444444445,rule_v1
kettle,1387266972000000,1387267075000000,103.0,71.74833333333333,rule_v1
kettle,1387269421000000,1387269523000000,102.0,71.655,rule_v1
kettle,1387278657000000,1387278736000000,79.0,56.58611111111111,rule_v1
kettle,1387282908000000,1387282993000000,85.0,59.68361111111111,rule_v1
kettle,1387354239000000,1387354365000000,126.0,88.36277777777778,rule_v1
kettle,1387355164000000,1387355196000000,32.0,26.1125,rule_v1
kettle,1387390878000000,1387390990000000,112.0,76.76861111111111,rule_v1
kettle,1387391071000000,1387391110000000,39.0,28.83861111111111,rule_v1
kettle,1387397489000000,1387397590000000,101.0,67.80666666666667,rule_v1
kettle,1387437230000000,1387437338000000,108.0,74.48916666666666,rule_v1
kettle,1387439040000000,1387439133000000,93.0,65.09555555555555,rule_v1
kettle,1387456103000000,1387456179000000,76.0,52.700833333333335,rule_v1
kettle,1387462907000000,1387462979000000,72.0,51.76611111111111,rule_v1
kettle,1387475082000000,1387475135000000,53.0,37.24722222222222,rule_v1
kettle,1387526173000000,1387526306000000,133.0,89.505,rule_v1
kettle,1387538789000000,1387538891000000,102.0,72.69888888888889,rule_v1
kettle,1387568883000000,1387569022000000,139.0,93.73694444444445,rule_v1
kettle,1387615872000000,1387615993000000,121.0,83.62222222222222,rule_v1
kettle,1387627279000000,1387627435000000,156.0,108.37027777777777,rule_v1
kettle,1387627992000000,1387628089000000,97.0,69.35527777777777,rule_v1
kettle,1387630413000000,1387630466000000,53.0,39.5775,rule_v1
kettle,1387641293000000,1387641397000000,104.0,70.13027777777778,rule_v1
kettle,1387646634000000,1387646757000000,123.0,82.73472222222222,rule_v1
kettle,1387699815000000,1387699949000000,134.0,91.87444444444445,rule_v1
kettle,1387701674000000,1387701713000000,39.0,27.3375,rule_v1
kettle,1387702757000000,1387702790000000,33.0,26.814166666666665,rule_v1
kettle,1388249453000000,1388249602000000,149.0,101.635,rule_v1
kettle,1388250848000000,1388250952000000,104.0,71.90972222222223,rule_v1
kettle,1388253832000000,1388253910000000,78.0,55.75055555555556,rule_v1
kettle,1388309333000000,1388309443000000,110.0,75.81555555555556,rule_v1
kettle,1388328469000000,1388328562000000,93.0,65.95972222222223,rule_v1
kettle,1388391610000000,1388391748000000,138.0,95.22694444444444,rule_v1
kettle,1388413753000000,1388413876000000,123.0,84.30555555555556,rule_v1
kettle,1388426107000000,1388426261000000,154.0,102.49777777777778,rule_v1
kettle,1388429321000000,1388429437000000,116.0,78.01166666666667,rule_v1
kettle,1388481310000000,1388481437000000,127.0,86.61583333333333,rule_v1
kettle,1388483359000000,1388483397000000,38.0,30.234444444444446,rule_v1
kettle,1388492359000000,1388492476000000,117.0,81.0025,rule_v1
kettle,1388493560000000,1388493643000000,83.0,59.28944444444444,rule_v1
kettle,1388501384000000,1388501437000000,53.0,39.187222222222225,rule_v1
kettle,1388505083000000,1388505159000000,76.0,58.10166666666667,rule_v1
kettle,1388505676000000,1388505846000000,170.0,112.27527777777777,rule_v1
kettle,1388511175000000,1388511352000000,177.0,120.1975,rule_v1
kettle,1388572829000000,1388572947000000,118.0,80.31388888888888,rule_v1
kettle,1388577443000000,1388577522000000,79.0,56.382222222222225,rule_v1
kettle,1388585408000000,1388585505000000,97.0,67.24694444444444,rule_v1
kettle,1388587503000000,1388587586000000,83.0,57.94722222222222,rule_v1
kettle,1388597855000000,1388597958000000,103.0,66.37861111111111,rule_v1
kettle,1388653692000000,1388653884000000,192.0,108.26666666666667,rule_v1
kettle,1388682705000000,1388682821000000,116.0,51.885,rule_v1
kettle,1388683812000000,1388683901000000,89.0,67.47111111111111,rule_v1
kettle,1388687033000000,1388687108000000,75.0,51.38444444444445,rule_v1
kettle,1388690353000000,1388690452000000,99.0,67.13222222222223,rule_v1
kettle,1388733336000000,1388733435000000,99.0,69.99083333333333,rule_v1
kettle,1388737305000000,1388737415000000,110.0,75.1536111111111,rule_v1
kettle,1388751027000000,1388751177000000,150.0,100.74722222222222,rule_v1
kettle,1388754935000000,1388755053000000,118.0,81.46194444444444,rule_v1
kettle,1388756098000000,1388756137000000,39.0,30.1,rule_v1
kettle,1388772980000000,1388773065000000,85.0,59.40416666666667,rule_v1
kettle,1388828370000000,1388828507000000,137.0,93.86444444444444,rule_v1
kettle,1388838945000000,1388839126000000,181.0,121.08722222222222,rule_v1
kettle,1388840651000000,1388840749000000,98.0,76.86138888888888,rule_v1
kettle,1388841986000000,1388842060000000,74.0,49.99333333333333,rule_v1
kettle,1388866132000000,1388866235000000,103.0,70.56166666666667,rule_v1
kettle,1388910994000000,1388911119000000,125.0,85.77194444444444,rule_v1
kettle,1388930795000000,1388930911000000,116.0,76.13805555555555,rule_v1
kettle,1388950855000000,1388951003000000,148.0,97.12611111111111,rule_v1
kettle,1388996280000000,1388996412000000,132.0,89.51861111111111,rule_v1
kettle,1388997567000000,1388997607000000,40.0,29.560277777777777,rule_v1
kettle,1389031753000000,1389031909000000,156.0,106.18555555555555,rule_v1
kettle,1389032268000000,1389032343000000,75.0,53.77861111111111,rule_v1
kettle,1389080405000000,1389080516000000,111.0,77.30833333333334,rule_v1
kettle,1389082923000000,1389083022000000,99.0,68.72916666666667,rule_v1
kettle,1389100017000000,1389100063000000,46.0,33.649166666666666,rule_v1
kettle,1389101279000000,1389101384000000,105.0,75.23083333333334,rule_v1
kettle,1389119091000000,1389119257000000,166.0,108.2775,rule_v1
kettle,1389166579000000,1389166683000000,104.0,72.36138888888888,rule_v1
kettle,1389171110000000,1389171206000000,96.0,66.91222222222223,rule_v1
kettle,1389180908000000,1389180962000000,54.0,39.12916666666667,rule_v1
kettle,1389184862000000,1389184992000000,130.0,87.98861111111111,rule_v1
kettle,1389188771000000,1389188842000000,71.0,51.16833333333334,rule_v1
kettle,1389205740000000,1389205855000000,115.0,79.43722222222222,rule_v1
kettle,1389250892000000,1389250977000000,85.0,59.63666666666666,rule_v1
kettle,1389254633000000,1389254743000000,110.0,77.47638888888889,rule_v1
kettle,1389267593000000,1389267743000000,150.0,102.50805555555556,rule_v1
kettle,1389269547000000,1389269775000000,228.0,154.57805555555555,rule_v1
kettle,1389270911000000,1389270949000000,38.0,29.61777777777778,rule_v1
kettle,1389288121000000,1389288236000000,115.0,78.34222222222222,rule_v1
kettle,1389289639000000,1389289673000000,34.0,29.505,rule_v1
kettle,1389292857000000,1389292949000000,92.0,63.47638888888889,rule_v1
kettle,1389337378000000,1389337473000000,95.0,67.04777777777778,rule_v1
kettle,1389341485000000,1389341638000000,153.0,105.78527777777778,rule_v1
kettle,1389365263000000,1389365365000000,102.0,71.90388888888889,rule_v1
kettle,1389375254000000,1389375392000000,138.0,93.11138888888888,rule_v1
kettle,1389376524000000,1389376612000000,88.0,60.795833333333334,rule_v1
kettle,1389382361000000,1389382454000000,93.0,63.67111111111111,rule_v1
kettle,1389385259000000,1389385343000000,84.0,57.38444444444445,rule_v1
kettle,1389443435000000,1389443548000000,113.0,78.395,rule_v1
kettle,1389444756000000,1389444798000000,42.0,31.41861111111111,rule_v1
kettle,1389716637000000,1389716798000000,161.0,110.22611111111111,rule_v1
kettle,1389723264000000,1389723398000000,134.0,96.13972222222222,rule_v1
kettle,1389724731000000,1389724809000000,78.0,54.295833333333334,rule_v1
kettle,1389741805000000,1389742010000000,205.0,137.01222222222222,rule_v1
kettle,1389771713000000,1389771923000000,210.0,143.81277777777777,rule_v1
kettle,1389772042000000,1389772138000000,96.0,71.96861111111112,rule_v1
kettle,1389774160000000,1389774273000000,113.0,76.67361111111111,rule_v1
kettle,1389792252000000,1389792335000000,83.0,60.33583333333333,rule_v1
kettle,1389805435000000,1389805551000000,116.0,81.59388888888888,rule_v1
kettle,1389814452000000,1389814560000000,108.0,73.99861111111112,rule_v1
kettle,1389817376000000,1389817502000000,126.0,50.69833333333333,rule_v1
kettle,1389818109000000,1389818146000000,37.0,29.346944444444443,rule_v1
kettle,1389856561000000,1389856668000000,107.0,74.4661111111111,rule_v1
kettle,1389861428000000,1389861535000000,107.0,75.27805555555555,rule_v1
kettle,1389878740000000,1389878886000000,146.0,96.73555555555555,rule_v1
kettle,1389891576000000,1389891688000000,112.0,79.12861111111111,rule_v1
kettle,1389894860000000,1389895007000000,147.0,101.13555555555556,rule_v1
kettle,1389944077000000,1389944226000000,149.0,103.47722222222222,rule_v1
kettle,1389944586000000,1389944639000000,53.0,17.10472222222222,rule_v1
kettle,1389964277000000,1389964414000000,137.0,97.61694444444444,rule_v1
kettle,1389967168000000,1389967248000000,80.0,60.086666666666666,rule_v1
kettle,1389980040000000,1389980177000000,137.0,97.60055555555556,rule_v1
kettle,1389993323000000,1389993398000000,75.0,53.97222222222222,rule_v1
kettle,1390034166000000,1390034345000000,179.0,122.70055555555555,rule_v1
kettle,1390074889000000,1390075053000000,164.0,110.52222222222223,rule_v1
kettle,1390117677000000,1390117770000000,93.0,66.38055555555556,rule_v1
kettle,1390118715000000,1390118752000000,37.0,27.839444444444446,rule_v1
kettle,1390202265000000,1390202404000000,139.0,95.82944444444445,rule_v1
kettle,1390291446000000,1390291546000000,100.0,72.18138888888889,rule_v1
kettle,1390312413000000,1390312462000000,49.0,36.80361111111111,rule_v1
kettle,1390319372000000,1390319477000000,105.0,75.57888888888888,rule_v1
kettle,1390329480000000,1390329552000000,72.0,55.58361111111111,rule_v1
kettle,1390342064000000,1390342246000000,182.0,123.83055555555555,rule_v1
kettle,1390375759000000,1390375885000000,126.0,86.83916666666667,rule_v1
kettle,1390376453000000,1390376499000000,46.0,34.7275,rule_v1
kettle,1391026894000000,1391026994000000,100.0,78.36027777777778,rule_v1
kettle,1391028313000000,1391028412000000,99.0,68.77472222222222,rule_v1
kettle,1391069288000000,1391069415000000,127.0,87.8975,rule_v1
kettle,1391075699000000,1391075797000000,98.0,67.85805555555555,rule_v1
kettle,1391087555000000,1391087709000000,154.0,106.61333333333333,rule_v1
kettle,1391102113000000,1391102256000000,143.0,101.80333333333333,rule_v1
kettle,1391104597000000,1391104723000000,126.0,86.22583333333333,rule_v1
kettle,1391151392000000,1391151499000000,107.0,75.65527777777778,rule_v1
kettle,1391154483000000,1391154622000000,139.0,97.34416666666667,rule_v1
kettle,1391158895000000,1391158970000000,75.0,53.65638888888889,rule_v1
kettle,1391176215000000,1391176347000000,132.0,91.38083333333333,rule_v1
kettle,1391189885000000,1391189993000000,108.0,75.99722222222222,rule_v1
kettle,1391245523000000,1391245695000000,172.0,94.54027777777777,rule_v1
kettle,1391278822000000,1391278961000000,139.0,95.62166666666667,rule_v1
kettle,1391280649000000,1391280720000000,71.0,51.44916666666666,rule_v1
kettle,1391288725000000,1391288830000000,105.0,72.14888888888889,rule_v1
kettle,1391328127000000,1391328252000000,125.0,85.9375,rule_v1
kettle,1391329144000000,1391329228000000,84.0,60.719166666666666,rule_v1
kettle,1391343831000000,1391343997000000,166.0,115.15166666666667,rule_v1
kettle,1391353600000000,1391353690000000,90.0,63.079166666666666,rule_v1
kettle,1391362227000000,1391362316000000,89.0,62.62833333333333,rule_v1
kettle,1391411010000000,1391411108000000,98.0,69.30333333333333,rule_v1
kettle,1391411232000000,1391411286000000,54.0,41.21083333333333,rule_v1
kettle,1391452088000000,1391452175000000,87.0,61.67444444444445,rule_v1
kettle,1391453485000000,1391453561000000,76.0,53.50388888888889,rule_v1
kettle,1391500000000000,1391500109000000,109.0,76.5875,rule_v1
kettle,1391515290000000,1391515529000000,239.0,160.62444444444444,rule_v1
kettle,1391517305000000,1391517384000000,79.0,55.498333333333335,rule_v1
kettle,1391584556000000,1391584679000000,123.0,85.00861111111111,rule_v1
kettle,1391585871000000,1391585903000000,32.0,26.063055555555554,rule_v1
kettle,1391617146000000,1391617250000000,104.0,73.19444444444444,rule_v1
kettle,1391672463000000,1391672583000000,120.0,82.16638888888889,rule_v1
kettle,1391675846000000,1391675939000000,93.0,64.93388888888889,rule_v1
kettle,1391702348000000,1391702399000000,51.0,38.23416666666667,rule_v1
kettle,1391702477000000,1391702542000000,65.0,46.798611111111114,rule_v1
kettle,1391707805000000,1391708117000000,312.0,201.79527777777778,rule_v1
kettle,1391708408000000,1391708522000000,114.0,76.69583333333334,rule_v1
kettle,1391709983000000,1391710058000000,75.0,52.524166666666666,rule_v1
kettle,1391761299000000,1391761434000000,135.0,91.84777777777778,rule_v1
kettle,1391779397000000,1391779498000000,101.0,70.09833333333333,rule_v1
kettle,1391789637000000,1391789763000000,126.0,85.42722222222223,rule_v1
kettle,1391794473000000,1391794656000000,183.0,122.4786111111111,rule_v1
kettle,1391846969000000,1391847086000000,117.0,82.31861111111111,rule_v1
kettle,1391848356000000,1391848427000000,71.0,50.125,rule_v1
kettle,1391860569000000,1391860634000000,65.0,48.11611111111111,rule_v1
kettle,1391861931000000,1391862001000000,70.0,52.536944444444444,rule_v1
kettle,1391863543000000,1391863631000000,88.0,63.74027777777778,rule_v1
kettle,1391873383000000,1391873440000000,57.0,42.94833333333333,rule_v1
kettle,1391873545000000,1391873626000000,81.0,57.44361111111111,rule_v1
kettle,1391882374000000,1391882443000000,69.0,49.43861111111111,rule_v1
kettle,1391932895000000,1391932995000000,100.0,69.83055555555555,rule_v1
kettle,1391938167000000,1391938257000000,90.0,63.844722222222224,rule_v1
kettle,1391939995000000,1391940037000000,42.0,30.656388888888888,rule_v1
kettle,1391954017000000,1391954123000000,106.0,73.80361111111111,rule_v1
kettle,1391955151000000,1391955182000000,31.0,25.05666666666667,rule_v1
kettle,1391967744000000,1391967857000000,113.0,77.33805555555556,rule_v1
kettle,1391971817000000,1391971901000000,84.0,58.93055555555556,rule_v1
kettle,1392017883000000,1392018009000000,126.0,87.13111111111111,rule_v1
kettle,1392020724000000,1392020823000000,99.0,70.80833333333334,rule_v1
kettle,1392027371000000,1392027509000000,138.0,93.49222222222222,rule_v1
kettle,1392032921000000,1392032992000000,71.0,52.6875,rule_v1
kettle,1392053561000000,1392053802000000,241.0,163.8761111111111,rule_v1
kettle,1392054779000000,1392054920000000,141.0,97.53944444444444,rule_v1
kettle,1392105469000000,1392105585000000,116.0,81.15666666666667,rule_v1
kettle,1392106116000000,1392106196000000,80.0,56.52361111111111,rule_v1
kettle,1392119142000000,1392119232000000,90.0,63.74305555555556,rule_v1
kettle,1392124711000000,1392124822000000,111.0,78.93861111111111,rule_v1
kettle,1392126967000000,1392127018000000,51.0,38.06333333333333,rule_v1
kettle,1392146372000000,1392146470000000,98.0,66.75777777777778,rule_v1
kettle,1392190432000000,1392190583000000,151.0,80.96277777777779,rule_v1
kettle,1392192241000000,1392192344000000,103.0,72.75527777777778,rule_v1
kettle,1392213121000000,1392213201000000,80.0,60.56361111111111,rule_v1
kettle,1392225884000000,1392226056000000,172.0,118.99888888888889,rule_v1
kettle,1392236364000000,1392236462000000,98.0,67.2538888888889,rule_v1
kettle,1392277693000000,1392277815000000,122.0,84.69555555555556,rule_v1
kettle,1392278788000000,1392278823000000,35.0,25.8225,rule_v1
kettle,1392280386000000,1392280476000000,90.0,65.03694444444444,rule_v1
kettle,1392311414000000,1392311555000000,141.0,98.87083333333334,rule_v1
kettle,1392321415000000,1392321525000000,110.0,77.38222222222223,rule_v1
kettle,1392362473000000,1392362543000000,70.0,50.80833333333333,rule_v1
kettle,1392363456000000,1392363531000000,75.0,54.52333333333333,rule_v1
kettle,1392381087000000,1392381239000000,152.0,103.74027777777778,rule_v1
kettle,1392385637000000,1392385709000000,72.0,52.51861111111111,rule_v1
kettle,1392402063000000,1392402214000000,151.0,88.68416666666667,rule_v1
kettle,1392451323000000,1392451430000000,107.0,74.4636111111111,rule_v1
kettle,1392458040000000,1392458124000000,84.0,59.75611111111111,rule_v1
kettle,1392468439000000,1392468529000000,90.0,63.2325,rule_v1
kettle,1392472070000000,1392472253000000,183.0,117.03916666666666,rule_v1
kettle,1392477243000000,1392477380000000,137.0,92.41222222222223,rule_v1
kettle,1392484483000000,1392484748000000,265.0,175.18138888888888,rule_v1
kettle,1392486744000000,1392486828000000,84.0,57.128055555555555,rule_v1
kettle,1392494631000000,1392494710000000,79.0,57.004444444444445,rule_v1
kettle,1392496166000000,1392496375000000,209.0,137.35611111111112,rule_v1
kettle,1392537033000000,1392537166000000,133.0,92.69472222222223,rule_v1
kettle,1392550166000000,1392550260000000,94.0,63.54138888888889,rule_v1
kettle,1392552013000000,1392552084000000,71.0,51.65,rule_v1
kettle,1392569535000000,1392569624000000,89.0,62.593333333333334,rule_v1
kettle,1392625060000000,1392625193000000,133.0,91.9161111111111,rule_v1
kettle,1392636991000000,1392637089000000,98.0,70.22805555555556,rule_v1
kettle,1392661067000000,1392661179000000,112.0,77.60555555555555,rule_v1
kettle,1392667745000000,1392667815000000,70.0,73.17888888888889,rule_v1
kettle,1392708137000000,1392708187000000,50.0,52.22972222222222,rule_v1
kettle,1392708512000000,1392708599000000,87.0,59.00972222222222,rule_v1
kettle,1392727991000000,1392728108000000,117.0,80.95472222222222,rule_v1
kettle,1392747176000000,1392747334000000,158.0,108.70222222222222,rule_v1
kettle,1392749760000000,1392749865000000,105.0,72.24583333333334,rule_v1
kettle,1392789910000000,1392790049000000,139.0,96.95166666666667,rule_v1
kettle,1392810224000000,1392810345000000,121.0,84.5125,rule_v1
kettle,1392815703000000,1392815771000000,68.0,50.14888888888889,rule_v1
kettle,1392832585000000,1392832682000000,97.0,68.61861111111111,rule_v1
kettle,1392843493000000,1392843627000000,134.0,88.88138888888889,rule_v1
kettle,1392880927000000,1392881022000000,95.0,68.05805555555555,rule_v1
kettle,1392970395000000,1392970495000000,100.0,70.9786111111111,rule_v1
kettle,1393014413000000,1393014548000000,135.0,92.46583333333334,rule_v1
kettle,1393054076000000,1393054209000000,133.0,92.93,rule_v1
kettle,1393081641000000,1393081766000000,125.0,87.61,rule_v1
kettle,1393088087000000,1393088242000000,155.0,104.20833333333333,rule_v1
kettle,1393091371000000,1393091474000000,103.0,69.88777777777777,rule_v1
kettle,1393095072000000,1393095146000000,74.0,52.45583333333333,rule_v1
kettle,1393096164000000,1393096248000000,84.0,57.98416666666667,rule_v1
kettle,1393098388000000,1393098540000000,152.0,102.10083333333333,rule_v1
kettle,1393140397000000,1393140521000000,124.0,83.1913888888889,rule_v1
kettle,1393140951000000,1393141043000000,92.0,64.74222222222222,rule_v1
kettle,1393149697000000,1393149807000000,110.0,76.28194444444445,rule_v1
kettle,1393226790000000,1393226913000000,123.0,84.17666666666666,rule_v1
kettle,1393228969000000,1393229070000000,101.0,70.90194444444444,rule_v1
kettle,1393251651000000,1393251744000000,93.0,77.98194444444445,rule_v1
kettle,1393253897000000,1393253944000000,47.0,35.51277777777778,rule_v1
kettle,1393261263000000,1393261374000000,111.0,77.97,rule_v1
kettle,1393261858000000,1393261933000000,75.0,53.85527777777778,rule_v1
kettle,1393271002000000,1393271199000000,197.0,135.51222222222222,rule_v1
kettle,1393316224000000,1393316355000000,131.0,87.66833333333334,rule_v1
kettle,1393317993000000,1393318039000000,46.0,35.43,rule_v1
kettle,1393324216000000,1393324321000000,105.0,73.21111111111111,rule_v1
kettle,1393333282000000,1393333433000000,151.0,105.28444444444445,rule_v1
kettle,1393350519000000,1393350653000000,134.0,89.56361111111111,rule_v1
kettle,1393353360000000,1393353420000000,60.0,44.58,rule_v1
kettle,1393400287000000,1393400412000000,125.0,87.0775,rule_v1
kettle,1393418414000000,1393418601000000,187.0,128.89138888888888,rule_v1
kettle,1393424422000000,1393424537000000,115.0,81.73527777777778,rule_v1
kettle,1393439992000000,1393440086000000,94.0,69.34555555555555,rule_v1
kettle,1393445569000000,1393445788000000,219.0,143.65416666666667,rule_v1
kettle,1393488514000000,1393488655000000,141.0,94.52083333333333,rule_v1
kettle,1393498146000000,1393498226000000,80.0,89.58166666666666,rule_v1
kettle,1393521373000000,1393521460000000,87.0,73.45111111111112,rule_v1
kettle,1393521742000000,1393521788000000,46.0,34.74166666666667,rule_v1
kettle,1393523686000000,1393523777000000,91.0,63.89527777777778,rule_v1
kettle,1393526610000000,1393526669000000,59.0,43.84361111111111,rule_v1
kettle,1393573773000000,1393573882000000,109.0,76.50111111111111,rule_v1
kettle,1393576095000000,1393576181000000,86.0,61.954166666666666,rule_v1
kettle,1393582190000000,1393582292000000,102.0,71.66166666666666,rule_v1
kettle,1393588583000000,1393588711000000,128.0,88.79611111111112,rule_v1
kettle,1393609671000000,1393609948000000,277.0,186.16083333333333,rule_v1
kettle,1393616555000000,1393616653000000,98.0,67.995,rule_v1
kettle,1393663301000000,1393663437000000,136.0,95.85833333333333,rule_v1
kettle,1393665129000000,1393665175000000,46.0,36.04972222222222,rule_v1
kettle,1393679095000000,1393679202000000,107.0,74.76638888888888,rule_v1
kettle,1393695068000000,1393695332000000,264.0,158.30777777777777,rule_v1
kettle,1393746858000000,1393746962000000,104.0,73.23916666666666,rule_v1
kettle,1393751507000000,1393751584000000,77.0,53.74333333333333,rule_v1
kettle,1393755536000000,1393755663000000,127.0,82.85222222222222,rule_v1
kettle,1393766015000000,1393766117000000,102.0,73.03555555555556,rule_v1
kettle,1393767205000000,1393767245000000,40.0,30.94472222222222,rule_v1
kettle,1393829997000000,1393830135000000,138.0,92.30055555555556,rule_v1
kettle,1393831676000000,1393831717000000,41.0,32.59916666666667,rule_v1
kettle,1393880044000000,1393880149000000,105.0,73.20805555555556,rule_v1
kettle,1393919831000000,1393919955000000,124.0,85.80472222222222,rule_v1
kettle,1393937270000000,1393937390000000,120.0,84.85444444444444,rule_v1
kettle,1393941886000000,1393941951000000,65.0,47.169444444444444,rule_v1
kettle,1393967375000000,1393967494000000,119.0,80.82944444444445,rule_v1
kettle,1393970072000000,1393970130000000,58.0,42.02972222222222,rule_v1
kettle,1394004022000000,1394004161000000,139.0,96.43944444444445,rule_v1
kettle,1394005490000000,1394005537000000,47.0,35.569722222222225,rule_v1
kettle,1394043370000000,1394043500000000,130.0,88.38694444444444,rule_v1
kettle,1394090894000000,1394091022000000,128.0,89.03888888888889,rule_v1
kettle,1394093924000000,1394093991000000,67.0,48.54666666666667,rule_v1
kettle,1394113515000000,1394113620000000,105.0,74.41916666666667,rule_v1
kettle,1394132114000000,1394132190000000,76.0,52.401944444444446,rule_v1
kettle,1394140947000000,1394141048000000,101.0,67.75361111111111,rule_v1
kettle,1394178721000000,1394178849000000,128.0,87.28472222222223,rule_v1
kettle,1394179233000000,1394179298000000,65.0,47.61388888888889,rule_v1
kettle,1394193450000000,1394193573000000,123.0,86.17277777777778,rule_v1
kettle,1394214831000000,1394215048000000,217.0,124.2136111111111,rule_v1
kettle,1394217053000000,1394217172000000,119.0,82.88055555555556,rule_v1
kettle,1394268268000000,1394268382000000,114.0,79.07111111111111,rule_v1
kettle,1394299930000000,1394300080000000,150.0,101.17972222222222,rule_v1
kettle,1394310646000000,1394310728000000,82.0,58.565555555555555,rule_v1
kettle,1394355568000000,1394355681000000,113.0,78.07888888888888,rule_v1
kettle,1394383838000000,1394383979000000,141.0,96.14361111111111,rule_v1
kettle,1394437993000000,1394438107000000,114.0,80.03666666666666,rule_v1
kettle,1394486502000000,1394486569000000,67.0,47.21222222222222,rule_v1
kettle,1394489296000000,1394489418000000,122.0,83.99888888888889,rule_v1
kettle,1394523781000000,1394523888000000,107.0,74.08805555555556,rule_v1
kettle,1394535496000000,1394535595000000,99.0,64.44,rule_v1
kettle,1394557512000000,1394557661000000,149.0,100.53444444444445,rule_v1
kettle,1394557854000000,1394557928000000,74.0,53.18638888888889,rule_v1
kettle,1394574436000000,1394574582000000,146.0,98.43777777777778,rule_v1
kettle,1394611883000000,1394612008000000,125.0,82.44722222222222,rule_v1
kettle,1394626964000000,1394627056000000,92.0,66.37527777777778,rule_v1
kettle,1394695141000000,1394695240000000,99.0,70.45194444444445,rule_v1
kettle,1394707010000000,1394707103000000,93.0,67.195,rule_v1
kettle,1394733922000000,1394734047000000,125.0,86.96027777777778,rule_v1
kettle,1394746569000000,1394746626000000,57.0,41.439166666666665,rule_v1
kettle,1394781874000000,1394781954000000,80.0,57.4475,rule_v1
kettle,1394791215000000,1394791300000000,85.0,60.283055555555556,rule_v1
kettle,1394807080000000,1394807181000000,101.0,71.46861111111112,rule_v1
kettle,1394807908000000,1394807942000000,34.0,27.3,rule_v1
kettle,1394820403000000,1394820520000000,117.0,81.99916666666667,rule_v1
kettle,1394870558000000,1394870660000000,102.0,73.07805555555555,rule_v1
kettle,1394874456000000,1394874560000000,104.0,73.72277777777778,rule_v1
kettle,1394874797000000,1394874840000000,43.0,36.10611111111111,rule_v1
kettle,1394885036000000,1394885146000000,110.0,77.30305555555556,rule_v1
kettle,1394886932000000,1394886982000000,50.0,37.78638888888889,rule_v1
kettle,1394903674000000,1394903805000000,131.0,89.30305555555556,rule_v1
kettle,1394905548000000,1394905627000000,79.0,55.655,rule_v1
kettle,1394955115000000,1394955266000000,151.0,104.11527777777778,rule_v1
kettle,1394960681000000,1394960759000000,78.0,56.00833333333333,rule_v1
kettle,1394999224000000,1394999331000000,107.0,72.91388888888889,rule_v1
kettle,1394999582000000,1394999619000000,37.0,28.93027777777778,rule_v1
kettle,1395042413000000,1395042502000000,89.0,62.014722222222225,rule_v1
kettle,1395077274000000,1395077394000000,120.0,82.80055555555556,rule_v1
kettle,1395080447000000,1395080544000000,97.0,68.11833333333334,rule_v1
kettle,1395092205000000,1395092274000000,69.0,48.545833333333334,rule_v1
kettle,1395125869000000,1395125970000000,101.0,72.12055555555555,rule_v1
kettle,1395127975000000,1395128026000000,51.0,36.973055555555554,rule_v1
kettle,1395166965000000,1395167084000000,119.0,82.64916666666667,rule_v1
kettle,1395215453000000,1395215572000000,119.0,82.99777777777778,rule_v1
kettle,1395216790000000,1395216851000000,61.0,43.76305555555555,rule_v1
kettle,1395235337000000,1395235434000000,97.0,69.25555555555556,rule_v1
kettle,1395236697000000,1395236774000000,77.0,56.02611111111111,rule_v1
kettle,1395267272000000,1395267376000000,104.0,73.90583333333333,rule_v1
kettle,1395296075000000,1395296173000000,98.0,69.7375,rule_v1
kettle,1395297277000000,1395297309000000,32.0,25.335555555555555,rule_v1
kettle,1395303001000000,1395303083000000,82.0,56.95638888888889,rule_v1
kettle,1395306171000000,1395306234000000,63.0,45.48638888888889,rule_v1
kettle,1395314205000000,1395314285000000,80.0,57.67444444444445,rule_v1
kettle,1395316902000000,1395317008000000,106.0,70.66027777777778,rule_v1
kettle,1395323798000000,1395323875000000,77.0,56.11944444444445,rule_v1
kettle,1395324218000000,1395324280000000,62.0,44.56444444444445,rule_v1
kettle,1395341090000000,1395341192000000,102.0,73.05777777777777,rule_v1
kettle,1395386684000000,1395386796000000,112.0,77.20944444444444,rule_v1
kettle,1395419730000000,1395419808000000,78.0,55.37111111111111,rule_v1
kettle,1395422315000000,1395422400000000,85.0,59.81472222222222,rule_v1
kettle,1395470731000000,1395470825000000,94.0,66.02888888888889,rule_v1
kettle,1395473990000000,1395474073000000,83.0,58.929722222222225,rule_v1
kettle,1395476057000000,1395476147000000,90.0,64.40805555555555,rule_v1
kettle,1395510072000000,1395510192000000,120.0,82.26777777777778,rule_v1
kettle,1395561758000000,1395561881000000,123.0,87.9186111111111,rule_v1
kettle,1395571761000000,1395571845000000,84.0,60.10138888888889,rule_v1
kettle,1395587741000000,1395587851000000,110.0,76.48166666666667,rule_v1
kettle,1395645619000000,1395645728000000,109.0,75.86666666666666,rule_v1
kettle,1395647414000000,1395647455000000,41.0,32.979166666666664,rule_v1
kettle,1395688025000000,1395688143000000,118.0,81.94666666666667,rule_v1
kettle,1395734678000000,1395734804000000,126.0,88.24555555555555,rule_v1
kettle,1395743781000000,1395743880000000,99.0,68.43777777777778,rule_v1
kettle,1395750867000000,1395751000000000,133.0,91.9025,rule_v1
kettle,1395751080000000,1395751139000000,59.0,42.38055555555555,rule_v1
kettle,1395752004000000,1395752083000000,79.0,56.047222222222224,rule_v1
kettle,1395771519000000,1395771597000000,78.0,56.33861111111111,rule_v1
kettle,1395774206000000,1395774490000000,284.0,161.52833333333334,rule_v1
kettle,1395815043000000,1395815148000000,105.0,74.55166666666666,rule_v1
kettle,1395820517000000,1395820631000000,114.0,78.59861111111111,rule_v1
kettle,1395826567000000,1395826631000000,64.0,46.135555555555555,rule_v1
kettle,1395841614000000,1395841686000000,72.0,53.44555555555556,rule_v1
kettle,1395851199000000,1395851400000000,201.0,137.64888888888888,rule_v1
kettle,1395853202000000,1395853274000000,72.0,52.30361111111111,rule_v1
kettle,1395855562000000,1395855616000000,54.0,40.26305555555555,rule_v1
kettle,1395882514000000,1395882617000000,103.0,57.58027777777777,rule_v1
kettle,1395883254000000,1395883319000000,65.0,47.83111111111111,rule_v1
kettle,1395889741000000,1395889852000000,111.0,82.29277777777777,rule_v1
kettle,1395902160000000,1395902244000000,84.0,58.220555555555556,rule_v1
kettle,1395907056000000,1395907154000000,98.0,69.55916666666667,rule_v1
kettle,1395918868000000,1395918980000000,112.0,79.0375,rule_v1
kettle,1395927334000000,1395927464000000,130.0,90.71527777777777,rule_v1
kettle,1395929250000000,1395929300000000,50.0,33.62305555555555,rule_v1
kettle,1395944826000000,1395944956000000,130.0,89.17,rule_v1
kettle,1395951631000000,1395951748000000,117.0,76.46222222222222,rule_v1
kettle,1395994786000000,1395994921000000,135.0,94.34555555555555,rule_v1
kettle,1396003482000000,1396003621000000,139.0,94.27444444444444,rule_v1
kettle,1396006337000000,1396006410000000,73.0,52.47361111111111,rule_v1
kettle,1396008348000000,1396008426000000,78.0,54.33833333333333,rule_v1
kettle,1396023620000000,1396023719000000,99.0,69.34972222222223,rule_v1
kettle,1396026746000000,1396026872000000,126.0,86.21305555555556,rule_v1
kettle,1396029750000000,1396029841000000,91.0,62.71333333333333,rule_v1
kettle,1396081388000000,1396081520000000,132.0,91.87805555555556,rule_v1
kettle,1396083301000000,1396083383000000,82.0,57.636944444444445,rule_v1
kettle,1396091720000000,1396091896000000,176.0,117.71583333333334,rule_v1
kettle,1396092682000000,1396092727000000,45.0,32.70666666666666,rule_v1
kettle,1396107561000000,1396107689000000,128.0,88.07444444444444,rule_v1
kettle,1396113220000000,1396113448000000,228.0,148.34777777777776,rule_v1
kettle,1396114367000000,1396114506000000,139.0,93.41305555555556,rule_v1
kettle,1396116884000000,1396116943000000,59.0,42.838055555555556,rule_v1
kettle,1396124783000000,1396124876000000,93.0,62.55916666666667,rule_v1
kettle,1396166006000000,1396166125000000,119.0,81.95666666666666,rule_v1
kettle,1396166523000000,1396166603000000,80.0,55.507222222222225,rule_v1
kettle,1396248131000000,1396248253000000,122.0,86.86194444444445,rule_v1
kettle,1396252600000000,1396252691000000,91.0,64.67333333333333,rule_v1
kettle,1396269828000000,1396269922000000,94.0,63.46333333333333,rule_v1
kettle,1396284503000000,1396284713000000,210.0,144.37333333333333,rule_v1
kettle,1396304808000000,1396304880000000,72.0,51.66722222222222,rule_v1
kettle,1396336372000000,1396336495000000,123.0,86.34555555555555,rule_v1
kettle,1396342951000000,1396343034000000,83.0,58.82111111111111,rule_v1
kettle,1396355276000000,1396355383000000,107.0,75.20861111111111,rule_v1
kettle,1396370034000000,1396370244000000,210.0,119.60583333333334,rule_v1
kettle,1396429975000000,1396430089000000,114.0,76.03027777777778,rule_v1
kettle,1396441288000000,1396441425000000,137.0,95.85138888888889,rule_v1
kettle,1396442339000000,1396442374000000,35.0,26.630277777777778,rule_v1
kettle,1396442708000000,1396442818000000,110.0,77.70027777777777,rule_v1
kettle,1396442885000000,1396442935000000,50.0,36.20305555555556,rule_v1
kettle,1396447837000000,1396447895000000,58.0,42.22888888888889,rule_v1
kettle,1396462678000000,1396462759000000,81.0,56.844166666666666,rule_v1
kettle,1396463752000000,1396463840000000,88.0,60.591944444444444,rule_v1
kettle,1396510992000000,1396511109000000,117.0,82.86055555555555,rule_v1
kettle,1396523317000000,1396523497000000,180.0,88.88,rule_v1
kettle,1396535344000000,1396535448000000,104.0,71.67333333333333,rule_v1
kettle,1396544947000000,1396545045000000,98.0,65.35833333333333,rule_v1
kettle,1396595937000000,1396596035000000,98.0,70.67333333333333,rule_v1
kettle,1396600532000000,1396600612000000,80.0,55.97638888888889,rule_v1
kettle,1396602497000000,1396602570000000,73.0,51.191944444444445,rule_v1
kettle,1396628716000000,1396628866000000,150.0,100.77888888888889,rule_v1
kettle,1396683003000000,1396683122000000,119.0,81.06194444444445,rule_v1
kettle,1396687132000000,1396687233000000,101.0,71.20305555555555,rule_v1
kettle,1396687992000000,1396688023000000,31.0,25.323611111111113,rule_v1
kettle,1396700633000000,1396700757000000,124.0,86.3711111111111,rule_v1
kettle,1396702512000000,1396702644000000,132.0,91.66444444444444,rule_v1
kettle,1396712576000000,1396712674000000,98.0,67.78583333333333,rule_v1
kettle,1396714841000000,1396714964000000,123.0,84.94305555555556,rule_v1
kettle,1396715503000000,1396715644000000,141.0,95.7611111111111,rule_v1
kettle,1396715813000000,1396715888000000,75.0,52.92027777777778,rule_v1
kettle,1396770673000000,1396770794000000,121.0,82.87583333333333,rule_v1
kettle,1396793701000000,1396793809000000,108.0,74.90416666666667,rule_v1
kettle,1396857172000000,1396857306000000,134.0,91.65166666666667,rule_v1
kettle,1396868136000000,1396868240000000,104.0,69.3525,rule_v1
kettle,1396891280000000,1396891397000000,117.0,81.19083333333333,rule_v1
kettle,1396901323000000,1396901467000000,144.0,97.05555555555556,rule_v1
kettle,1396942254000000,1396942353000000,99.0,70.75138888888888,rule_v1
kettle,1396942977000000,1396943052000000,75.0,53.07666666666667,rule_v1
kettle,1396951066000000,1396951119000000,53.0,39.17444444444445,rule_v1
kettle,1396952906000000,1396953011000000,105.0,73.97083333333333,rule_v1
kettle,1396957467000000,1396957564000000,97.0,68.81861111111111,rule_v1
kettle,1396961467000000,1396961551000000,84.0,61.41388888888889,rule_v1
kettle,1396972758000000,1396972844000000,86.0,60.20666666666666,rule_v1
kettle,1396979966000000,1396980036000000,70.0,50.066944444444445,rule_v1
kettle,1397029380000000,1397029482000000,102.0,70.55944444444444,rule_v1
kettle,1397029923000000,1397029982000000,59.0,42.71861111111111,rule_v1
kettle,1397059305000000,1397059441000000,136.0,94.56916666666666,rule_v1
kettle,1397111547000000,1397111659000000,112.0,76.65638888888888,rule_v1
kettle,1397115764000000,1397115863000000,99.0,69.67166666666667,rule_v1
kettle,1397129439000000,1397129532000000,93.0,67.725,rule_v1
kettle,1397133793000000,1397133873000000,80.0,57.73027777777778,rule_v1
kettle,1397155357000000,1397155497000000,140.0,94.85388888888889,rule_v1
kettle,1397157505000000,1397157588000000,83.0,58.783055555555556,rule_v1
kettle,1397201228000000,1397201367000000,139.0,94.72194444444445,rule_v1
kettle,1397213864000000,1397213963000000,99.0,67.61777777777777,rule_v1
kettle,1397221081000000,1397221139000000,58.0,42.57666666666667,rule_v1
kettle,1397235934000000,1397236093000000,159.0,109.64416666666666,rule_v1
kettle,1397239779000000,1397239859000000,80.0,56.231944444444444,rule_v1
kettle,1397548332000000,1397548449000000,117.0,80.26194444444444,rule_v1
kettle,1397549672000000,1397549795000000,123.0,82.09388888888888,rule_v1
kettle,1397564047000000,1397564164000000,117.0,82.61,rule_v1
kettle,1397565616000000,1397565700000000,84.0,60.139722222222225,rule_v1
kettle,1397566391000000,1397566421000000,30.0,23.09111111111111,rule_v1
kettle,1397569984000000,1397570126000000,142.0,83.88083333333333,rule_v1
kettle,1397632833000000,1397632923000000,90.0,62.2075,rule_v1
kettle,1397648851000000,1397649063000000,212.0,111.78777777777778,rule_v1
kettle,1397664758000000,1397664862000000,104.0,72.64527777777778,rule_v1
kettle,1397671630000000,1397671714000000,84.0,59.03,rule_v1
kettle,1397719806000000,1397719910000000,104.0,70.98305555555555,rule_v1
kettle,1397722508000000,1397722632000000,124.0,85.8975,rule_v1
kettle,1397734476000000,1397734606000000,130.0,89.65472222222222,rule_v1
kettle,1397737128000000,1397737201000000,73.0,52.07,rule_v1
kettle,1397738884000000,1397738943000000,59.0,42.799166666666665,rule_v1
kettle,1397750326000000,1397750549000000,223.0,147.73305555555555,rule_v1
kettle,1397754062000000,1397754159000000,97.0,66.14305555555555,rule_v1
kettle,1397756645000000,1397756703000000,58.0,42.33027777777778,rule_v1
kettle,1397757194000000,1397757253000000,59.0,43.875,rule_v1
kettle,1397759385000000,1397759447000000,62.0,45.208888888888886,rule_v1
kettle,1397800930000000,1397801033000000,103.0,73.25694444444444,rule_v1
kettle,1397806510000000,1397806607000000,97.0,68.33694444444444,rule_v1
kettle,1397824525000000,1397824625000000,100.0,74.68166666666667,rule_v1
kettle,1397827795000000,1397827851000000,56.0,40.716944444444444,rule_v1
kettle,1397840649000000,1397840747000000,98.0,64.56805555555556,rule_v1
kettle,1397894490000000,1397894607000000,117.0,80.5225,rule_v1
kettle,1397895456000000,1397895520000000,64.0,46.43333333333333,rule_v1
kettle,1397911251000000,1397911360000000,109.0,74.42138888888888,rule_v1
kettle,1397927460000000,1397927670000000,210.0,140.34666666666666,rule_v1
kettle,1397927858000000,1397927942000000,84.0,57.763888888888886,rule_v1
kettle,1397976716000000,1397976834000000,118.0,80.95833333333333,rule_v1
kettle,1397979480000000,1397979525000000,45.0,33.03722222222222,rule_v1
kettle,1397987696000000,1397987829000000,133.0,90.66305555555556,rule_v1
kettle,1398067910000000,1398068019000000,109.0,80.5625,rule_v1
kettle,1398070997000000,1398071055000000,58.0,46.52333333333333,rule_v1
kettle,1398101527000000,1398101606000000,79.0,55.97833333333333,rule_v1
kettle,1398151262000000,1398151368000000,106.0,73.24222222222222,rule_v1
kettle,1398166136000000,1398166203000000,67.0,49.06027777777778,rule_v1
kettle,1398167574000000,1398167606000000,32.0,26.39027777777778,rule_v1
kettle,1398185470000000,1398185619000000,149.0,109.21083333333333,rule_v1
kettle,1398191482000000,1398191553000000,71.0,49.8925,rule_v1
kettle,1398193099000000,1398193163000000,64.0,46.272777777777776,rule_v1
kettle,1398196401000000,1398196492000000,91.0,63.23777777777778,rule_v1
kettle,1398235481000000,1398235599000000,118.0,83.6475,rule_v1
kettle,1398254934000000,1398255039000000,105.0,72.58666666666667,rule_v1
kettle,1398260294000000,1398260375000000,81.0,56.23444444444444,rule_v1
kettle,1398321245000000,1398321353000000,108.0,74.36861111111111,rule_v1
kettle,1398326448000000,1398326567000000,119.0,83.9588888888889,rule_v1
kettle,1398335899000000,1398336045000000,146.0,100.22222222222223,rule_v1
kettle,1398336481000000,1398336551000000,70.0,42.68111111111111,rule_v1
kettle,1398343640000000,1398343942000000,302.0,204.12583333333333,rule_v1
kettle,1398350467000000,1398350540000000,73.0,51.89111111111111,rule_v1
kettle,1398355084000000,1398355160000000,76.0,53.028055555555554,rule_v1
kettle,1398361405000000,1398361476000000,71.0,50.665277777777774,rule_v1
kettle,1398413179000000,1398413288000000,109.0,75.63666666666667,rule_v1
kettle,1398414261000000,1398414331000000,70.0,50.685833333333335,rule_v1
kettle,1398433691000000,1398433799000000,108.0,73.22,rule_v1
kettle,1398442050000000,1398442335000000,285.0,165.44055555555553,rule_v1
kettle,1398446422000000,1398446513000000,91.0,64.545,rule_v1
kettle,1398499060000000,1398499181000000,121.0,85.4175,rule_v1
kettle,1398523526000000,1398523625000000,99.0,68.87972222222223,rule_v1
kettle,1398530423000000,1398530566000000,143.0,96.2238888888889,rule_v1
kettle,1398530896000000,1398531006000000,110.0,60.04416666666667,rule_v1
kettle,1398588209000000,1398588328000000,119.0,81.05805555555555,rule_v1
kettle,1398608631000000,1398608730000000,99.0,68.61722222222222,rule_v1
kettle,1398621518000000,1398621616000000,98.0,68.84444444444445,rule_v1
kettle,1398666435000000,1398666516000000,81.0,59.46666666666667,rule_v1
kettle,1398670448000000,1398670541000000,93.0,67.0213888888889,rule_v1
kettle,1398706384000000,1398706510000000,126.0,87.51638888888888,rule_v1
kettle,1398749763000000,1398749876000000,113.0,78.41805555555555,rule_v1
kettle,1398770839000000,1398770904000000,65.0,46.62722222222222,rule_v1
kettle,1398773653000000,1398773740000000,87.0,61.35333333333333,rule_v1
kettle,1398789314000000,1398789386000000,72.0,51.22611111111111,rule_v1
kettle,1398792558000000,1398792677000000,119.0,81.52305555555556,rule_v1
kettle,1398844958000000,1398845036000000,78.0,54.907222222222224,rule_v1
kettle,1398874927000000,1398875050000000,123.0,84.44305555555556,rule_v1
kettle,1398876412000000,1398876504000000,92.0,64.58305555555556,rule_v1
kettle,1398878133000000,1398878185000000,52.0,38.13444444444445,rule_v1
kettle,1398924239000000,1398924324000000,85.0,60.20472222222222,rule_v1
kettle,1398933235000000,1398933346000000,111.0,77.34722222222223,rule_v1
kettle,1398947398000000,1398947516000000,118.0,82.52666666666667,rule_v1
kettle,1398953898000000,1398953978000000,80.0,55.6875,rule_v1
kettle,1398960806000000,1398960916000000,110.0,68.98,rule_v1
kettle,1398961097000000,1398961163000000,66.0,48.05222222222222,rule_v1
kettle,1398962106000000,1398962178000000,72.0,51.510555555555555,rule_v1
kettle,1399015957000000,1399016095000000,138.0,93.60555555555555,rule_v1
kettle,1399017199000000,1399017232000000,33.0,26.21611111111111,rule_v1
kettle,1399033691000000,1399033938000000,247.0,148.64166666666665,rule_v1
kettle,1399038687000000,1399038772000000,85.0,62.72361111111111,rule_v1
kettle,1399049457000000,1399049543000000,86.0,61.85527777777778,rule_v1
kettle,1399050661000000,1399050726000000,65.0,47.635555555555555,rule_v1
kettle,1399053843000000,1399053912000000,69.0,48.596666666666664,rule_v1
kettle,1399103096000000,1399103216000000,120.0,81.10583333333334,rule_v1
kettle,1399111508000000,1399111693000000,185.0,92.7475,rule_v1
kettle,1399133784000000,1399133895000000,111.0,76.65277777777777,rule_v1
kettle,1399188683000000,1399188797000000,114.0,79.2875,rule_v1
kettle,1399194595000000,1399194689000000,94.0,63.14833333333333,rule_v1
kettle,1399223763000000,1399223858000000,95.0,63.45777777777778,rule_v1
kettle,1399224194000000,1399224244000000,50.0,35.74638888888889,rule_v1
kettle,1399269222000000,1399269337000000,115.0,80.53027777777778,rule_v1
kettle,1399280557000000,1399280649000000,92.0,64.3425,rule_v1
kettle,1399291998000000,1399292103000000,105.0,73.95055555555555,rule_v1
kettle,1399293505000000,1399293592000000,87.0,62.31527777777778,rule_v1
kettle,1399313445000000,1399313524000000,79.0,56.18861111111111,rule_v1
kettle,1399360412000000,1399360490000000,78.0,55.88444444444445,rule_v1
kettle,1399391017000000,1399391124000000,107.0,73.95527777777778,rule_v1
kettle,1399396479000000,1399396565000000,86.0,62.022222222222226,rule_v1
kettle,1399397420000000,1399397488000000,68.0,48.37166666666667,rule_v1
kettle,1399438120000000,1399438217000000,97.0,67.64888888888889,rule_v1
kettle,1399448914000000,1399449013000000,99.0,72.48055555555555,rule_v1
kettle,1399474803000000,1399474935000000,132.0,92.6125,rule_v1
kettle,1399482590000000,1399482740000000,150.0,103.77333333333333,rule_v1
kettle,1399534076000000,1399534227000000,151.0,81.56472222222223,rule_v1
kettle,1399534435000000,1399534516000000,81.0,39.64527777777778,rule_v1
kettle,1399541923000000,1399542036000000,113.0,80.73583333333333,rule_v1
kettle,1399548056000000,1399548141000000,85.0,59.21111111111111,rule_v1
kettle,1399549862000000,1399549903000000,41.0,30.609166666666667,rule_v1
kettle,1399567570000000,1399567832000000,262.0,149.69722222222222,rule_v1
kettle,1399569764000000,1399569808000000,44.0,33.74472222222222,rule_v1
kettle,1399617984000000,1399618084000000,100.0,67.7388888888889,rule_v1
kettle,1399651846000000,1399651936000000,90.0,63.84888888888889,rule_v1
kettle,1399653704000000,1399653802000000,98.0,70.46805555555555,rule_v1
kettle,1399657242000000,1399657328000000,86.0,60.90138888888889,rule_v1
kettle,1399658846000000,1399658957000000,111.0,75.61527777777778,rule_v1
kettle,1399659083000000,1399659145000000,62.0,44.160833333333336,rule_v1
kettle,1399660646000000,1399660713000000,67.0,50.76416666666667,rule_v1
kettle,1399707936000000,1399708061000000,125.0,83.39305555555555,rule_v1
kettle,1399709847000000,1399709933000000,86.0,60.716388888888886,rule_v1
kettle,1399733887000000,1399734006000000,119.0,83.00694444444444,rule_v1
kettle,1399793082000000,1399793174000000,92.0,65.87,rule_v1
kettle,1399800685000000,1399800789000000,104.0,73.58638888888889,rule_v1
kettle,1399811042000000,1399811207000000,165.0,111.45416666666667,rule_v1
kettle,1399811314000000,1399811419000000,105.0,72.77222222222223,rule_v1
kettle,1399812160000000,1399812232000000,72.0,50.68666666666667,rule_v1
kettle,1399821562000000,1399821647000000,85.0,60.57333333333333,rule_v1
kettle,1399872299000000,1399872386000000,87.0,62.304722222222225,rule_v1
kettle,1399877332000000,1399877434000000,102.0,70.05388888888889,rule_v1
kettle,1399885741000000,1399885830000000,89.0,63.52861111111111,rule_v1
kettle,1399897282000000,1399897384000000,102.0,71.06388888888888,rule_v1
kettle,1399914538000000,1399914655000000,117.0,81.38694444444444,rule_v1
kettle,1399957863000000,1399957935000000,72.0,53.977222222222224,rule_v1
kettle,1399966606000000,1399966698000000,92.0,87.62944444444445,rule_v1
kettle,1399978321000000,1399978439000000,118.0,81.78972222222222,rule_v1
kettle,1399982637000000,1399982724000000,87.0,61.60388888888889,rule_v1
kettle,1399990171000000,1399990249000000,78.0,56.4275,rule_v1
kettle,1399999235000000,1399999321000000,86.0,60.17861111111111,rule_v1
kettle,1400049590000000,1400049701000000,111.0,77.31055555555555,rule_v1
kettle,1400054180000000,1400054273000000,93.0,64.25611111111111,rule_v1
kettle,1400072522000000,1400072627000000,105.0,74.67111111111112,rule_v1
kettle,1400077706000000,1400077777000000,71.0,50.60611111111111,rule_v1
kettle,1400088070000000,1400088200000000,130.0,88.79416666666667,rule_v1
kettle,1400090552000000,1400090644000000,92.0,63.30638888888889,rule_v1
kettle,1400131363000000,1400131435000000,72.0,51.69361111111111,rule_v1
kettle,1400140217000000,1400140322000000,105.0,73.81055555555555,rule_v1
kettle,1400146385000000,1400146439000000,54.0,38.37888888888889,rule_v1
kettle,1400180739000000,1400180851000000,112.0,76.40055555555556,rule_v1
kettle,1400219000000000,1400219079000000,79.0,56.948055555555555,rule_v1
kettle,1400224317000000,1400224437000000,120.0,79.7675,rule_v1
kettle,1400249359000000,1400249431000000,72.0,51.625,rule_v1
kettle,1400260614000000,1400260714000000,100.0,67.88555555555556,rule_v1
kettle,1400312708000000,1400312800000000,92.0,64.78722222222223,rule_v1
kettle,1400314706000000,1400314796000000,90.0,63.4,rule_v1
kettle,1400336558000000,1400336686000000,128.0,89.10027777777778,rule_v1
kettle,1400336759000000,1400336838000000,79.0,56.756388888888885,rule_v1
kettle,1400342156000000,1400342222000000,66.0,47.40027777777778,rule_v1
kettle,1400348171000000,1400348249000000,78.0,55.829166666666666,rule_v1
kettle,1400391135000000,1400391222000000,87.0,60.727777777777774,rule_v1
kettle,1400397750000000,1400397854000000,104.0,75.5475,rule_v1
kettle,1400479842000000,1400479932000000,90.0,65.14361111111111,rule_v1
kettle,1400485324000000,1400485389000000,65.0,46.63472222222222,rule_v1
kettle,1400500397000000,1400500540000000,143.0,97.92138888888888,rule_v1
kettle,1400503267000000,1400503334000000,67.0,47.37555555555556,rule_v1
kettle,1400527585000000,1400527673000000,88.0,62.88722222222222,rule_v1
kettle,1400568185000000,1400568282000000,97.0,69.6375,rule_v1
kettle,1400572143000000,1400572199000000,56.0,39.29944444444445,rule_v1
kettle,1400588410000000,1400588480000000,70.0,52.03916666666667,rule_v1
kettle,1400604234000000,1400604408000000,174.0,117.02222222222223,rule_v1
kettle,1400605674000000,1400605771000000,97.0,68.78916666666667,rule_v1
kettle,1400654904000000,1400655023000000,119.0,81.57527777777777,rule_v1
kettle,1400676147000000,1400676233000000,86.0,60.76361111111111,rule_v1
kettle,1400690120000000,1400690260000000,140.0,94.71861111111112,rule_v1
kettle,1400692931000000,1400693039000000,108.0,76.53555555555556,rule_v1
kettle,1400741638000000,1400741746000000,108.0,75.4875,rule_v1
kettle,1400763350000000,1400763468000000,118.0,80.42944444444444,rule_v1
kettle,1400776366000000,1400776485000000,119.0,86.02027777777778,rule_v1
kettle,1400827159000000,1400827273000000,114.0,80.26722222222222,rule_v1
kettle,1400838003000000,1400838111000000,108.0,75.77055555555556,rule_v1
kettle,1400853227000000,1400853332000000,105.0,75.7238888888889,rule_v1
kettle,1400864076000000,1400864198000000,122.0,85.18138888888889,rule_v1
kettle,1400867792000000,1400867832000000,40.0,30.46611111111111,rule_v1
kettle,1400912986000000,1400913082000000,96.0,66.18722222222222,rule_v1
kettle,1400917045000000,1400917139000000,94.0,67.3463888888889,rule_v1
kettle,1400928602000000,1400928705000000,103.0,70.31305555555555,rule_v1
kettle,1401604668000000,1401604810000000,142.0,97.8386111111111,rule_v1
kettle,1401608860000000,1401608945000000,85.0,60.00194444444445,rule_v1
kettle,1401624026000000,1401624146000000,120.0,81.93111111111111,rule_v1
kettle,1401630884000000,1401630956000000,72.0,61.95638888888889,rule_v1
kettle,1401632425000000,1401632465000000,40.0,30.308055555555555,rule_v1
kettle,1401641305000000,1401641393000000,88.0,60.574444444444445,rule_v1
kettle,1401642091000000,1401642179000000,88.0,60.465,rule_v1
kettle,1401697319000000,1401697395000000,76.0,52.971944444444446,rule_v1
kettle,1401698352000000,1401698384000000,32.0,25.460833333333333,rule_v1
kettle,1401710378000000,1401710480000000,102.0,71.71305555555556,rule_v1
kettle,1401710566000000,1401710626000000,60.0,43.73,rule_v1
kettle,1401727246000000,1401727412000000,166.0,115.3086111111111,rule_v1
kettle,1401778668000000,1401778772000000,104.0,74.52055555555556,rule_v1
kettle,1401791241000000,1401791399000000,158.0,105.30333333333333,rule_v1
kettle,1401794374000000,1401794449000000,75.0,52.55555555555556,rule_v1
kettle,1401808784000000,1401808927000000,143.0,98.57555555555555,rule_v1
kettle,1401865843000000,1401865953000000,110.0,76.01416666666667,rule_v1
kettle,1401871652000000,1401871741000000,89.0,61.95361111111111,rule_v1
kettle,1401887712000000,1401887825000000,113.0,78.11777777777777,rule_v1
kettle,1401956753000000,1401956885000000,132.0,90.71138888888889,rule_v1
kettle,1401968438000000,1401968599000000,161.0,110.58944444444444,rule_v1
kettle,1401973117000000,1401973193000000,76.0,53.87861111111111,rule_v1
kettle,1401985486000000,1401985602000000,116.0,81.7975,rule_v1
kettle,1402040095000000,1402040198000000,103.0,72.13972222222222,rule_v1
kettle,1402059307000000,1402059408000000,101.0,70.74166666666666,rule_v1
kettle,1402064732000000,1402064807000000,75.0,53.62083333333333,rule_v1
kettle,1402070981000000,1402071101000000,120.0,81.23361111111112,rule_v1
kettle,1402126050000000,1402126155000000,105.0,73.23361111111112,rule_v1
kettle,1402134949000000,1402135106000000,157.0,77.56055555555557,rule_v1
kettle,1402152507000000,1402152571000000,64.0,47.28861111111111,rule_v1
kettle,1402160860000000,1402160930000000,70.0,47.72,rule_v1
kettle,1402210971000000,1402211062000000,91.0,63.61333333333334,rule_v1
kettle,1402215304000000,1402215402000000,98.0,67.95722222222223,rule_v1
kettle,1402216193000000,1402216257000000,64.0,45.73,rule_v1
kettle,1402243660000000,1402243721000000,61.0,44.50194444444445,rule_v1
kettle,1402293845000000,1402293957000000,112.0,78.67,rule_v1
kettle,1402299255000000,1402299344000000,89.0,61.57833333333333,rule_v1
kettle,1402327378000000,1402327496000000,118.0,83.185,rule_v1
kettle,1402339180000000,1402339265000000,85.0,59.37277777777778,rule_v1
kettle,1402385804000000,1402385895000000,91.0,63.550555555555555,rule_v1
kettle,1402386153000000,1402386212000000,59.0,43.85861111111111,rule_v1
kettle,1402402078000000,1402402188000000,110.0,79.8561111111111,rule_v1
kettle,1402471580000000,1402471660000000,80.0,57.58083333333333,rule_v1
kettle,1402903818000000,1402903978000000,160.0,110.295,rule_v1
kettle,1402914973000000,1402915088000000,115.0,80.61916666666667,rule_v1
kettle,1402917442000000,1402917572000000,130.0,89.27333333333333,rule_v1
kettle,1402917678000000,1402917754000000,76.0,55.97972222222222,rule_v1
kettle,1402920538000000,1402920644000000,106.0,74.38166666666666,rule_v1
kettle,1402936255000000,1402936521000000,266.0,179.79916666666668,rule_v1
kettle,1402939026000000,1402939166000000,140.0,95.13666666666667,rule_v1
kettle,1402988320000000,1402988396000000,76.0,56.32,rule_v1
kettle,1402992833000000,1402992925000000,92.0,66.15638888888888,rule_v1
kettle,1403021335000000,1403021581000000,246.0,166.625,rule_v1
kettle,1403077716000000,1403077834000000,118.0,82.3025,rule_v1
kettle,1403110976000000,1403111067000000,91.0,67.1325,rule_v1
kettle,1403160977000000,1403161113000000,136.0,94.25555555555556,rule_v1
kettle,1403194852000000,1403194984000000,132.0,89.95138888888889,rule_v1
kettle,1403197196000000,1403197268000000,72.0,51.95166666666667,rule_v1
kettle,1403203238000000,1403203316000000,78.0,54.910555555555554,rule_v1
kettle,1403247380000000,1403247498000000,118.0,83.60944444444445,rule_v1
kettle,1403263109000000,1403263257000000,148.0,103.15722222222222,rule_v1
kettle,1403266008000000,1403266081000000,73.0,53.17916666666667,rule_v1
kettle,1403275455000000,1403275597000000,142.0,94.98611111111111,rule_v1
kettle,1403331860000000,1403331973000000,113.0,78.09972222222223,rule_v1
kettle,1403336299000000,1403336361000000,62.0,45.07944444444445,rule_v1
kettle,1403356177000000,1403356268000000,91.0,63.57555555555555,rule_v1
kettle,1403371342000000,1403371517000000,175.0,118.73916666666666,rule_v1
kettle,1403419838000000,1403419949000000,111.0,77.39861111111111,rule_v1
kettle,1403425135000000,1403425259000000,124.0,84.0075,rule_v1
kettle,1403505430000000,1403505542000000,112.0,78.8825,rule_v1
kettle,1403516195000000,1403516283000000,88.0,62.29083333333333,rule_v1
kettle,1403542713000000,1403542828000000,115.0,81.49166666666666,rule_v1
kettle,1403591126000000,1403591223000000,97.0,68.42694444444444,rule_v1
kettle,1403605283000000,1403605360000000,77.0,55.45444444444445,rule_v1
kettle,1403611234000000,1403611341000000,107.0,73.64194444444445,rule_v1
kettle,1403625309000000,1403625470000000,161.0,110.23861111111111,rule_v1
kettle,1403627703000000,1403627782000000,79.0,55.84888888888889,rule_v1
kettle,1403629005000000,1403629124000000,119.0,81.15944444444445,rule_v1
kettle,1403674685000000,1403674777000000,92.0,65.81333333333333,rule_v1
kettle,1403683262000000,1403683377000000,115.0,76.39833333333333,rule_v1
kettle,1403697030000000,1403697153000000,123.0,85.91555555555556,rule_v1
kettle,1403715236000000,1403715343000000,107.0,74.74277777777777,rule_v1
kettle,1403716208000000,1403716239000000,31.0,25.01222222222222,rule_v1
kettle,1403765226000000,1403765329000000,103.0,73.50305555555556,rule_v1
kettle,1403767965000000,1403768044000000,79.0,54.29416666666667,rule_v1
kettle,1403789303000000,1403789395000000,92.0,64.79194444444444,rule_v1
kettle,1403801060000000,1403801245000000,185.0,123.40777777777778,rule_v1
kettle,1403848116000000,1403848206000000,90.0,63.31805555555555,rule_v1
kettle,1403855350000000,1403855461000000,111.0,74.58777777777777,rule_v1
kettle,1403868162000000,1403868279000000,117.0,81.42166666666667,rule_v1
kettle,1403870109000000,1403870213000000,104.0,72.16944444444445,rule_v1
kettle,1403888223000000,1403888307000000,84.0,59.77333333333333,rule_v1
kettle,1403889269000000,1403889341000000,72.0,51.40361111111111,rule_v1
kettle,1403894294000000,1403894376000000,82.0,56.70916666666667,rule_v1
kettle,1403940772000000,1403940869000000,97.0,68.83722222222222,rule_v1
kettle,1403947861000000,1403947950000000,89.0,62.58083333333333,rule_v1
kettle,1403975287000000,1403975430000000,143.0,100.92138888888888,rule_v1
kettle,1404031299000000,1404031428000000,129.0,89.30305555555556,rule_v1
kettle,1404032592000000,1404032630000000,38.0,29.255,rule_v1
kettle,1404037801000000,1404037915000000,114.0,79.35111111111111,rule_v1
kettle,1404060188000000,1404060333000000,145.0,98.43111111111111,rule_v1
kettle,1404061665000000,1404061710000000,45.0,32.55388888888889,rule_v1
kettle,1404116830000000,1404116916000000,86.0,64.0775,rule_v1
kettle,1404153725000000,1404153809000000,84.0,59.19166666666667,rule_v1
kettle,1404194437000000,1404194527000000,90.0,64.37138888888889,rule_v1
kettle,1404200225000000,1404200324000000,99.0,68.58416666666666,rule_v1
kettle,1404231571000000,1404231707000000,136.0,92.63861111111112,rule_v1
kettle,1404233718000000,1404233775000000,57.0,41.6175,rule_v1
kettle,1404236144000000,1404236236000000,92.0,64.19722222222222,rule_v1
kettle,1404236425000000,1404236470000000,45.0,33.20805555555555,rule_v1
kettle,1404280378000000,1404280469000000,91.0,63.63861111111111,rule_v1
kettle,1404284958000000,1404285056000000,98.0,70.06888888888889,rule_v1
kettle,1404306613000000,1404306709000000,96.0,65.75944444444444,rule_v1
kettle,1404319617000000,1404319742000000,125.0,87.60972222222222,rule_v1
kettle,1404719612000000,1404719670000000,58.0,42.824444444444445,rule_v1
kettle,1404720865000000,1404720943000000,78.0,54.69555555555556,rule_v1
kettle,1404733176000000,1404733291000000,115.0,77.09972222222223,rule_v1
kettle,1404734115000000,1404734174000000,59.0,42.80916666666667,rule_v1
kettle,1404734888000000,1404734939000000,51.0,37.31194444444444,rule_v1
kettle,1404745317000000,1404745395000000,78.0,55.42888888888889,rule_v1
kettle,1404752818000000,1404752982000000,164.0,113.94388888888889,rule_v1
kettle,1404800451000000,1404800524000000,73.0,55.506388888888885,rule_v1
kettle,1404806023000000,1404806113000000,90.0,67.225,rule_v1
kettle,1404839277000000,1404839435000000,158.0,109.38972222222222,rule_v1
kettle,1404839608000000,1404839689000000,81.0,60.574444444444445,rule_v1
kettle,1404883341000000,1404883425000000,84.0,58.35583333333334,rule_v1
kettle,1404892547000000,1404892638000000,91.0,64.22333333333333,rule_v1
kettle,1404908533000000,1404908631000000,98.0,67.98722222222223,rule_v1
kettle,1404919409000000,1404919494000000,85.0,60.740833333333335,rule_v1
kettle,1404922127000000,1404922178000000,51.0,37.51972222222222,rule_v1
kettle,1404924212000000,1404924342000000,130.0,90.24805555555555,rule_v1
kettle,1404927078000000,1404927129000000,51.0,36.83111111111111,rule_v1
kettle,1404970551000000,1404970622000000,71.0,52.8225,rule_v1
kettle,1404979611000000,1404979702000000,91.0,63.17194444444444,rule_v1
kettle,1404981126000000,1404981210000000,84.0,59.56027777777778,rule_v1
kettle,1404994455000000,1404994556000000,101.0,70.7675,rule_v1
kettle,1405005563000000,1405005634000000,71.0,50.477777777777774,rule_v1
kettle,1405008195000000,1405008361000000,166.0,112.0425,rule_v1
kettle,1405011563000000,1405011665000000,102.0,70.8025,rule_v1
kettle,1405014586000000,1405014659000000,73.0,52.419444444444444,rule_v1
kettle,1405058363000000,1405058415000000,52.0,39.007777777777775,rule_v1
kettle,1405059804000000,1405059877000000,73.0,52.00416666666667,rule_v1
kettle,1405066603000000,1405066687000000,84.0,59.68944444444445,rule_v1
kettle,1405073052000000,1405073194000000,142.0,98.11111111111111,rule_v1
kettle,1405086847000000,1405086953000000,106.0,72.83916666666667,rule_v1
kettle,1405098925000000,1405099029000000,104.0,72.72555555555556,rule_v1
kettle,1405104445000000,1405104522000000,77.0,55.44861111111111,rule_v1
kettle,1405120617000000,1405120708000000,91.0,63.06333333333333,rule_v1
kettle,1405145576000000,1405145713000000,137.0,93.96555555555555,rule_v1
kettle,1405151701000000,1405151786000000,85.0,61.48111111111111,rule_v1
kettle,1405153141000000,1405153186000000,45.0,34.2475,rule_v1
kettle,1405155011000000,1405155051000000,40.0,30.371666666666666,rule_v1
kettle,1405162603000000,1405162732000000,129.0,88.34277777777778,rule_v1
kettle,1405231736000000,1405231849000000,113.0,79.36416666666666,rule_v1
kettle,1405235794000000,1405235891000000,97.0,69.47305555555556,rule_v1
kettle,1405237535000000,1405237579000000,44.0,34.225,rule_v1
kettle,1405243421000000,1405243558000000,137.0,91.10277777777777,rule_v1
kettle,1405260260000000,1405260366000000,106.0,74.58361111111111,rule_v1
kettle,1405264174000000,1405264232000000,58.0,42.875277777777775,rule_v1
kettle,1405314579000000,1405314670000000,91.0,63.099444444444444,rule_v1
kettle,1405319763000000,1405319882000000,119.0,82.15416666666667,rule_v1
kettle,1405336898000000,1405337014000000,116.0,81.01916666666666,rule_v1
kettle,1405354933000000,1405355112000000,179.0,122.45166666666667,rule_v1
kettle,1405401614000000,1405401714000000,100.0,47.25805555555556,rule_v1
kettle,1405407294000000,1405407390000000,96.0,67.85833333333333,rule_v1
kettle,1405409772000000,1405409857000000,85.0,60.04555555555555,rule_v1
kettle,1405424345000000,1405424446000000,101.0,69.58222222222223,rule_v1
kettle,1405441466000000,1405441590000000,124.0,86.7425,rule_v1
kettle,1405489859000000,1405489939000000,80.0,56.689166666666665,rule_v1
kettle,1405495937000000,1405496040000000,103.0,72.06416666666667,rule_v1
kettle,1405510510000000,1405510587000000,77.0,53.31777777777778,rule_v1
kettle,1405526492000000,1405526680000000,188.0,128.00861111111112,rule_v1
kettle,1405531855000000,1405531918000000,63.0,44.838055555555556,rule_v1
kettle,1405575796000000,1405575885000000,89.0,62.46527777777778,rule_v1
kettle,1405576134000000,1405576194000000,60.0,43.772777777777776,rule_v1
kettle,1405577733000000,1405577857000000,124.0,84.77944444444445,rule_v1
kettle,1405613542000000,1405613680000000,138.0,94.17222222222222,rule_v1
kettle,1405665571000000,1405665651000000,80.0,56.772222222222226,rule_v1
kettle,1405666065000000,1405666171000000,106.0,70.24055555555556,rule_v1
kettle,1405701041000000,1405701175000000,134.0,91.59333333333333,rule_v1
kettle,1405751749000000,1405751855000000,106.0,74.17805555555556,rule_v1
kettle,1405752890000000,1405752928000000,38.0,28.954722222222223,rule_v1
kettle,1405760806000000,1405760942000000,136.0,94.03694444444444,rule_v1
kettle,1405788215000000,1405788400000000,185.0,126.85472222222222,rule_v1
kettle,1405838170000000,1405838305000000,135.0,92.98194444444445,rule_v1
kettle,1405840706000000,1405840840000000,134.0,88.68583333333333,rule_v1
kettle,1405870881000000,1405871003000000,122.0,82.89277777777778,rule_v1
kettle,1405925777000000,1405925860000000,83.0,59.108333333333334,rule_v1
kettle,1405965953000000,1405966092000000,139.0,96.22638888888889,rule_v1
kettle,1405966511000000,1405966636000000,125.0,87.34777777777778,rule_v1
kettle,1405968463000000,1405968525000000,62.0,44.06111111111111,rule_v1
kettle,1406007517000000,1406007604000000,87.0,61.70111111111111,rule_v1
kettle,1406008024000000,1406008095000000,71.0,49.670833333333334,rule_v1
kettle,1406014665000000,1406014762000000,97.0,67.39611111111111,rule_v1
kettle,1406019656000000,1406019774000000,118.0,81.08027777777778,rule_v1
kettle,1406029216000000,1406029323000000,107.0,74.54805555555555,rule_v1
kettle,1406044179000000,1406044378000000,199.0,131.3675,rule_v1
kettle,1406049108000000,1406049219000000,111.0,75.24527777777777,rule_v1
kettle,1406098942000000,1406099067000000,125.0,86.26,rule_v1
kettle,1406099860000000,1406099891000000,31.0,24.853055555555557,rule_v1
kettle,1406109789000000,1406109868000000,79.0,54.97944444444445,rule_v1
kettle,1406111768000000,1406111885000000,117.0,79.4088888888889,rule_v1
kettle,1406114381000000,1406114492000000,111.0,77.08527777777778,rule_v1
kettle,1406116310000000,1406116478000000,168.0,86.95444444444445,rule_v1
kettle,1406120332000000,1406120392000000,60.0,43.410833333333336,rule_v1
kettle,1406135413000000,1406135572000000,159.0,106.72333333333333,rule_v1
kettle,1406187100000000,1406187226000000,126.0,88.62277777777778,rule_v1
kettle,1406188041000000,1406188073000000,32.0,26.138055555555557,rule_v1
kettle,1406218064000000,1406218219000000,155.0,106.38861111111112,rule_v1
kettle,1406227419000000,1406227552000000,133.0,90.6625,rule_v1
kettle,1406271915000000,1406272091000000,176.0,117.79027777777777,rule_v1
kettle,1406294843000000,1406295014000000,171.0,115.6825,rule_v1
kettle,1406299372000000,1406299450000000,78.0,55.08277777777778,rule_v1
kettle,1406305469000000,1406305584000000,115.0,79.26777777777778,rule_v1
kettle,1406355323000000,1406355445000000,122.0,82.73388888888888,rule_v1
kettle,1406358844000000,1406358936000000,92.0,64.56166666666667,rule_v1
kettle,1406360321000000,1406360390000000,69.0,48.37361111111111,rule_v1
kettle,1406365824000000,1406366049000000,225.0,148.39638888888888,rule_v1
kettle,1406393570000000,1406393714000000,144.0,99.39083333333333,rule_v1
kettle,1406441385000000,1406441492000000,107.0,74.87972222222223,rule_v1
kettle,1406447744000000,1406447807000000,63.0,44.66222222222222,rule_v1
kettle,1406449427000000,1406449527000000,100.0,68.7838888888889,rule_v1
kettle,1406456172000000,1406456285000000,113.0,76.64916666666667,rule_v1
kettle,1406472814000000,1406472941000000,127.0,81.63972222222222,rule_v1
kettle,1406703031000000,1406703161000000,130.0,89.42138888888888,rule_v1
kettle,1406709002000000,1406709103000000,101.0,69.03777777777778,rule_v1
kettle,1406710420000000,1406710452000000,32.0,25.67888888888889,rule_v1
kettle,1406729751000000,1406729874000000,123.0,82.02833333333334,rule_v1
kettle,1406737816000000,1406737941000000,125.0,87.70916666666666,rule_v1
kettle,1406740095000000,1406740181000000,86.0,60.98305555555555,rule_v1
kettle,1406791312000000,1406791490000000,178.0,119.5363888888889,rule_v1
kettle,1406804102000000,1406804239000000,137.0,93.34777777777778,rule_v1
kettle,1406804341000000,1406804373000000,32.0,25.711388888888887,rule_v1
kettle,1406811173000000,1406811334000000,161.0,106.20166666666667,rule_v1
kettle,1406825402000000,1406825538000000,136.0,91.15694444444445,rule_v1
kettle,1406825623000000,1406825703000000,80.0,55.37138888888889,rule_v1
kettle,1406839576000000,1406839646000000,70.0,50.465833333333336,rule_v1
kettle,1406876782000000,1406876906000000,124.0,85.51694444444445,rule_v1
kettle,1406885415000000,1406885514000000,99.0,69.35138888888889,rule_v1
kettle,1406893909000000,1406894012000000,103.0,70.02027777777778,rule_v1
kettle,1406896781000000,1406896877000000,96.0,66.09055555555555,rule_v1
kettle,1406905100000000,1406905206000000,106.0,72.32222222222222,rule_v1
kettle,1406911388000000,1406911449000000,61.0,45.57972222222222,rule_v1
kettle,1406914925000000,1406915052000000,127.0,85.20416666666667,rule_v1
kettle,1406963067000000,1406963289000000,222.0,147.38361111111112,rule_v1
kettle,1406965465000000,1406965514000000,49.0,36.08222222222222,rule_v1
kettle,1407569767000000,1407569964000000,197.0,133.0975,rule_v1
kettle,1407572189000000,1407572253000000,64.0,46.37444444444444,rule_v1
kettle,1407577706000000,1407577799000000,93.0,63.371944444444445,rule_v1
kettle,1407581712000000,1407581876000000,164.0,110.45083333333334,rule_v1
kettle,1407601616000000,1407601782000000,166.0,109.31666666666666,rule_v1
kettle,1407603454000000,1407603507000000,53.0,39.20611111111111,rule_v1
kettle,1407655179000000,1407655383000000,204.0,137.0738888888889,rule_v1
kettle,1407660623000000,1407660727000000,104.0,71.11861111111111,rule_v1
kettle,1407669418000000,1407669555000000,137.0,92.11861111111111,rule_v1
kettle,1407679198000000,1407679294000000,96.0,64.33555555555556,rule_v1
kettle,1407687660000000,1407687854000000,194.0,129.505,rule_v1
kettle,1407739739000000,1407740010000000,271.0,179.745,rule_v1
kettle,1407770263000000,1407770350000000,87.0,61.34583333333333,rule_v1
kettle,1407773719000000,1407773814000000,95.0,67.55027777777778,rule_v1
kettle,1407825209000000,1407825439000000,230.0,157.1425,rule_v1
kettle,1407830106000000,1407830163000000,57.0,41.20444444444445,rule_v1
kettle,1407864527000000,1407864641000000,114.0,76.13666666666667,rule_v1
kettle,1407869656000000,1407869807000000,151.0,101.66083333333333,rule_v1
kettle,1407910638000000,1407910874000000,236.0,156.63611111111112,rule_v1
kettle,1407946356000000,1407946569000000,213.0,142.15472222222223,rule_v1
kettle,1407950644000000,1407950739000000,95.0,67.35277777777777,rule_v1
kettle,1407955379000000,1407955525000000,146.0,98.22027777777778,rule_v1
kettle,1407955934000000,1407956013000000,79.0,55.4875,rule_v1
kettle,1407997650000000,1407997861000000,211.0,141.53583333333333,rule_v1
kettle,1408015177000000,1408015334000000,157.0,105.14861111111111,rule_v1
kettle,1408021069000000,1408021126000000,57.0,41.90361111111111,rule_v1
kettle,1408035009000000,1408035120000000,111.0,76.20611111111111,rule_v1
kettle,1408036104000000,1408036189000000,85.0,60.21222222222222,rule_v1
kettle,1408080743000000,1408080976000000,233.0,156.82416666666666,rule_v1
kettle,1408085820000000,1408085905000000,85.0,37.68,rule_v1
kettle,1408103212000000,1408103305000000,93.0,66.73472222222222,rule_v1
kettle,1408108135000000,1408108283000000,148.0,100.55666666666667,rule_v1
kettle,1408118824000000,1408119017000000,193.0,132.5713888888889,rule_v1
kettle,1408127622000000,1408127779000000,157.0,105.92166666666667,rule_v1
kettle,1408131692000000,1408131760000000,68.0,51.80083333333334,rule_v1
kettle,1408172076000000,1408172209000000,133.0,91.66638888888889,rule_v1
kettle,1408176249000000,1408176333000000,84.0,58.66777777777778,rule_v1
kettle,1408178855000000,1408178936000000,81.0,57.78638888888889,rule_v1
kettle,1408199250000000,1408199476000000,226.0,151.8075,rule_v1
kettle,1408210324000000,1408210448000000,124.0,85.27888888888889,rule_v1
kettle,1408224405000000,1408224563000000,158.0,107.05666666666667,rule_v1
kettle,1408258533000000,1408258709000000,176.0,120.86777777777777,rule_v1
kettle,1408264094000000,1408264199000000,105.0,72.44222222222223,rule_v1
kettle,1408286093000000,1408286241000000,148.0,100.00916666666667,rule_v1
kettle,1408290882000000,1408291102000000,220.0,148.76666666666668,rule_v1
kettle,1408346323000000,1408346483000000,160.0,112.47666666666667,rule_v1
kettle,1408348640000000,1408348700000000,60.0,42.82222222222222,rule_v1
kettle,1408349400000000,1408349468000000,68.0,52.484722222222224,rule_v1
kettle,1408375579000000,1408375811000000,232.0,155.70916666666668,rule_v1
kettle,1408380362000000,1408380523000000,161.0,108.69722222222222,rule_v1
kettle,1408430542000000,1408430784000000,242.0,163.37194444444444,rule_v1
kettle,1408434358000000,1408434433000000,75.0,55.51222222222222,rule_v1
kettle,1408446381000000,1408446511000000,130.0,89.59916666666666,rule_v1
kettle,1408452244000000,1408452322000000,78.0,55.58166666666666,rule_v1
kettle,1408477309000000,1408477493000000,184.0,120.04666666666667,rule_v1
kettle,1408514538000000,1408514661000000,123.0,86.87666666666667,rule_v1
kettle,1408525292000000,1408525448000000,156.0,105.46861111111112,rule_v1
kettle,1408536039000000,1408536084000000,45.0,33.025555555555556,rule_v1
kettle,1408539374000000,1408539445000000,71.0,51.87027777777778,rule_v1
kettle,1408543939000000,1408544131000000,192.0,129.17694444444444,rule_v1
kettle,1408553321000000,1408553479000000,158.0,107.98833333333333,rule_v1
kettle,1408553759000000,1408553873000000,114.0,80.47638888888889,rule_v1
kettle,1408562010000000,1408562120000000,110.0,74.92777777777778,rule_v1
kettle,1408600851000000,1408601080000000,229.0,156.2725,rule_v1
kettle,1408633327000000,1408633421000000,94.0,66.11972222222222,rule_v1
kettle,1408642182000000,1408642429000000,247.0,162.1836111111111,rule_v1
kettle,1408648211000000,1408648310000000,99.0,69.095,rule_v1
kettle,1408945210000000,1408945419000000,209.0,141.68472222222223,rule_v1
kettle,1408948297000000,1408948387000000,90.0,62.720555555555556,rule_v1
kettle,1408950576000000,1408950639000000,63.0,46.07361111111111,rule_v1
kettle,1408969355000000,1408969459000000,104.0,70.43444444444444,rule_v1
kettle,1408973487000000,1408973542000000,55.0,41.44305555555555,rule_v1
kettle,1408973923000000,1408974026000000,103.0,70.11555555555556,rule_v1
kettle,1409034592000000,1409034795000000,203.0,133.26083333333332,rule_v1
kettle,1409041017000000,1409041105000000,88.0,62.045833333333334,rule_v1
kettle,1409053407000000,1409053559000000,152.0,103.6875,rule_v1
kettle,1409058445000000,1409058528000000,83.0,59.83833333333333,rule_v1
kettle,1409065230000000,1409065432000000,202.0,138.0113888888889,rule_v1
kettle,1409121004000000,1409121247000000,243.0,162.28666666666666,rule_v1
kettle,1409123045000000,1409123077000000,32.0,25.3125,rule_v1
kettle,1409169185000000,1409169400000000,215.0,143.51222222222222,rule_v1
kettle,1409204564000000,1409204703000000,139.0,95.2875,rule_v1
kettle,1409210174000000,1409210261000000,87.0,60.985277777777775,rule_v1
kettle,1409213673000000,1409213820000000,147.0,100.98305555555555,rule_v1
kettle,1409223513000000,1409223712000000,199.0,117.0363888888889,rule_v1
kettle,1409234564000000,1409234666000000,102.0,70.21222222222222,rule_v1
kettle,1409251062000000,1409251237000000,175.0,114.70722222222223,rule_v1
kettle,1409261451000000,1409261598000000,147.0,100.12611111111111,rule_v1
kettle,1409295447000000,1409295545000000,98.0,69.04472222222222,rule_v1
kettle,1409298862000000,1409299017000000,155.0,109.19638888888889,rule_v1
kettle,1409327206000000,1409327437000000,231.0,154.9922222222222,rule_v1
kettle,1409332841000000,1409332948000000,107.0,74.90444444444445,rule_v1
kettle,1409337593000000,1409337657000000,64.0,46.670833333333334,rule_v1
kettle,1409346682000000,1409346837000000,155.0,102.8425,rule_v1
kettle,1409382581000000,1409382674000000,93.0,64.24,rule_v1
kettle,1409383283000000,1409383443000000,160.0,108.745,rule_v1
kettle,1409384084000000,1409384151000000,67.0,47.911944444444444,rule_v1
kettle,1409466721000000,1409466833000000,112.0,76.15972222222223,rule_v1
kettle,1409477582000000,1409477683000000,101.0,67.5213888888889,rule_v1
kettle,1409495043000000,1409495176000000,133.0,91.93055555555556,rule_v1
kettle,1409500236000000,1409500334000000,98.0,69.86,rule_v1
kettle,1409506693000000,1409506816000000,123.0,82.34666666666666,rule_v1
kettle,1409551621000000,1409551820000000,199.0,134.0286111111111,rule_v1
kettle,1409555093000000,1409555202000000,109.0,73.20916666666666,rule_v1
kettle,1409579285000000,1409579424000000,139.0,96.12055555555555,rule_v1
kettle,1409589817000000,1409590020000000,203.0,139.72222222222223,rule_v1
kettle,1409633404000000,1409633591000000,187.0,125.18222222222222,rule_v1
kettle,1409642468000000,1409642550000000,82.0,59.04555555555555,rule_v1
kettle,1409652991000000,1409653152000000,161.0,111.88083333333333,rule_v1
kettle,1409661120000000,1409661249000000,129.0,87.5988888888889,rule_v1
kettle,1409673711000000,1409673826000000,115.0,80.51472222222222,rule_v1
kettle,1409676232000000,1409676348000000,116.0,80.69055555555556,rule_v1
kettle,1409684124000000,1409684283000000,159.0,104.70055555555555,rule_v1
kettle,1409728535000000,1409728744000000,209.0,140.04194444444445,rule_v1
kettle,1409763274000000,1409763384000000,110.0,75.79805555555555,rule_v1
kettle,1409765900000000,1409765979000000,79.0,55.594722222222224,rule_v1
kettle,1409772093000000,1409772278000000,185.0,122.8675,rule_v1
kettle,1409803735000000,1409803857000000,122.0,84.08083333333333,rule_v1
kettle,1409812652000000,1409812820000000,168.0,115.01,rule_v1
kettle,1409815314000000,1409815373000000,59.0,41.51222222222222,rule_v1
kettle,1409847102000000,1409847311000000,209.0,141.63083333333333,rule_v1
kettle,1409856518000000,1409856724000000,206.0,137.35777777777778,rule_v1
kettle,1409901212000000,1409901414000000,202.0,137.54305555555555,rule_v1
kettle,1409933456000000,1409933585000000,129.0,88.7063888888889,rule_v1
kettle,1409938435000000,1409938502000000,67.0,48.42666666666667,rule_v1
kettle,1409948304000000,1409948443000000,139.0,95.0925,rule_v1
kettle,1409986182000000,1409986389000000,207.0,140.66972222222222,rule_v1
kettle,1409991359000000,1409991459000000,100.0,71.0225,rule_v1
kettle,1410024106000000,1410024299000000,193.0,127.37722222222222,rule_v1
kettle,1410069456000000,1410069614000000,158.0,108.86166666666666,rule_v1
kettle,1410071001000000,1410071070000000,69.0,48.96388888888889,rule_v1
kettle,1410076992000000,1410077094000000,102.0,70.43166666666667,rule_v1
kettle,1410109606000000,1410109867000000,261.0,173.2422222222222,rule_v1
kettle,1410116169000000,1410116299000000,130.0,88.27638888888889,rule_v1
kettle,1410156126000000,1410156196000000,70.0,51.37305555555555,rule_v1
kettle,1410156630000000,1410156751000000,121.0,86.3411111111111,rule_v1
kettle,1410162004000000,1410162122000000,118.0,80.80444444444444,rule_v1
kettle,1410179423000000,1410179551000000,128.0,88.46472222222222,rule_v1
kettle,1410182719000000,1410182853000000,134.0,93.78083333333333,rule_v1
kettle,1410194576000000,1410194659000000,83.0,60.868611111111115,rule_v1
kettle,1410199981000000,1410200053000000,72.0,51.9775,rule_v1
kettle,1410211840000000,1410211955000000,115.0,79.4625,rule_v1
kettle,1410239991000000,1410240126000000,135.0,91.72305555555556,rule_v1
kettle,1410240849000000,1410240950000000,101.0,71.28055555555555,rule_v1
kettle,1410245440000000,1410245538000000,98.0,67.17972222222222,rule_v1
kettle,1410266808000000,1410266901000000,93.0,64.05083333333333,rule_v1
kettle,1410278852000000,1410279001000000,149.0,100.63861111111112,rule_v1
kettle,1410279952000000,1410280029000000,77.0,53.975,rule_v1
kettle,1410287166000000,1410287272000000,106.0,73.69666666666667,rule_v1
kettle,1410288261000000,1410288340000000,79.0,55.70527777777778,rule_v1
kettle,1410296058000000,1410296192000000,134.0,88.98388888888888,rule_v1
kettle,1410327964000000,1410328192000000,228.0,153.7786111111111,rule_v1
kettle,1410335858000000,1410335952000000,94.0,67.23777777777778,rule_v1
kettle,1410363239000000,1410363443000000,204.0,139.52055555555555,rule_v1
kettle,1410364098000000,1410364270000000,172.0,118.15944444444445,rule_v1
kettle,1410417545000000,1410417710000000,165.0,114.93166666666667,rule_v1
kettle,1410433173000000,1410433349000000,176.0,119.83416666666666,rule_v1
kettle,1410448115000000,1410448242000000,127.0,87.275,rule_v1
kettle,1410462026000000,1410462189000000,163.0,110.69472222222223,rule_v1
kettle,1410499089000000,1410499245000000,156.0,109.65722222222222,rule_v1
kettle,1410504192000000,1410504273000000,81.0,59.36527777777778,rule_v1
kettle,1410521092000000,1410521233000000,141.0,94.22166666666666,rule_v1
kettle,1410539932000000,1410540081000000,149.0,103.715,rule_v1
kettle,1410544332000000,1410544513000000,181.0,124.22916666666667,rule_v1
kettle,1410588374000000,1410588491000000,117.0,81.79805555555555,rule_v1
kettle,1410591679000000,1410591745000000,66.0,47.0025,rule_v1
kettle,1410592488000000,1410592577000000,89.0,62.5425,rule_v1
kettle,1410597576000000,1410597671000000,95.0,64.95083333333334,rule_v1
kettle,1410605145000000,1410605319000000,174.0,113.94472222222223,rule_v1
kettle,1410630081000000,1410630338000000,257.0,150.02166666666668,rule_v1
kettle,1410636660000000,1410636840000000,180.0,120.09027777777777,rule_v1
kettle,1410678016000000,1410678148000000,132.0,91.34333333333333,rule_v1
kettle,1410681255000000,1410681336000000,81.0,56.0475,rule_v1
kettle,1410693383000000,1410693588000000,205.0,138.1927777777778,rule_v1
kettle,1410713459000000,1410713566000000,107.0,73.24055555555556,rule_v1
kettle,1410715926000000,1410715988000000,62.0,44.72666666666667,rule_v1
kettle,1410761875000000,1410762107000000,232.0,153.97222222222223,rule_v1
kettle,1410769254000000,1410769418000000,164.0,107.73611111111111,rule_v1
kettle,1410796428000000,1410796582000000,154.0,104.87305555555555,rule_v1
kettle,1410797789000000,1410797874000000,85.0,59.074444444444445,rule_v1
kettle,1410808465000000,1410808531000000,66.0,47.74638888888889,rule_v1
kettle,1410848832000000,1410848981000000,149.0,103.68166666666667,rule_v1
kettle,1410849739000000,1410849772000000,33.0,26.874166666666667,rule_v1
kettle,1410860006000000,1410860198000000,192.0,127.59916666666666,rule_v1
kettle,1410885528000000,1410885664000000,136.0,94.77583333333334,rule_v1
kettle,1410890220000000,1410890324000000,104.0,62.36055555555556,rule_v1
kettle,1410893986000000,1410894138000000,152.0,102.27972222222222,rule_v1
kettle,1410936076000000,1410936297000000,221.0,151.01527777777778,rule_v1
kettle,1410955771000000,1410955856000000,85.0,59.57611111111111,rule_v1
kettle,1410970383000000,1410970511000000,128.0,87.21194444444444,rule_v1
kettle,1410972641000000,1410972738000000,97.0,65.785,rule_v1
kettle,1410975872000000,1410976042000000,170.0,114.51611111111112,rule_v1
kettle,1410982195000000,1410982300000000,105.0,73.24916666666667,rule_v1
kettle,1411022811000000,1411023056000000,245.0,167.09,rule_v1
kettle,1411029313000000,1411029455000000,142.0,94.025,rule_v1
kettle,1411054556000000,1411054690000000,134.0,89.19888888888889,rule_v1
kettle,1411066328000000,1411066549000000,221.0,145.94083333333333,rule_v1
kettle,1411108465000000,1411108595000000,130.0,88.0886111111111,rule_v1
kettle,1411115764000000,1411115947000000,183.0,122.56,rule_v1
kettle,1411192503000000,1411192659000000,156.0,106.65555555555555,rule_v1
kettle,1411196505000000,1411196693000000,188.0,124.65611111111112,rule_v1
kettle,1411197634000000,1411197671000000,37.0,28.947777777777777,rule_v1
kettle,1411237958000000,1411238210000000,252.0,163.10777777777778,rule_v1
kettle,1411283755000000,1411283865000000,110.0,77.3425,rule_v1
kettle,1411285001000000,1411285149000000,148.0,101.74027777777778,rule_v1
kettle,1411316752000000,1411316829000000,77.0,54.21361111111111,rule_v1
kettle,1411325382000000,1411325614000000,232.0,150.38805555555555,rule_v1
kettle,1411366791000000,1411366978000000,187.0,128.04833333333335,rule_v1
kettle,1411380734000000,1411380875000000,141.0,96.38833333333334,rule_v1
kettle,1411404057000000,1411404281000000,224.0,152.21555555555557,rule_v1
kettle,1411411478000000,1411411683000000,205.0,134.70083333333332,rule_v1
kettle,1411450322000000,1411450432000000,110.0,77.32666666666667,rule_v1
kettle,1411454843000000,1411454906000000,63.0,44.70916666666667,rule_v1
kettle,1411463747000000,1411463856000000,109.0,74.48944444444444,rule_v1
kettle,1411475067000000,1411475161000000,94.0,64.67611111111111,rule_v1
kettle,1411476287000000,1411476318000000,31.0,24.6075,rule_v1
kettle,1411479764000000,1411480007000000,243.0,163.67333333333335,rule_v1
kettle,1411490525000000,1411490740000000,215.0,142.1038888888889,rule_v1
kettle,1411537547000000,1411537694000000,147.0,102.53611111111111,rule_v1
kettle,1411542919000000,1411543128000000,209.0,140.41055555555556,rule_v1
kettle,1411548107000000,1411548191000000,84.0,57.55833333333333,rule_v1
kettle,1411570325000000,1411570434000000,109.0,74.3086111111111,rule_v1
kettle,1411576069000000,1411576248000000,179.0,120.94027777777778,rule_v1
kettle,1411585774000000,1411585982000000,208.0,136.1425,rule_v1
kettle,1411627819000000,1411627948000000,129.0,87.0525,rule_v1
kettle,1411644207000000,1411644377000000,170.0,115.2786111111111,rule_v1
kettle,1411644474000000,1411644564000000,90.0,63.25972222222222,rule_v1
kettle,1411651104000000,1411651306000000,202.0,139.00916666666666,rule_v1
kettle,1411663633000000,1411663755000000,122.0,85.75277777777778,rule_v1
kettle,1411665398000000,1411665451000000,53.0,39.15694444444444,rule_v1
kettle,1411713380000000,1411713570000000,190.0,127.87972222222223,rule_v1
kettle,1411723867000000,1411724056000000,189.0,126.54277777777777,rule_v1
kettle,1411755897000000,1411756134000000,237.0,158.55444444444444,rule_v1
kettle,1411799469000000,1411799552000000,83.0,58.29666666666667,rule_v1
kettle,1411802422000000,1411802526000000,104.0,72.68611111111112,rule_v1
kettle,1411836979000000,1411837180000000,201.0,136.23,rule_v1
kettle,1411883111000000,1411883211000000,100.0,69.52333333333333,rule_v1
kettle,1411888795000000,1411888912000000,117.0,79.14111111111112,rule_v1
kettle,1411892980000000,1411893041000000,61.0,45.82611111111111,rule_v1
kettle,1411898537000000,1411898670000000,133.0,89.15611111111112,rule_v1
kettle,1411917524000000,1411917809000000,285.0,188.21555555555557,rule_v1
kettle,1411921074000000,1411921146000000,72.0,50.12916666666667,rule_v1
kettle,1411929967000000,1411930199000000,232.0,151.8725,rule_v1
kettle,1411972211000000,1411972364000000,153.0,104.67444444444445,rule_v1
kettle,1411992327000000,1411992548000000,221.0,150.32083333333333,rule_v1
kettle,1412009215000000,1412009446000000,231.0,156.64194444444445,rule_v1
kettle,1412057815000000,1412058049000000,234.0,154.20888888888888,rule_v1
kettle,1412070901000000,1412071005000000,104.0,71.46222222222222,rule_v1
kettle,1412083949000000,1412084104000000,155.0,105.86916666666667,rule_v1
kettle,1412095173000000,1412095309000000,136.0,94.2786111111111,rule_v1
kettle,1412112165000000,1412112369000000,204.0,136.42222222222222,rule_v1
kettle,1412144852000000,1412145049000000,197.0,131.48611111111111,rule_v1
kettle,1412153174000000,1412153268000000,94.0,65.57833333333333,rule_v1
kettle,1412174525000000,1412174622000000,97.0,68.3475,rule_v1
kettle,1412175281000000,1412175448000000,167.0,112.54416666666667,rule_v1
kettle,1412179519000000,1412179597000000,78.0,55.20722222222222,rule_v1
kettle,1412188365000000,1412188511000000,146.0,98.28333333333333,rule_v1
kettle,1412190217000000,1412190296000000,79.0,55.861111111111114,rule_v1
kettle,1412232009000000,1412232132000000,123.0,86.3,rule_v1
kettle,1412240071000000,1412240260000000,189.0,125.23444444444445,rule_v1
kettle,1412249592000000,1412249691000000,99.0,71.79611111111112,rule_v1
kettle,1412252309000000,1412252373000000,64.0,46.36694444444444,rule_v1
kettle,1412267845000000,1412268066000000,221.0,147.42777777777778,rule_v1
kettle,1412272538000000,1412272651000000,113.0,76.9575,rule_v1
kettle,1412276022000000,1412276206000000,184.0,119.27111111111111,rule_v1
kettle,1412316071000000,1412316190000000,119.0,84.09916666666666,rule_v1
kettle,1412322674000000,1412322738000000,64.0,45.72638888888889,rule_v1
kettle,1412335650000000,1412335802000000,152.0,103.72611111111111,rule_v1
kettle,1412337407000000,1412337487000000,80.0,57.08611111111111,rule_v1
kettle,1412351607000000,1412351780000000,173.0,114.78,rule_v1
kettle,1412352936000000,1412353048000000,112.0,75.87916666666666,rule_v1
kettle,1412406466000000,1412406637000000,171.0,113.6661111111111,rule_v1
kettle,1412410171000000,1412410357000000,186.0,124.515,rule_v1
kettle,1412418943000000,1412419138000000,195.0,128.64194444444445,rule_v1
kettle,1412429354000000,1412429477000000,123.0,83.23333333333333,rule_v1
kettle,1412440633000000,1412440835000000,202.0,133.66083333333333,rule_v1
kettle,1412448055000000,1412448271000000,216.0,143.0986111111111,rule_v1
kettle,1412448559000000,1412448669000000,110.0,75.13555555555556,rule_v1
kettle,1412448839000000,1412448931000000,92.0,62.55444444444444,rule_v1
kettle,1412466481000000,1412466643000000,162.0,113.26055555555556,rule_v1
kettle,1412471549000000,1412471961000000,412.0,248.76722222222224,rule_v1
kettle,1412472029000000,1412472144000000,115.0,79.38944444444445,rule_v1
kettle,1412472453000000,1412472632000000,179.0,123.12833333333333,rule_v1
kettle,1412489598000000,1412489784000000,186.0,125.45583333333333,rule_v1
kettle,1412494850000000,1412494965000000,115.0,79.79333333333334,rule_v1
kettle,1412506175000000,1412506289000000,114.0,80.89888888888889,rule_v1
kettle,1412509022000000,1412509086000000,64.0,47.1075,rule_v1
kettle,1412517701000000,1412517923000000,222.0,137.25222222222223,rule_v1
kettle,1412528334000000,1412528458000000,124.0,84.51388888888889,rule_v1
kettle,1412577053000000,1412577196000000,143.0,97.88388888888889,rule_v1
kettle,1412579292000000,1412579350000000,58.0,42.71277777777778,rule_v1
kettle,1412583442000000,1412583657000000,215.0,142.915,rule_v1
kettle,1412590555000000,1412590661000000,106.0,73.51611111111112,rule_v1
kettle,1412594502000000,1412594598000000,96.0,66.56861111111111,rule_v1
kettle,1412596456000000,1412596514000000,58.0,42.27166666666667,rule_v1
kettle,1412597476000000,1412597510000000,34.0,25.686944444444446,rule_v1
kettle,1412603439000000,1412603547000000,108.0,75.88277777777778,rule_v1
kettle,1412612512000000,1412612598000000,86.0,60.50277777777778,rule_v1
kettle,1412612889000000,1412612974000000,85.0,60.0775,rule_v1
kettle,1412665223000000,1412665450000000,227.0,153.88111111111112,rule_v1
kettle,1412670251000000,1412670415000000,164.0,110.33083333333333,rule_v1
kettle,1412686744000000,1412686915000000,171.0,120.11555555555556,rule_v1
kettle,1412687723000000,1412687754000000,31.0,24.211111111111112,rule_v1
kettle,1412696827000000,1412696920000000,93.0,65.28277777777778,rule_v1
kettle,1412706987000000,1412707193000000,206.0,136.16027777777776,rule_v1
kettle,1412712871000000,1412713054000000,183.0,123.56138888888889,rule_v1
kettle,1412750059000000,1412750221000000,162.0,107.16944444444445,rule_v1
kettle,1412763843000000,1412763953000000,110.0,78.805,rule_v1
kettle,1412771277000000,1412771507000000,230.0,149.09416666666667,rule_v1
kettle,1412785088000000,1412785266000000,178.0,117.57222222222222,rule_v1
kettle,1412785982000000,1412786138000000,156.0,103.69333333333333,rule_v1
kettle,1412789545000000,1412789619000000,74.0,52.53138888888889,rule_v1
kettle,1412793465000000,1412793555000000,90.0,64.32333333333334,rule_v1
kettle,1412795980000000,1412796060000000,80.0,56.2975,rule_v1
kettle,1412837295000000,1412837524000000,229.0,148.50416666666666,rule_v1
kettle,1412838945000000,1412839027000000,82.0,57.4675,rule_v1
kettle,1412853615000000,1412853750000000,135.0,92.70861111111111,rule_v1
kettle,1412857480000000,1412857554000000,74.0,52.39472222222222,rule_v1
kettle,1412867604000000,1412867739000000,135.0,92.8825,rule_v1
kettle,1412871013000000,1412871132000000,119.0,82.2375,rule_v1
kettle,1412880344000000,1412880578000000,234.0,158.84666666666666,rule_v1
kettle,1412924359000000,1412924528000000,169.0,114.445,rule_v1
kettle,1412943035000000,1412943250000000,215.0,146.47222222222223,rule_v1
kettle,1412956705000000,1412956892000000,187.0,125.6361111111111,rule_v1
kettle,1412960613000000,1412960775000000,162.0,110.9,rule_v1
kettle,1412961811000000,1412961884000000,73.0,52.68833333333333,rule_v1
kettle,1412967650000000,1412967837000000,187.0,125.71305555555556,rule_v1
kettle,1412972728000000,1412972832000000,104.0,71.82555555555555,rule_v1
kettle,1413008972000000,1413009051000000,79.0,57.93277777777778,rule_v1
kettle,1413009285000000,1413009393000000,108.0,77.02222222222223,rule_v1
kettle,1413044428000000,1413044633000000,205.0,135.51194444444445,rule_v1
kettle,1413051359000000,1413051520000000,161.0,108.77916666666667,rule_v1
kettle,1413094393000000,1413094656000000,263.0,176.21,rule_v1
kettle,1413097553000000,1413097611000000,58.0,41.940555555555555,rule_v1
kettle,1413100288000000,1413100335000000,47.0,34.934444444444445,rule_v1
kettle,1413108199000000,1413108331000000,132.0,89.14555555555556,rule_v1
kettle,1413123343000000,1413123496000000,153.0,104.23083333333334,rule_v1
kettle,1413131661000000,1413131772000000,111.0,75.32111111111111,rule_v1
kettle,1413135430000000,1413135581000000,151.0,99.22027777777778,rule_v1
kettle,1413136995000000,1413137086000000,91.0,62.629444444444445,rule_v1
kettle,1413137929000000,1413138034000000,105.0,68.85055555555556,rule_v1
kettle,1413181933000000,1413182140000000,207.0,140.05944444444444,rule_v1
kettle,1413188809000000,1413188919000000,110.0,76.02,rule_v1
kettle,1413200037000000,1413200208000000,171.0,117.98083333333334,rule_v1
kettle,1413202282000000,1413202352000000,70.0,50.45805555555555,rule_v1
kettle,1413215734000000,1413215870000000,136.0,92.33666666666667,rule_v1
kettle,1413219090000000,1413219252000000,162.0,109.50194444444445,rule_v1
kettle,1413225615000000,1413225881000000,266.0,167.55166666666668,rule_v1
kettle,1413225989000000,1413226098000000,109.0,72.91694444444444,rule_v1
kettle,1413267882000000,1413268045000000,163.0,111.55555555555556,rule_v1
kettle,1413268945000000,1413268984000000,39.0,27.65361111111111,rule_v1
kettle,1413270479000000,1413270527000000,48.0,35.28944444444444,rule_v1
kettle,1413277978000000,1413278134000000,156.0,107.20333333333333,rule_v1
kettle,1413287392000000,1413287499000000,107.0,74.32916666666667,rule_v1
kettle,1413303398000000,1413303619000000,221.0,147.45833333333334,rule_v1
kettle,1413307158000000,1413307244000000,86.0,61.090833333333336,rule_v1
kettle,1413308056000000,1413308120000000,64.0,45.79527777777778,rule_v1
kettle,1413311849000000,1413312074000000,225.0,145.2111111111111,rule_v1
kettle,1413354250000000,1413354385000000,135.0,91.37805555555556,rule_v1
kettle,1413363987000000,1413364130000000,143.0,95.98027777777777,rule_v1
kettle,1413394468000000,1413394558000000,90.0,62.63583333333333,rule_v1
kettle,1413398053000000,1413398256000000,203.0,136.025,rule_v1
kettle,1413440025000000,1413440123000000,98.0,68.1025,rule_v1
kettle,1413454282000000,1413454497000000,215.0,143.3213888888889,rule_v1
kettle,1413476152000000,1413476283000000,131.0,89.30277777777778,rule_v1
kettle,1413485104000000,1413485318000000,214.0,140.38888888888889,rule_v1
kettle,1413529387000000,1413529529000000,142.0,95.82138888888889,rule_v1
kettle,1413533806000000,1413533899000000,93.0,65.80444444444444,rule_v1
kettle,1413545558000000,1413545726000000,168.0,113.58222222222223,rule_v1
kettle,1413562018000000,1413562249000000,231.0,151.72861111111112,rule_v1
kettle,1413572251000000,1413572519000000,268.0,175.92333333333335,rule_v1
kettle,1413614973000000,1413615072000000,99.0,70.725,rule_v1
kettle,1413619065000000,1413619206000000,141.0,93.33833333333334,rule_v1
kettle,1413633287000000,1413633378000000,91.0,63.440555555555555,rule_v1
kettle,1413658512000000,1413658714000000,202.0,134.6627777777778,rule_v1
kettle,1413699541000000,1413699729000000,188.0,128.84583333333333,rule_v1
kettle,1413703089000000,1413703196000000,107.0,73.535,rule_v1
kettle,1413715556000000,1413715673000000,117.0,81.5025,rule_v1
kettle,1413743721000000,1413743959000000,238.0,157.07916666666668,rule_v1
kettle,1413787168000000,1413787291000000,123.0,85.44083333333333,rule_v1
kettle,1413788216000000,1413788247000000,31.0,25.40138888888889,rule_v1
kettle,1413811004000000,1413811145000000,141.0,97.0038888888889,rule_v1
kettle,1413822510000000,1413822561000000,51.0,37.92666666666667,rule_v1
kettle,1413827712000000,1413827833000000,121.0,81.93277777777777,rule_v1
kettle,1413829862000000,1413830060000000,198.0,131.4936111111111,rule_v1
kettle,1413872055000000,1413872332000000,277.0,184.07833333333335,rule_v1
kettle,1413874854000000,1413874945000000,91.0,62.64416666666666,rule_v1
kettle,1413899109000000,1413899222000000,113.0,78.83638888888889,rule_v1
kettle,1413907245000000,1413907434000000,189.0,125.32861111111112,rule_v1
kettle,1413907922000000,1413907970000000,48.0,35.04833333333333,rule_v1
kettle,1413917532000000,1413917786000000,254.0,165.6186111111111,rule_v1
kettle,1413959495000000,1413959611000000,116.0,81.62861111111111,rule_v1
kettle,1413966463000000,1413966616000000,153.0,101.9738888888889,rule_v1
kettle,1413993579000000,1413993732000000,153.0,106.01833333333333,rule_v1
kettle,1413994563000000,1413994594000000,31.0,23.913888888888888,rule_v1
kettle,1414013408000000,1414013455000000,47.0,34.92333333333333,rule_v1
kettle,1414045434000000,1414045708000000,274.0,183.88583333333332,rule_v1
kettle,1414059414000000,1414059531000000,117.0,81.02333333333333,rule_v1
kettle,1414064114000000,1414064184000000,70.0,49.94777777777778,rule_v1
kettle,1414079633000000,1414079752000000,119.0,82.20916666666666,rule_v1
kettle,1414090549000000,1414090698000000,149.0,100.07027777777778,rule_v1
kettle,1414091105000000,1414091323000000,218.0,144.40972222222223,rule_v1
kettle,1414132970000000,1414133084000000,114.0,77.7761111111111,rule_v1
kettle,1414138593000000,1414138656000000,63.0,46.19638888888889,rule_v1
kettle,1414237512000000,1414237687000000,175.0,115.12694444444445,rule_v1
kettle,1414253868000000,1414254097000000,229.0,150.05166666666668,rule_v1
kettle,1414257857000000,1414257941000000,84.0,58.965555555555554,rule_v1
kettle,1414258145000000,1414258305000000,160.0,107.83611111111111,rule_v1
kettle,1414306901000000,1414307060000000,159.0,110.11166666666666,rule_v1
kettle,1414312749000000,1414312839000000,90.0,62.850833333333334,rule_v1
kettle,1414315313000000,1414315366000000,53.0,39.83861111111111,rule_v1
kettle,1414321015000000,1414321095000000,80.0,53.89472222222222,rule_v1
kettle,1414335962000000,1414336174000000,212.0,143.28916666666666,rule_v1
kettle,1414345022000000,1414345186000000,164.0,106.99527777777777,rule_v1
kettle,1414346564000000,1414346623000000,59.0,41.1725,rule_v1
kettle,1414353203000000,1414353388000000,185.0,121.48972222222223,rule_v1
kettle,1414393933000000,1414394078000000,145.0,98.16305555555556,rule_v1
kettle,1414404956000000,1414405047000000,91.0,63.97416666666667,rule_v1
kettle,1414430711000000,1414430878000000,167.0,110.40722222222222,rule_v1
kettle,1414481915000000,1414482151000000,236.0,155.83555555555554,rule_v1
kettle,1414486525000000,1414486623000000,98.0,68.03222222222222,rule_v1
kettle,1414493825000000,1414493980000000,155.0,105.96,rule_v1
kettle,1414516966000000,1414517148000000,182.0,124.8561111111111,rule_v1
kettle,1414525452000000,1414525674000000,222.0,150.2175,rule_v1
kettle,1414569311000000,1414569473000000,162.0,108.875,rule_v1
kettle,1414575920000000,1414576006000000,86.0,58.788333333333334,rule_v1
kettle,1414590075000000,1414590178000000,103.0,73.89111111111112,rule_v1
kettle,1414603480000000,1414603654000000,174.0,114.36305555555556,rule_v1
kettle,1414605990000000,1414606060000000,70.0,49.80972222222222,rule_v1
kettle,1414655095000000,1414655306000000,211.0,144.30277777777778,rule_v1
kettle,1414744012000000,1414744090000000,78.0,55.67611111111111,rule_v1
kettle,1414999846000000,1414999971000000,125.0,87.18055555555556,rule_v1
kettle,1415000270000000,1415000340000000,70.0,50.229166666666664,rule_v1
kettle,1415001110000000,1415001223000000,113.0,76.65972222222223,rule_v1
kettle,1415001909000000,1415002076000000,167.0,108.1913888888889,rule_v1
kettle,1415011369000000,1415011469000000,100.0,70.22083333333333,rule_v1
kettle,1415016895000000,1415017011000000,116.0,80.83555555555556,rule_v1
kettle,1415033081000000,1415033245000000,164.0,110.21527777777777,rule_v1
kettle,1415035978000000,1415036127000000,149.0,101.67527777777778,rule_v1
kettle,1415043614000000,1415043822000000,208.0,138.78666666666666,rule_v1
kettle,1415088053000000,1415088214000000,161.0,105.46583333333334,rule_v1
kettle,1415096384000000,1415096488000000,104.0,72.97305555555556,rule_v1
kettle,1415116007000000,1415116148000000,141.0,99.08222222222223,rule_v1
kettle,1415117333000000,1415117379000000,46.0,35.839444444444446,rule_v1
kettle,1415121198000000,1415121365000000,167.0,114.48694444444445,rule_v1
kettle,1415131422000000,1415131733000000,311.0,201.9311111111111,rule_v1
kettle,1415133431000000,1415133470000000,39.0,28.962222222222223,rule_v1
kettle,1415157821000000,1415157919000000,98.0,68.51972222222223,rule_v1
kettle,1415171627000000,1415171774000000,147.0,101.635,rule_v1
kettle,1415173352000000,1415173383000000,31.0,24.02111111111111,rule_v1
kettle,1415218875000000,1415219124000000,249.0,160.4622222222222,rule_v1
kettle,1415224202000000,1415224396000000,194.0,127.3425,rule_v1
kettle,1415257823000000,1415258042000000,219.0,143.8852777777778,rule_v1
kettle,1415263820000000,1415263903000000,83.0,62.44555555555556,rule_v1
kettle,1415280552000000,1415280746000000,194.0,131.17555555555555,rule_v1
kettle,1415294658000000,1415294876000000,218.0,146.3088888888889,rule_v1
kettle,1415296249000000,1415296385000000,136.0,92.2925,rule_v1
kettle,1415306006000000,1415306270000000,264.0,173.25444444444443,rule_v1
kettle,1415347518000000,1415347622000000,104.0,73.70666666666666,rule_v1
kettle,1415348621000000,1415348653000000,32.0,25.16888888888889,rule_v1
kettle,1415352158000000,1415352326000000,168.0,114.35194444444444,rule_v1
kettle,1415358112000000,1415358237000000,125.0,78.55944444444444,rule_v1
kettle,1415382174000000,1415382298000000,124.0,86.97111111111111,rule_v1
kettle,1415384585000000,1415384671000000,86.0,59.84861111111111,rule_v1
kettle,1415386601000000,1415386678000000,77.0,55.528888888888886,rule_v1
kettle,1415391903000000,1415392180000000,277.0,184.36833333333334,rule_v1
kettle,1415433161000000,1415433260000000,99.0,70.02972222222222,rule_v1
kettle,1415437356000000,1415437442000000,86.0,60.97694444444444,rule_v1
kettle,1415443185000000,1415443280000000,95.0,67.60944444444445,rule_v1
kettle,1415448279000000,1415448514000000,235.0,151.04611111111112,rule_v1
kettle,1415458564000000,1415458675000000,111.0,76.75861111111111,rule_v1
kettle,1415471188000000,1415471408000000,220.0,143.26611111111112,rule_v1
kettle,1415475589000000,1415475737000000,148.0,97.54916666666666,rule_v1
kettle,1415521419000000,1415521553000000,134.0,93.42166666666667,rule_v1
kettle,1415527215000000,1415527418000000,203.0,132.57444444444445,rule_v1
kettle,1415562176000000,1415562497000000,321.0,203.19166666666666,rule_v1
kettle,1415605409000000,1415605563000000,154.0,105.3411111111111,rule_v1
kettle,1415621569000000,1415621659000000,90.0,60.93527777777778,rule_v1
kettle,1415627772000000,1415627969000000,197.0,132.1927777777778,rule_v1
kettle,1415641840000000,1415641983000000,143.0,97.04,rule_v1
kettle,1415653946000000,1415654114000000,168.0,110.36138888888888,rule_v1
kettle,1415691977000000,1415692070000000,93.0,62.41777777777778,rule_v1
kettle,1415699507000000,1415699677000000,170.0,112.81527777777778,rule_v1
kettle,1415725146000000,1415725348000000,202.0,142.79472222222222,rule_v1
kettle,1415777645000000,1415777784000000,139.0,95.8425,rule_v1
kettle,1415778856000000,1415779079000000,223.0,146.99944444444444,rule_v1
kettle,1415815268000000,1415815390000000,122.0,84.975,rule_v1
kettle,1415816306000000,1415816342000000,36.0,27.453333333333333,rule_v1
kettle,1415820720000000,1415820776000000,56.0,40.458333333333336,rule_v1
kettle,1415822797000000,1415823006000000,209.0,137.28277777777777,rule_v1
kettle,1415864733000000,1415864870000000,137.0,95.70666666666666,rule_v1
kettle,1415874473000000,1415874581000000,108.0,76.67444444444445,rule_v1
kettle,1415909449000000,1415909769000000,320.0,212.0825,rule_v1
kettle,1415951335000000,1415951460000000,125.0,86.135,rule_v1
kettle,1415958434000000,1415958532000000,98.0,68.44805555555556,rule_v1
kettle,1415980295000000,1415980422000000,127.0,87.96972222222222,rule_v1
kettle,1415982566000000,1415982711000000,145.0,98.79166666666667,rule_v1
kettle,1415982808000000,1415982914000000,106.0,73.19305555555556,rule_v1
kettle,1415994838000000,1415995053000000,215.0,144.10194444444446,rule_v1
kettle,1416039823000000,1416039959000000,136.0,95.57222222222222,rule_v1
kettle,1416067953000000,1416068179000000,226.0,149.8997222222222,rule_v1
kettle,1416124858000000,1416124952000000,94.0,66.67027777777778,rule_v1
kettle,1416125124000000,1416125197000000,73.0,52.26694444444445,rule_v1
kettle,1416133837000000,1416133959000000,122.0,83.5586111111111,rule_v1
kettle,1416137589000000,1416137647000000,58.0,42.324444444444445,rule_v1
kettle,1416151883000000,1416152061000000,178.0,117.80555555555556,rule_v1
kettle,1416161127000000,1416161317000000,190.0,123.63222222222223,rule_v1
kettle,1416163632000000,1416163671000000,39.0,28.580555555555556,rule_v1
kettle,1416209522000000,1416209630000000,108.0,75.95611111111111,rule_v1
kettle,1416226174000000,1416226322000000,148.0,101.9,rule_v1
kettle,1416239854000000,1416239930000000,76.0,56.576388888888886,rule_v1
kettle,1416242111000000,1416242290000000,179.0,119.27722222222222,rule_v1
kettle,1416243825000000,1416243877000000,52.0,36.554722222222225,rule_v1
kettle,1416246720000000,1416246931000000,211.0,138.52138888888888,rule_v1
kettle,1416295649000000,1416295735000000,86.0,60.66861111111111,rule_v1
kettle,1416297193000000,1416297293000000,100.0,67.04805555555555,rule_v1
kettle,1416319093000000,1416319367000000,274.0,180.75944444444445,rule_v1
kettle,1416321051000000,1416321123000000,72.0,51.710277777777776,rule_v1
kettle,1416329626000000,1416329855000000,229.0,151.6486111111111,rule_v1
kettle,1416333139000000,1416333213000000,74.0,52.20111111111111,rule_v1
kettle,1416382864000000,1416383017000000,153.0,106.72027777777778,rule_v1
kettle,1416389098000000,1416389332000000,234.0,156.71444444444444,rule_v1
kettle,1416401365000000,1416401421000000,56.0,45.57888888888889,rule_v1
kettle,1416468308000000,1416468432000000,124.0,84.52888888888889,rule_v1
kettle,1416490320000000,1416490562000000,242.0,165.05277777777778,rule_v1
kettle,1416493160000000,1416493198000000,38.0,29.18611111111111,rule_v1
kettle,1416555966000000,1416556083000000,117.0,81.45944444444444,rule_v1
kettle,1416562570000000,1416562825000000,255.0,172.035,rule_v1
kettle,1416590254000000,1416590433000000,179.0,120.82027777777778,rule_v1
kettle,1416644247000000,1416644336000000,89.0,64.26166666666667,rule_v1
kettle,1416644473000000,1416644538000000,65.0,48.13,rule_v1
kettle,1416649840000000,1416650207000000,367.0,232.615,rule_v1
kettle,1416662366000000,1416662475000000,109.0,75.81083333333333,rule_v1
kettle,1416681140000000,1416681381000000,241.0,164.08972222222224,rule_v1
kettle,1416727137000000,1416727359000000,222.0,149.60666666666665,rule_v1
kettle,1416730712000000,1416730857000000,145.0,95.15472222222222,rule_v1
kettle,1416735435000000,1416735526000000,91.0,64.59944444444444,rule_v1
kettle,1416739533000000,1416739635000000,102.0,70.50194444444445,rule_v1
kettle,1416762433000000,1416762549000000,116.0,79.31861111111111,rule_v1
kettle,1416770726000000,1416770993000000,267.0,174.8372222222222,rule_v1
kettle,1416815877000000,1416816017000000,140.0,95.64416666666666,rule_v1
kettle,1416821269000000,1416821401000000,132.0,89.66444444444444,rule_v1
kettle,1416834736000000,1416834893000000,157.0,108.85583333333334,rule_v1
kettle,1416846464000000,1416846579000000,115.0,81.44166666666666,rule_v1
kettle,1416850096000000,1416850243000000,147.0,101.05277777777778,rule_v1
kettle,1416855761000000,1416856434000000,673.0,433.1875,rule_v1
kettle,1416900598000000,1416900733000000,135.0,89.11694444444444,rule_v1
kettle,1416912595000000,1416912774000000,179.0,119.85666666666667,rule_v1
kettle,1416933368000000,1416933494000000,126.0,87.9661111111111,rule_v1
kettle,1416936180000000,1416936294000000,114.0,76.51944444444445,rule_v1
kettle,1416938999000000,1416939195000000,196.0,129.54583333333332,rule_v1
kettle,1416986651000000,1416986785000000,134.0,94.70833333333333,rule_v1
kettle,1416994089000000,1416994180000000,91.0,60.89611111111111,rule_v1
kettle,1417018231000000,1417018446000000,215.0,142.66583333333332,rule_v1
kettle,1417022667000000,1417022819000000,152.0,100.9175,rule_v1
kettle,1417025009000000,1417025098000000,89.0,61.95055555555555,rule_v1
kettle,1417076995000000,1417077301000000,306.0,207.61222222222221,rule_v1
kettle,1417081459000000,1417081527000000,68.0,48.69583333333333,rule_v1
kettle,1417083955000000,1417084047000000,92.0,65.36722222222222,rule_v1
kettle,1417096261000000,1417096402000000,141.0,96.2911111111111,rule_v1
kettle,1417105109000000,1417105199000000,90.0,65.51555555555555,rule_v1
kettle,1417112377000000,1417112607000000,230.0,150.55416666666667,rule_v1
kettle,1417116425000000,1417116632000000,207.0,134.77388888888888,rule_v1
kettle,1417161072000000,1417161188000000,116.0,79.5825,rule_v1
kettle,1417170744000000,1417170989000000,245.0,158.50194444444443,rule_v1
kettle,1417173557000000,1417173595000000,38.0,28.888055555555557,rule_v1
kettle,1417246681000000,1417246776000000,95.0,66.6825,rule_v1
kettle,1417248248000000,1417248365000000,117.0,79.86416666666666,rule_v1
kettle,1417271362000000,1417271605000000,243.0,162.8125,rule_v1
kettle,1417280370000000,1417280600000000,230.0,150.62416666666667,rule_v1
kettle,1417334208000000,1417334489000000,281.0,188.8538888888889,rule_v1
kettle,1417359300000000,1417359469000000,169.0,115.18472222222222,rule_v1
kettle,1417364976000000,1417365173000000,197.0,127.4011111111111,rule_v1
kettle,1417376471000000,1417376573000000,102.0,71.16194444444444,rule_v1
kettle,1417393928000000,1417394029000000,101.0,70.69722222222222,rule_v1
kettle,1417419441000000,1417419528000000,87.0,61.018055555555556,rule_v1
kettle,1417421416000000,1417421538000000,122.0,83.895,rule_v1
kettle,1417425475000000,1417425672000000,197.0,133.945,rule_v1
kettle,1417429178000000,1417429231000000,53.0,38.0675,rule_v1
kettle,1417439233000000,1417439363000000,130.0,91.42972222222222,rule_v1
kettle,1417454878000000,1417455023000000,145.0,98.67277777777778,rule_v1
kettle,1417455709000000,1417455742000000,33.0,25.7675,rule_v1
kettle,1417462040000000,1417462152000000,112.0,77.33361111111111,rule_v1
kettle,1417505330000000,1417505426000000,96.0,68.79694444444445,rule_v1
kettle,1417505916000000,1417506118000000,202.0,137.77972222222223,rule_v1
kettle,1417517818000000,1417517955000000,137.0,94.64833333333333,rule_v1
kettle,1417537732000000,1417537836000000,104.0,71.79694444444445,rule_v1
kettle,1417540188000000,1417540385000000,197.0,132.8827777777778,rule_v1
kettle,1417544135000000,1417544227000000,92.0,65.01638888888888,rule_v1
kettle,1417549784000000,1417549841000000,57.0,43.843333333333334,rule_v1
kettle,1417559371000000,1417559652000000,281.0,184.71722222222223,rule_v1
kettle,1417592407000000,1417592548000000,141.0,96.19416666666666,rule_v1
kettle,1417603959000000,1417604077000000,118.0,83.00194444444445,rule_v1
kettle,1417609131000000,1417609452000000,321.0,213.47555555555556,rule_v1
kettle,1417613317000000,1417613386000000,69.0,47.725833333333334,rule_v1
kettle,1417638151000000,1417638399000000,248.0,164.84055555555557,rule_v1
kettle,1417679307000000,1417679421000000,114.0,78.14,rule_v1
kettle,1417684633000000,1417684679000000,46.0,36.41833333333334,rule_v1
kettle,1417690950000000,1417691070000000,120.0,82.88916666666667,rule_v1
kettle,1417698337000000,1417698420000000,83.0,59.53944444444444,rule_v1
kettle,1417711038000000,1417711099000000,61.0,43.174166666666665,rule_v1
kettle,1417715625000000,1417715782000000,157.0,104.86277777777778,rule_v1
kettle,1417720588000000,1417720788000000,200.0,131.5561111111111,rule_v1
kettle,1417729555000000,1417729608000000,53.0,38.843333333333334,rule_v1
kettle,1417765861000000,1417765993000000,132.0,90.99111111111111,rule_v1
kettle,1417766935000000,1417766968000000,33.0,24.345277777777778,rule_v1
kettle,1417777147000000,1417777305000000,158.0,109.43,rule_v1
kettle,1417781319000000,1417781487000000,168.0,114.47111111111111,rule_v1
kettle,1417801517000000,1417801765000000,248.0,163.78805555555556,rule_v1
kettle,1417804246000000,1417804302000000,56.0,42.13861111111111,rule_v1
kettle,1417855583000000,1417855699000000,116.0,82.89722222222223,rule_v1
kettle,1417861833000000,1417861931000000,98.0,68.81861111111111,rule_v1
kettle,1417868390000000,1417868563000000,173.0,117.67138888888888,rule_v1
kettle,1417868661000000,1417868745000000,84.0,58.66722222222222,rule_v1
kettle,1417885394000000,1417885501000000,107.0,74.3225,rule_v1
kettle,1417891890000000,1417892126000000,236.0,156.82833333333335,rule_v1
kettle,1417939939000000,1417940077000000,138.0,96.89944444444444,rule_v1
kettle,1417943816000000,1417943924000000,108.0,76.25611111111111,rule_v1
kettle,1417955534000000,1417955683000000,149.0,100.20083333333334,rule_v1
kettle,1417971953000000,1417972059000000,106.0,71.22055555555555,rule_v1
kettle,1417972483000000,1417972571000000,88.0,60.36138888888889,rule_v1
kettle,1417972745000000,1417972825000000,80.0,56.08444444444444,rule_v1
kettle,1418022893000000,1418023121000000,228.0,152.90166666666667,rule_v1
kettle,1418024320000000,1418024406000000,86.0,63.126666666666665,rule_v1
kettle,1418030593000000,1418030703000000,110.0,77.15222222222222,rule_v1
kettle,1418040838000000,1418040962000000,124.0,85.87777777777778,rule_v1
kettle,1418050137000000,1418050261000000,124.0,88.09527777777778,rule_v1
kettle,1418056468000000,1418056591000000,123.0,84.83361111111111,rule_v1
kettle,1418066764000000,1418066976000000,212.0,141.0575,rule_v1
kettle,1418109622000000,1418109825000000,203.0,137.67833333333334,rule_v1
kettle,1418120196000000,1418120291000000,95.0,67.24916666666667,rule_v1
kettle,1418140457000000,1418140653000000,196.0,134.1675,rule_v1
kettle,1418142437000000,1418142497000000,60.0,43.56916666666667,rule_v1
kettle,1418153926000000,1418154154000000,228.0,153.8047222222222,rule_v1
kettle,1418157352000000,1418157560000000,208.0,138.10694444444445,rule_v1
kettle,1418198604000000,1418198720000000,116.0,80.30611111111111,rule_v1
kettle,1418216191000000,1418216308000000,117.0,80.21,rule_v1
kettle,1418230993000000,1418231230000000,237.0,159.54,rule_v1
kettle,1418240892000000,1418241118000000,226.0,148.69027777777777,rule_v1
kettle,1418285042000000,1418285170000000,128.0,86.58666666666667,rule_v1
kettle,1418294670000000,1418294794000000,124.0,85.83638888888889,rule_v1
kettle,1418300483000000,1418300620000000,137.0,92.88666666666667,rule_v1
kettle,1418302272000000,1418302350000000,78.0,55.47972222222222,rule_v1
kettle,1418316791000000,1418316931000000,140.0,96.10027777777778,rule_v1
kettle,1418327464000000,1418327666000000,202.0,127.91305555555556,rule_v1
kettle,1418369684000000,1418369842000000,158.0,105.565,rule_v1
kettle,1418371756000000,1418371808000000,52.0,39.17611111111111,rule_v1
kettle,1418403858000000,1418404117000000,259.0,171.765,rule_v1
kettle,1418460463000000,1418460584000000,121.0,83.81,rule_v1
kettle,1418463539000000,1418463641000000,102.0,72.69694444444444,rule_v1
kettle,1418467891000000,1418467979000000,88.0,61.42527777777778,rule_v1
kettle,1418499924000000,1418500138000000,214.0,140.59194444444444,rule_v1
kettle,1418543797000000,1418543975000000,178.0,124.00333333333333,rule_v1
kettle,1418547947000000,1418548163000000,216.0,146.96416666666667,rule_v1
kettle,1418576601000000,1418576775000000,174.0,117.10694444444445,rule_v1
kettle,1418624312000000,1418624405000000,93.0,67.18638888888889,rule_v1
kettle,1418629961000000,1418630069000000,108.0,74.46888888888888,rule_v1
kettle,1418639193000000,1418639312000000,119.0,82.85444444444444,rule_v1
kettle,1418639523000000,1418639664000000,141.0,96.02666666666667,rule_v1
kettle,1418658662000000,1418658781000000,119.0,84.26666666666667,rule_v1
kettle,1418662510000000,1418662670000000,160.0,107.35944444444445,rule_v1
kettle,1418663549000000,1418663649000000,100.0,68.72083333333333,rule_v1
kettle,1418714379000000,1418714445000000,66.0,47.58,rule_v1
kettle,1418714763000000,1418714830000000,67.0,47.85611111111111,rule_v1
kettle,1418716323000000,1418716428000000,105.0,71.42472222222223,rule_v1
kettle,1418718054000000,1418718224000000,170.0,116.23166666666667,rule_v1
kettle,1418732841000000,1418733015000000,174.0,117.16027777777778,rule_v1
kettle,1418733486000000,1418733676000000,190.0,129.52027777777778,rule_v1
kettle,1418740989000000,1418741061000000,72.0,51.195277777777775,rule_v1
kettle,1418744856000000,1418744966000000,110.0,76.46055555555556,rule_v1
kettle,1418748819000000,1418748986000000,167.0,79.26388888888889,rule_v1
kettle,1418751113000000,1418751237000000,124.0,84.46388888888889,rule_v1
kettle,1418755098000000,1418755170000000,72.0,52.20027777777778,rule_v1
kettle,1418799693000000,1418799795000000,102.0,72.6225,rule_v1
kettle,1418802479000000,1418802602000000,123.0,85.8575,rule_v1
kettle,1418804240000000,1418804383000000,143.0,100.32888888888888,rule_v1
kettle,1418812265000000,1418812368000000,103.0,72.43416666666667,rule_v1
kettle,1418832073000000,1418832205000000,132.0,89.37861111111111,rule_v1
kettle,1418845885000000,1418846123000000,238.0,159.20083333333332,rule_v1
kettle,1418884303000000,1418884526000000,223.0,148.42777777777778,rule_v1
kettle,1418888944000000,1418889080000000,136.0,95.77444444444444,rule_v1
kettle,1418906194000000,1418906344000000,150.0,103.8711111111111,rule_v1
kettle,1418922290000000,1418922446000000,156.0,107.14833333333333,rule_v1
kettle,1418925986000000,1418926092000000,106.0,73.10444444444444,rule_v1
kettle,1418927232000000,1418927297000000,65.0,46.15111111111111,rule_v1
kettle,1418940182000000,1418940396000000,214.0,144.7511111111111,rule_v1
kettle,1418971099000000,1418971190000000,91.0,64.53611111111111,rule_v1
kettle,1418973421000000,1418973509000000,88.0,61.151666666666664,rule_v1
kettle,1418975564000000,1418975609000000,45.0,34.35055555555556,rule_v1
kettle,1418982750000000,1418982854000000,104.0,70.25194444444445,rule_v1
kettle,1418984565000000,1418984792000000,227.0,153.50861111111112,rule_v1
kettle,1418993012000000,1418993088000000,76.0,53.339444444444446,rule_v1
kettle,1419002104000000,1419002205000000,101.0,72.4525,rule_v1
kettle,1419059365000000,1419059534000000,169.0,115.09944444444444,rule_v1
kettle,1419069326000000,1419069542000000,216.0,142.8438888888889,rule_v1
kettle,1419078991000000,1419079115000000,124.0,84.43944444444445,rule_v1
kettle,1419081097000000,1419081193000000,96.0,66.50444444444445,rule_v1
kettle,1419104687000000,1419104832000000,145.0,99.85333333333334,rule_v1
kettle,1419110482000000,1419110574000000,92.0,63.17,rule_v1
kettle,1419148248000000,1419148412000000,164.0,111.41833333333334,rule_v1
kettle,1419149493000000,1419149546000000,53.0,38.48638888888889,rule_v1
kettle,1419155236000000,1419155413000000,177.0,119.26833333333333,rule_v1
kettle,1419164426000000,1419164655000000,229.0,153.10361111111112,rule_v1
kettle,1419173795000000,1419173930000000,135.0,87.77444444444444,rule_v1
kettle,1419181119000000,1419181275000000,156.0,105.95083333333334,rule_v1
kettle,1419187937000000,1419188031000000,94.0,64.05388888888889,rule_v1
kettle,1419195260000000,1419195352000000,92.0,62.278888888888886,rule_v1
kettle,1419203574000000,1419203637000000,63.0,44.94111111111111,rule_v1
kettle,1419238085000000,1419238193000000,108.0,78.05111111111111,rule_v1
kettle,1419240333000000,1419240544000000,211.0,142.09166666666667,rule_v1
kettle,1419250823000000,1419250967000000,144.0,99.47805555555556,rule_v1
kettle,1419251219000000,1419251298000000,79.0,56.915277777777774,rule_v1
kettle,1419264753000000,1419264843000000,90.0,65.03333333333333,rule_v1
kettle,1419265449000000,1419265519000000,70.0,51.414722222222224,rule_v1
kettle,1419273578000000,1419273814000000,236.0,157.36055555555555,rule_v1
kettle,1419274978000000,1419275054000000,76.0,54.52111111111111,rule_v1
kettle,1419276808000000,1419276964000000,156.0,105.38166666666666,rule_v1
kettle,1419324124000000,1419324295000000,171.0,115.24916666666667,rule_v1
kettle,1419354558000000,1419354742000000,184.0,121.30027777777778,rule_v1
kettle,1419371293000000,1419371537000000,244.0,166.8713888888889,rule_v1
kettle,1419409576000000,1419409805000000,229.0,155.24583333333334,rule_v1
kettle,1419447416000000,1419447557000000,141.0,97.26805555555555,rule_v1
kettle,1419454560000000,1419454847000000,287.0,189.78583333333333,rule_v1
kettle,1419493306000000,1419493412000000,106.0,73.61277777777778,rule_v1
kettle,1419496212000000,1419496321000000,109.0,75.84972222222223,rule_v1
kettle,1419508522000000,1419508625000000,103.0,70.71055555555556,rule_v1
kettle,1419538907000000,1419539141000000,234.0,155.03166666666667,rule_v1
kettle,1419583742000000,1419583863000000,121.0,85.16388888888889,rule_v1
kettle,1419595107000000,1419595202000000,95.0,69.02638888888889,rule_v1
kettle,1419596496000000,1419596753000000,257.0,170.83194444444445,rule_v1
kettle,1420442656000000,1420442810000000,154.0,106.81805555555556,rule_v1
kettle,1420444469000000,1420444691000000,222.0,143.81416666666667,rule_v1
kettle,1420452940000000,1420453040000000,100.0,70.09972222222223,rule_v1
kettle,1420460399000000,1420460614000000,215.0,146.04694444444445,rule_v1
kettle,1420469846000000,1420469945000000,99.0,70.74305555555556,rule_v1
kettle,1420476571000000,1420476720000000,149.0,102.2936111111111,rule_v1
kettle,1420480828000000,1420480907000000,79.0,55.10916666666667,rule_v1
kettle,1420498267000000,1420498369000000,102.0,71.18138888888889,rule_v1
kettle,1420531770000000,1420532023000000,253.0,168.6288888888889,rule_v1
kettle,1420538006000000,1420538137000000,131.0,91.38333333333334,rule_v1
kettle,1420548375000000,1420548457000000,82.0,59.55388888888889,rule_v1
kettle,1420558656000000,1420558843000000,187.0,126.31333333333333,rule_v1
kettle,1420616821000000,1420616930000000,109.0,76.17722222222223,rule_v1
kettle,1420626902000000,1420627049000000,147.0,101.45166666666667,rule_v1
kettle,1420631840000000,1420632018000000,178.0,120.68527777777778,rule_v1
kettle,1420632279000000,1420632345000000,66.0,46.9725,rule_v1
kettle,1420633891000000,1420634008000000,117.0,81.45555555555555,rule_v1
kettle,1420637750000000,1420637984000000,234.0,157.7213888888889,rule_v1
kettle,1420702614000000,1420702706000000,92.0,64.97027777777778,rule_v1
kettle,1420703098000000,1420703169000000,71.0,50.255,rule_v1
kettle,1420720197000000,1420720515000000,318.0,211.68944444444443,rule_v1
kettle,1420722858000000,1420722909000000,51.0,38.227222222222224,rule_v1
kettle,1420736911000000,1420737140000000,229.0,150.81416666666667,rule_v1
kettle,1420741379000000,1420741541000000,162.0,110.81694444444445,rule_v1
kettle,1420783524000000,1420783602000000,78.0,55.52388888888889,rule_v1
kettle,1420790076000000,1420790215000000,139.0,97.435,rule_v1
kettle,1420796650000000,1420796900000000,250.0,167.03666666666666,rule_v1
kettle,1420805341000000,1420805523000000,182.0,124.3225,rule_v1
kettle,1420819759000000,1420819869000000,110.0,77.5675,rule_v1
kettle,1420821797000000,1420821961000000,164.0,109.97833333333334,rule_v1
kettle,1420830573000000,1420830660000000,87.0,61.31333333333333,rule_v1
kettle,1420832839000000,1420832892000000,53.0,37.78638888888889,rule_v1
kettle,1420841136000000,1420841195000000,59.0,42.40277777777778,rule_v1
kettle,1420877012000000,1420877128000000,116.0,81.63,rule_v1
kettle,1420883615000000,1420883740000000,125.0,84.42916666666666,rule_v1
kettle,1420908561000000,1420908670000000,109.0,71.82222222222222,rule_v1
kettle,1420909555000000,1420909719000000,164.0,110.44722222222222,rule_v1
kettle,1420911378000000,1420911476000000,98.0,68.5988888888889,rule_v1
kettle,1420913883000000,1420914077000000,194.0,130.97194444444443,rule_v1
kettle,1420963944000000,1420964052000000,108.0,76.69833333333334,rule_v1
kettle,1420965521000000,1420965599000000,78.0,56.6725,rule_v1
kettle,1420992359000000,1420992494000000,135.0,92.33638888888889,rule_v1
kettle,1421005217000000,1421005470000000,253.0,163.92944444444444,rule_v1
kettle,1421048268000000,1421048434000000,166.0,115.02305555555556,rule_v1
kettle,1421058989000000,1421059102000000,113.0,82.23277777777778,rule_v1
kettle,1421074509000000,1421074779000000,270.0,179.17055555555555,rule_v1
kettle,1421135512000000,1421135630000000,118.0,81.88833333333334,rule_v1
kettle,1421136947000000,1421137040000000,93.0,66.08305555555556,rule_v1
kettle,1421165981000000,1421166289000000,308.0,171.895,rule_v1
kettle,1421167474000000,1421167571000000,97.0,69.05638888888889,rule_v1
kettle,1421218429000000,1421218521000000,92.0,65.66583333333334,rule_v1
kettle,1421221301000000,1421221438000000,137.0,93.21833333333333,rule_v1
kettle,1421228285000000,1421228537000000,252.0,166.3111111111111,rule_v1
kettle,1421252644000000,1421252762000000,118.0,81.92083333333333,rule_v1
kettle,1421254218000000,1421254273000000,55.0,41.23444444444444,rule_v1
kettle,1421302460000000,1421302572000000,112.0,78.7461111111111,rule_v1
kettle,1421308107000000,1421308221000000,114.0,81.3938888888889,rule_v1
kettle,1421319189000000,1421319318000000,129.0,88.57694444444445,rule_v1
kettle,1421347413000000,1421347673000000,260.0,172.3486111111111,rule_v1
kettle,1421393141000000,1421393231000000,90.0,63.10666666666667,rule_v1
kettle,1421394630000000,1421394709000000,79.0,56.16638888888889,rule_v1
kettle,1421401585000000,1421401694000000,109.0,82.0111111111111,rule_v1
kettle,1421423293000000,1421423482000000,189.0,128.58,rule_v1
kettle,1421426658000000,1421426813000000,155.0,107.55,rule_v1
kettle,1421482854000000,1421482957000000,103.0,72.03416666666666,rule_v1
kettle,1421485074000000,1421485184000000,110.0,76.61222222222223,rule_v1
kettle,1421486262000000,1421486477000000,215.0,143.71527777777777,rule_v1
kettle,1421496118000000,1421496217000000,99.0,67.5363888888889,rule_v1
kettle,1421496475000000,1421496740000000,265.0,179.15916666666666,rule_v1
kettle,1421580857000000,1421581023000000,166.0,109.38666666666667,rule_v1
kettle,1421590817000000,1421590995000000,178.0,119.85416666666667,rule_v1
kettle,1421655234000000,1421655355000000,121.0,84.24722222222222,rule_v1
kettle,1421672057000000,1421672144000000,87.0,63.23277777777778,rule_v1
kettle,1421679964000000,1421680169000000,205.0,142.81333333333333,rule_v1
kettle,1421687172000000,1421687356000000,184.0,126.99722222222222,rule_v1
kettle,1421740149000000,1421740262000000,113.0,80.27222222222223,rule_v1
kettle,1421748396000000,1421748553000000,157.0,108.74444444444444,rule_v1
kettle,1421768661000000,1421768814000000,153.0,102.74277777777777,rule_v1
kettle,1421773379000000,1421773493000000,114.0,79.30638888888889,rule_v1
kettle,1421773570000000,1421773717000000,147.0,99.98194444444445,rule_v1
kettle,1421774190000000,1421774367000000,177.0,118.67194444444445,rule_v1
kettle,1421783303000000,1421783389000000,86.0,59.611666666666665,rule_v1
kettle,1421822416000000,1421822475000000,59.0,44.19722222222222,rule_v1
kettle,1421826897000000,1421827027000000,130.0,90.19472222222223,rule_v1
kettle,1421838357000000,1421838482000000,125.0,86.95527777777778,rule_v1
kettle,1421852437000000,1421852532000000,95.0,68.17111111111112,rule_v1
kettle,1421856587000000,1421856764000000,177.0,121.30611111111111,rule_v1
kettle,1421859130000000,1421859276000000,146.0,101.08027777777778,rule_v1
kettle,1421910427000000,1421910491000000,64.0,46.680277777777775,rule_v1
kettle,1421913387000000,1421913493000000,106.0,75.31055555555555,rule_v1
kettle,1421913873000000,1421914058000000,185.0,125.76611111111112,rule_v1
kettle,1421930038000000,1421930202000000,164.0,114.24444444444444,rule_v1
kettle,1421930905000000,1421930974000000,69.0,49.76416666666667,rule_v1
kettle,1421945990000000,1421946201000000,211.0,144.61,rule_v1
kettle,1421955770000000,1421955878000000,108.0,74.63583333333334,rule_v1
kettle,1421999399000000,1421999501000000,102.0,71.59861111111111,rule_v1
kettle,1422000875000000,1422001002000000,127.0,89.40166666666667,rule_v1
kettle,1422009029000000,1422009165000000,136.0,94.46583333333334,rule_v1
kettle,1422017110000000,1422017211000000,101.0,71.2136111111111,rule_v1
kettle,1422035621000000,1422035976000000,355.0,234.02555555555554,rule_v1
kettle,1422088115000000,1422088236000000,121.0,81.66833333333334,rule_v1
kettle,1422116841000000,1422116974000000,133.0,89.91527777777777,rule_v1
kettle,1422171362000000,1422171531000000,169.0,114.30472222222222,rule_v1
kettle,1422172076000000,1422172115000000,39.0,28.25722222222222,rule_v1
kettle,1422174326000000,1422174429000000,103.0,72.0261111111111,rule_v1
kettle,1422176793000000,1422176846000000,53.0,40.381388888888885,rule_v1
kettle,1422259307000000,1422259424000000,117.0,82.22805555555556,rule_v1
kettle,1422268609000000,1422268932000000,323.0,217.29166666666666,rule_v1
kettle,1422291885000000,1422291998000000,113.0,78.5213888888889,rule_v1
kettle,1422345804000000,1422345921000000,117.0,81.9713888888889,rule_v1
kettle,1422351889000000,1422352026000000,137.0,93.26361111111112,rule_v1
kettle,1422363705000000,1422363941000000,236.0,156.6175,rule_v1
kettle,1422378580000000,1422378779000000,199.0,137.71555555555557,rule_v1
kettle,1422431455000000,1422431539000000,84.0,59.780833333333334,rule_v1
kettle,1422432797000000,1422432881000000,84.0,58.550555555555555,rule_v1
kettle,1422444611000000,1422444713000000,102.0,71.95166666666667,rule_v1
kettle,1422447796000000,1422447960000000,164.0,112.69777777777777,rule_v1
kettle,1422449933000000,1422450012000000,79.0,56.431111111111115,rule_v1
kettle,1422469339000000,1422469425000000,86.0,60.59361111111111,rule_v1
kettle,1422518131000000,1422518269000000,138.0,99.76833333333333,rule_v1
kettle,1422520400000000,1422520609000000,209.0,140.77527777777777,rule_v1
kettle,1422530791000000,1422531002000000,211.0,144.03833333333333,rule_v1
kettle,1422533897000000,1422533994000000,97.0,69.06055555555555,rule_v1
kettle,1422534834000000,1422534930000000,96.0,67.46388888888889,rule_v1
kettle,1422600300000000,1422600376000000,76.0,55.3575,rule_v1
kettle,1422603845000000,1422604086000000,241.0,161.45916666666668,rule_v1
kettle,1422608693000000,1422608792000000,99.0,68.40916666666666,rule_v1
kettle,1422622253000000,1422622447000000,194.0,133.3225,rule_v1
kettle,1422632741000000,1422632855000000,114.0,79.18277777777777,rule_v1
kettle,1422635510000000,1422635580000000,70.0,50.373333333333335,rule_v1
kettle,1422641734000000,1422641835000000,101.0,69.78472222222223,rule_v1
kettle,1422692872000000,1422692958000000,86.0,62.075,rule_v1
kettle,1422694355000000,1422694446000000,91.0,63.50666666666667,rule_v1
kettle,1422707551000000,1422707705000000,154.0,103.53083333333333,rule_v1
kettle,1422707947000000,1422708031000000,84.0,58.94444444444444,rule_v1
kettle,1422708802000000,1422708890000000,88.0,56.87388888888889,rule_v1
kettle,1422711929000000,1422712014000000,85.0,59.38194444444444,rule_v1
kettle,1422724971000000,1422725295000000,324.0,213.19472222222223,rule_v1
kettle,1422776835000000,1422776959000000,124.0,85.70944444444444,rule_v1
kettle,1422800788000000,1422800933000000,145.0,99.19972222222222,rule_v1
kettle,1422810968000000,1422811115000000,147.0,102.72638888888889,rule_v1
kettle,1422820325000000,1422820433000000,108.0,73.21138888888889,rule_v1
kettle,1422820803000000,1422820982000000,179.0,118.53166666666667,rule_v1
kettle,1422862136000000,1422862355000000,219.0,151.49055555555555,rule_v1
kettle,1422862763000000,1422862839000000,76.0,59.89222222222222,rule_v1
kettle,1422879597000000,1422879751000000,154.0,106.71444444444444,rule_v1
kettle,1422897566000000,1422897762000000,196.0,131.93972222222223,rule_v1
kettle,1422947402000000,1422947506000000,104.0,72.385,rule_v1
kettle,1422949509000000,1422949563000000,54.0,40.3775,rule_v1
kettle,1422957352000000,1422957541000000,189.0,128.63111111111112,rule_v1
kettle,1422966733000000,1422967158000000,425.0,258.6786111111111,rule_v1
kettle,1422969209000000,1422969286000000,77.0,54.075,rule_v1
kettle,1422983709000000,1422983922000000,213.0,139.57777777777778,rule_v1
kettle,1422987741000000,1422987815000000,74.0,53.73138888888889,rule_v1
kettle,1423037244000000,1423037367000000,123.0,86.75611111111111,rule_v1
kettle,1423037684000000,1423037757000000,73.0,52.551944444444445,rule_v1
kettle,1423077044000000,1423077398000000,354.0,237.83305555555555,rule_v1
kettle,1423084269000000,1423084321000000,52.0,38.160833333333336,rule_v1
kettle,1423122669000000,1423122801000000,132.0,90.17833333333333,rule_v1
kettle,1423169162000000,1423169397000000,235.0,159.63305555555556,rule_v1
kettle,1423207711000000,1423207845000000,134.0,93.18222222222222,rule_v1
kettle,1423218692000000,1423218854000000,162.0,112.79138888888889,rule_v1
kettle,1423220667000000,1423220737000000,70.0,51.07083333333333,rule_v1
kettle,1423228244000000,1423228378000000,134.0,96.0025,rule_v1
kettle,1423239083000000,1423239216000000,133.0,91.90611111111112,rule_v1
kettle,1423246641000000,1423246711000000,70.0,50.58694444444444,rule_v1
kettle,1423251227000000,1423251339000000,112.0,77.02166666666666,rule_v1
kettle,1423294313000000,1423294454000000,141.0,97.76555555555555,rule_v1
kettle,1423294952000000,1423294984000000,32.0,25.045,rule_v1
kettle,1423296406000000,1423296696000000,290.0,192.0661111111111,rule_v1
kettle,1423300731000000,1423300802000000,71.0,50.57055555555556,rule_v1
kettle,1423332508000000,1423332645000000,137.0,94.10694444444445,rule_v1
kettle,1423335738000000,1423335837000000,99.0,69.3963888888889,rule_v1
kettle,1423338804000000,1423339080000000,276.0,185.6838888888889,rule_v1
kettle,1423381514000000,1423381784000000,270.0,181.595,rule_v1
kettle,1423385833000000,1423385907000000,74.0,52.66388888888889,rule_v1
kettle,1423396964000000,1423397199000000,235.0,154.91222222222223,rule_v1
kettle,1423466697000000,1423466834000000,137.0,94.66055555555556,rule_v1
kettle,1423479960000000,1423480083000000,123.0,86.12,rule_v1
kettle,1423480253000000,1423480467000000,214.0,143.76527777777778,rule_v1
kettle,1423501977000000,1423502215000000,238.0,162.17027777777778,rule_v1
kettle,1423553266000000,1423553381000000,115.0,80.44805555555556,rule_v1
kettle,1423554283000000,1423554367000000,84.0,58.9875,rule_v1
kettle,1423559743000000,1423559866000000,123.0,83.42222222222222,rule_v1
kettle,1423564496000000,1423564569000000,73.0,50.52583333333333,rule_v1
kettle,1423579589000000,1423579690000000,101.0,71.96722222222222,rule_v1
kettle,1423588099000000,1423588251000000,152.0,101.1686111111111,rule_v1
kettle,1423592722000000,1423592933000000,211.0,139.85361111111112,rule_v1
kettle,1423594094000000,1423594326000000,232.0,158.89916666666667,rule_v1
kettle,1423594477000000,1423594699000000,222.0,150.72472222222223,rule_v1
kettle,1423596837000000,1423596907000000,70.0,50.88333333333333,rule_v1
kettle,1423597102000000,1423597187000000,85.0,60.6225,rule_v1
kettle,1423639687000000,1423639794000000,107.0,75.42138888888888,rule_v1
kettle,1423640789000000,1423640899000000,110.0,77.295,rule_v1
kettle,1423648789000000,1423648988000000,199.0,134.3875,rule_v1
kettle,1423679669000000,1423679852000000,183.0,124.04777777777778,rule_v1
kettle,1423682482000000,1423682564000000,82.0,56.88638888888889,rule_v1
kettle,1423683621000000,1423683857000000,236.0,154.41583333333332,rule_v1
kettle,1423727770000000,1423727914000000,144.0,98.76388888888889,rule_v1
kettle,1423739353000000,1423739516000000,163.0,109.96138888888889,rule_v1
kettle,1423744354000000,1423744438000000,84.0,60.53138888888889,rule_v1
kettle,1423770164000000,1423770357000000,193.0,127.3638888888889,rule_v1
kettle,1423810192000000,1423810296000000,104.0,74.4036111111111,rule_v1
kettle,1423810635000000,1423810794000000,159.0,109.08222222222223,rule_v1
kettle,1423814090000000,1423814212000000,122.0,83.13,rule_v1
kettle,1423823465000000,1423823559000000,94.0,64.55361111111111,rule_v1
kettle,1423830644000000,1423830785000000,141.0,98.05,rule_v1
kettle,1423845532000000,1423845749000000,217.0,146.7086111111111,rule_v1
kettle,1423852865000000,1423853115000000,250.0,165.81222222222223,rule_v1
kettle,1423901038000000,1423901127000000,89.0,65.15,rule_v1
kettle,1423901316000000,1423901415000000,99.0,70.47944444444444,rule_v1
kettle,1423915128000000,1423915298000000,170.0,116.54277777777777,rule_v1
kettle,1423936425000000,1423936592000000,167.0,112.41916666666667,rule_v1
kettle,1423937472000000,1423937518000000,46.0,35.321666666666665,rule_v1
kettle,1423950945000000,1423951192000000,247.0,162.00694444444446,rule_v1
kettle,1423991040000000,1423991185000000,145.0,98.96416666666667,rule_v1
kettle,1424015127000000,1424015267000000,140.0,97.54222222222222,rule_v1
kettle,1424018846000000,1424018987000000,141.0,96.1075,rule_v1
kettle,1424020517000000,1424020556000000,39.0,29.450833333333332,rule_v1
kettle,1424025528000000,1424025800000000,272.0,182.54,rule_v1
kettle,1424029376000000,1424029568000000,192.0,126.73666666666666,rule_v1
kettle,1424072452000000,1424072615000000,163.0,109.81,rule_v1
kettle,1424073894000000,1424073947000000,53.0,37.57611111111111,rule_v1
kettle,1424158995000000,1424159164000000,169.0,116.0625,rule_v1
kettle,1424168069000000,1424168226000000,157.0,106.00916666666667,rule_v1
kettle,1424247321000000,1424247555000000,234.0,161.00305555555556,rule_v1
kettle,1424250425000000,1424250561000000,136.0,91.89972222222222,rule_v1
kettle,1424289295000000,1424289517000000,222.0,146.95388888888888,rule_v1
kettle,1424328558000000,1424328657000000,99.0,69.34527777777778,rule_v1
kettle,1424331652000000,1424331775000000,123.0,86.26722222222222,rule_v1
kettle,1424368461000000,1424368725000000,264.0,177.46305555555554,rule_v1
kettle,1424375612000000,1424375754000000,142.0,95.86472222222223,rule_v1
kettle,1424417415000000,1424417524000000,109.0,76.76472222222222,rule_v1
kettle,1424417913000000,1424418012000000,99.0,66.93694444444445,rule_v1
kettle,1424422549000000,1424422658000000,109.0,75.29861111111111,rule_v1
kettle,1424432516000000,1424432616000000,100.0,69.09611111111111,rule_v1
kettle,1424463883000000,1424463994000000,111.0,75.6225,rule_v1
kettle,1424504607000000,1424504732000000,125.0,86.13055555555556,rule_v1
kettle,1424527454000000,1424527719000000,265.0,175.65333333333334,rule_v1
kettle,1424541639000000,1424541839000000,200.0,134.58805555555554,rule_v1
kettle,1424542201000000,1424542295000000,94.0,64.97777777777777,rule_v1
kettle,1424549251000000,1424549419000000,168.0,116.49777777777778,rule_v1
kettle,1424594393000000,1424594526000000,133.0,90.32888888888888,rule_v1
kettle,1424596917000000,1424597020000000,103.0,75.74,rule_v1
kettle,1424605613000000,1424605705000000,92.0,66.35805555555555,rule_v1
kettle,1424625969000000,1424626195000000,226.0,141.89888888888888,rule_v1
kettle,1424678130000000,1424678303000000,173.0,119.54444444444445,rule_v1
kettle,1424686701000000,1424686808000000,107.0,77.61277777777778,rule_v1
kettle,1424697181000000,1424697297000000,116.0,80.93527777777778,rule_v1
kettle,1424711485000000,1424711931000000,446.0,263.01972222222224,rule_v1
kettle,1424721134000000,1424721241000000,107.0,74.8875,rule_v1
kettle,1424762888000000,1424763030000000,142.0,98.50444444444445,rule_v1
kettle,1424764271000000,1424764458000000,187.0,125.62027777777777,rule_v1
kettle,1424775180000000,1424775310000000,130.0,89.94805555555556,rule_v1
kettle,1424797207000000,1424797413000000,206.0,142.17111111111112,rule_v1
kettle,1424807078000000,1424807166000000,88.0,64.60833333333333,rule_v1
kettle,1424851212000000,1424851361000000,149.0,103.68194444444444,rule_v1
kettle,1424862610000000,1424862728000000,118.0,82.11194444444445,rule_v1
kettle,1424865969000000,1424866024000000,55.0,41.839444444444446,rule_v1
kettle,1424867674000000,1424867762000000,88.0,63.92722222222222,rule_v1
kettle,1424875234000000,1424875463000000,229.0,154.36194444444445,rule_v1
kettle,1424877518000000,1424877551000000,33.0,25.8,rule_v1
kettle,1424882887000000,1424883043000000,156.0,109.97027777777778,rule_v1
kettle,1424937265000000,1424937370000000,105.0,76.20555555555555,rule_v1
kettle,1424941762000000,1424941867000000,105.0,73.64777777777778,rule_v1
kettle,1424966065000000,1424966251000000,186.0,126.21527777777777,rule_v1
kettle,1424974540000000,1424974618000000,78.0,54.57527777777778,rule_v1
kettle,1425023344000000,1425023474000000,130.0,91.79694444444445,rule_v1
kettle,1425039111000000,1425039243000000,132.0,91.42222222222222,rule_v1
kettle,1425041260000000,1425041428000000,168.0,115.045,rule_v1
kettle,1425056965000000,1425057240000000,275.0,184.21583333333334,rule_v1
kettle,1425111696000000,1425111851000000,155.0,106.33166666666666,rule_v1
kettle,1425121480000000,1425121582000000,102.0,70.8338888888889,rule_v1
kettle,1425123771000000,1425123913000000,142.0,99.10638888888889,rule_v1
kettle,1425139557000000,1425139764000000,207.0,139.14694444444444,rule_v1
kettle,1425141544000000,1425141758000000,214.0,141.5377777777778,rule_v1
kettle,1425195940000000,1425196071000000,131.0,90.61888888888889,rule_v1
kettle,1425205272000000,1425205389000000,117.0,81.35222222222222,rule_v1
kettle,1425235837000000,1425236432000000,595.0,388.0027777777778,rule_v1
kettle,1425282740000000,1425282884000000,144.0,96.82166666666667,rule_v1
kettle,1425289533000000,1425289600000000,67.0,49.584722222222226,rule_v1
kettle,1425307247000000,1425307334000000,87.0,61.25416666666667,rule_v1
kettle,1425315966000000,1425316227000000,261.0,176.94305555555556,rule_v1
kettle,1425320603000000,1425320851000000,248.0,165.7536111111111,rule_v1
kettle,1425368091000000,1425368242000000,151.0,100.87027777777777,rule_v1
kettle,1425368701000000,1425368734000000,33.0,25.35472222222222,rule_v1
kettle,1425384747000000,1425384837000000,90.0,63.35611111111111,rule_v1
kettle,1425405671000000,1425405763000000,92.0,65.38888888888889,rule_v1
kettle,1425456801000000,1425457031000000,230.0,153.7736111111111,rule_v1
kettle,1425473218000000,1425473386000000,168.0,117.19694444444444,rule_v1
kettle,1425473578000000,1425473682000000,104.0,73.73666666666666,rule_v1
kettle,1425482129000000,1425482218000000,89.0,64.89416666666666,rule_v1
kettle,1425488106000000,1425488384000000,278.0,185.69194444444443,rule_v1
kettle,1425488773000000,1425488822000000,49.0,36.87416666666667,rule_v1
kettle,1425499616000000,1425499722000000,106.0,72.77111111111111,rule_v1
kettle,1425542283000000,1425542405000000,122.0,84.98944444444444,rule_v1
kettle,1425544676000000,1425544885000000,209.0,142.17638888888888,rule_v1
kettle,1425561552000000,1425561741000000,189.0,127.22111111111111,rule_v1
kettle,1425573799000000,1425574021000000,222.0,148.94694444444445,rule_v1
kettle,1425584159000000,1425584271000000,112.0,75.91361111111111,rule_v1
kettle,1425590636000000,1425590733000000,97.0,67.67416666666666,rule_v1
kettle,1425623959000000,1425624052000000,93.0,66.97527777777778,rule_v1
kettle,1425627500000000,1425627639000000,139.0,96.54055555555556,rule_v1
kettle,1425634649000000,1425634820000000,171.0,116.74361111111111,rule_v1
kettle,1425713464000000,1425713607000000,143.0,99.77638888888889,rule_v1
kettle,1425719859000000,1425719943000000,84.0,60.33833333333333,rule_v1
kettle,1425723171000000,1425723275000000,104.0,69.45805555555556,rule_v1
kettle,1425726364000000,1425726549000000,185.0,124.50416666666666,rule_v1
kettle,1425743511000000,1425743578000000,67.0,51.354166666666664,rule_v1
kettle,1425748587000000,1425748729000000,142.0,95.38194444444444,rule_v1
kettle,1425751648000000,1425751734000000,86.0,60.282222222222224,rule_v1
kettle,1425801887000000,1425802001000000,114.0,80.6275,rule_v1
kettle,1425836124000000,1425836391000000,267.0,179.64805555555554,rule_v1
kettle,1425838934000000,1425838978000000,44.0,34.06138888888889,rule_v1
kettle,1425887420000000,1425887553000000,133.0,91.6225,rule_v1
kettle,1425891938000000,1425892062000000,124.0,87.8375,rule_v1
kettle,1425916500000000,1425916671000000,171.0,118.4525,rule_v1
kettle,1425921200000000,1425921304000000,104.0,73.43722222222222,rule_v1
kettle,1425921423000000,1425921500000000,77.0,55.69611111111111,rule_v1
kettle,1425921968000000,1425922094000000,126.0,87.08888888888889,rule_v1
kettle,1425924488000000,1425924541000000,53.0,40.85333333333333,rule_v1
kettle,1425933353000000,1425933565000000,212.0,140.96166666666667,rule_v1
kettle,1425972810000000,1425972935000000,125.0,86.72666666666667,rule_v1
kettle,1425979754000000,1425979880000000,126.0,87.85027777777778,rule_v1
kettle,1425992554000000,1425992641000000,87.0,62.38388888888889,rule_v1
kettle,1426008399000000,1426008599000000,200.0,135.54472222222222,rule_v1
kettle,1426017630000000,1426017794000000,164.0,110.91416666666667,rule_v1
kettle,1426059289000000,1426059425000000,136.0,96.66944444444445,rule_v1
kettle,1426060140000000,1426060171000000,31.0,24.906666666666666,rule_v1
kettle,1426060453000000,1426060654000000,201.0,136.30805555555557,rule_v1
kettle,1426067884000000,1426067963000000,79.0,57.04361111111111,rule_v1
kettle,1426073746000000,1426073851000000,105.0,72.5286111111111,rule_v1
kettle,1426092271000000,1426092475000000,204.0,137.04361111111112,rule_v1
kettle,1426103848000000,1426104058000000,210.0,138.47555555555556,rule_v1
kettle,1426144924000000,1426145042000000,118.0,84.38166666666666,rule_v1
kettle,1426147858000000,1426148091000000,233.0,157.035,rule_v1
kettle,1426152070000000,1426152122000000,52.0,39.17916666666667,rule_v1
kettle,1426163454000000,1426163644000000,190.0,130.30833333333334,rule_v1
kettle,1426175193000000,1426175315000000,122.0,85.16722222222222,rule_v1
kettle,1426189447000000,1426189531000000,84.0,58.382777777777775,rule_v1
kettle,1426232130000000,1426232272000000,142.0,99.72277777777778,rule_v1
kettle,1426242161000000,1426242287000000,126.0,84.82277777777777,rule_v1
kettle,1426244918000000,1426245140000000,222.0,147.67138888888888,rule_v1
kettle,1426261536000000,1426261656000000,120.0,83.13388888888889,rule_v1
kettle,1426266214000000,1426266402000000,188.0,127.69777777777777,rule_v1
kettle,1426266490000000,1426266567000000,77.0,54.819722222222225,rule_v1
kettle,1426315224000000,1426315364000000,140.0,97.71083333333333,rule_v1
kettle,1426318133000000,1426318256000000,123.0,83.93027777777777,rule_v1
kettle,1426489233000000,1426489327000000,94.0,67.79055555555556,rule_v1
kettle,1426489690000000,1426489789000000,99.0,70.20583333333333,rule_v1
kettle,1426492453000000,1426492609000000,156.0,107.67583333333333,rule_v1
kettle,1426505197000000,1426505318000000,121.0,83.22666666666667,rule_v1
kettle,1426523751000000,1426523889000000,138.0,97.20611111111111,rule_v1
kettle,1426524062000000,1426524199000000,137.0,95.64527777777778,rule_v1
kettle,1426526329000000,1426526395000000,66.0,46.45166666666667,rule_v1
kettle,1426539373000000,1426539628000000,255.0,165.93805555555556,rule_v1
kettle,1426573708000000,1426573833000000,125.0,87.88972222222222,rule_v1
kettle,1426577136000000,1426577239000000,103.0,73.08027777777778,rule_v1
kettle,1426586963000000,1426587103000000,140.0,96.68611111111112,rule_v1
kettle,1426588697000000,1426588749000000,52.0,38.10472222222222,rule_v1
kettle,1426596041000000,1426596270000000,229.0,159.54333333333332,rule_v1
kettle,1426596605000000,1426596717000000,112.0,79.0825,rule_v1
kettle,1426597652000000,1426597704000000,52.0,39.41388888888889,rule_v1
kettle,1426612197000000,1426612392000000,195.0,132.965,rule_v1
kettle,1426616312000000,1426616407000000,95.0,65.66305555555556,rule_v1
kettle,1426663085000000,1426663259000000,174.0,119.38972222222222,rule_v1
kettle,1426675048000000,1426675146000000,98.0,68.14666666666666,rule_v1
kettle,1426677066000000,1426677155000000,89.0,60.58361111111111,rule_v1
kettle,1426683265000000,1426683447000000,182.0,123.87,rule_v1
kettle,1426684657000000,1426684697000000,40.0,30.281388888888888,rule_v1
kettle,1426697894000000,1426698126000000,232.0,155.14277777777778,rule_v1
kettle,1426703190000000,1426703238000000,48.0,36.55444444444444,rule_v1
kettle,1426705823000000,1426706048000000,225.0,152.22083333333333,rule_v1
kettle,1426749140000000,1426749275000000,135.0,92.45305555555555,rule_v1
kettle,1426750468000000,1426750546000000,78.0,55.915277777777774,rule_v1
kettle,1426757638000000,1426757682000000,44.0,33.450833333333335,rule_v1
kettle,1426780041000000,1426780154000000,113.0,79.57777777777778,rule_v1
kettle,1426789216000000,1426789470000000,254.0,172.5925,rule_v1
kettle,1426835979000000,1426836112000000,133.0,93.37305555555555,rule_v1
kettle,1426837245000000,1426837283000000,38.0,28.914166666666667,rule_v1
kettle,1426846683000000,1426846813000000,130.0,90.67833333333333,rule_v1
kettle,1426849327000000,1426849481000000,154.0,106.02833333333334,rule_v1
kettle,1426866809000000,1426866969000000,160.0,111.00833333333334,rule_v1
kettle,1426870221000000,1426870300000000,79.0,55.97833333333333,rule_v1
kettle,1426870657000000,1426870804000000,147.0,104.56777777777778,rule_v1
kettle,1426923129000000,1426923259000000,130.0,90.20388888888888,rule_v1
kettle,1426930516000000,1426930750000000,234.0,150.08166666666668,rule_v1
kettle,1426939701000000,1426939803000000,102.0,71.08027777777778,rule_v1
kettle,1426956088000000,1426956267000000,179.0,118.96833333333333,rule_v1
kettle,1427007094000000,1427007225000000,131.0,91.19583333333334,rule_v1
kettle,1427013679000000,1427013794000000,115.0,81.44361111111111,rule_v1
kettle,1427038608000000,1427038893000000,285.0,186.37972222222223,rule_v1
kettle,1427039966000000,1427040005000000,39.0,34.76888888888889,rule_v1
kettle,1427043946000000,1427044127000000,181.0,124.7525,rule_v1
kettle,1427047973000000,1427048081000000,108.0,75.09555555555555,rule_v1
kettle,1427094827000000,1427094955000000,128.0,89.03361111111111,rule_v1
kettle,1427104610000000,1427104705000000,95.0,68.60888888888888,rule_v1
kettle,1427107267000000,1427107329000000,62.0,46.71194444444444,rule_v1
kettle,1427128429000000,1427128618000000,189.0,128.55,rule_v1
kettle,1427132964000000,1427133104000000,140.0,93.11361111111111,rule_v1
kettle,1427135574000000,1427135641000000,67.0,49.374722222222225,rule_v1
kettle,1427182159000000,1427182330000000,171.0,115.34,rule_v1
kettle,1427184678000000,1427184825000000,147.0,103.24083333333333,rule_v1
kettle,1427209011000000,1427209142000000,131.0,91.03361111111111,rule_v1
kettle,1427218044000000,1427218190000000,146.0,98.28416666666666,rule_v1
kettle,1427226382000000,1427226493000000,111.0,74.235,rule_v1
kettle,1427267118000000,1427267252000000,134.0,92.90416666666667,rule_v1
kettle,1427269124000000,1427269179000000,55.0,38.75,rule_v1
kettle,1427279987000000,1427280115000000,128.0,89.1125,rule_v1
kettle,1427303378000000,1427303568000000,190.0,129.37694444444443,rule_v1
kettle,1427307037000000,1427307128000000,91.0,65.07111111111111,rule_v1
kettle,1427352362000000,1427352485000000,123.0,87.03861111111111,rule_v1
kettle,1427353732000000,1427353833000000,101.0,70.07638888888889,rule_v1
kettle,1427362927000000,1427363064000000,137.0,98.06805555555556,rule_v1
kettle,1427384655000000,1427384783000000,128.0,88.94111111111111,rule_v1
kettle,1427389218000000,1427389471000000,253.0,173.8372222222222,rule_v1
kettle,1427394189000000,1427394253000000,64.0,43.85111111111111,rule_v1
kettle,1427400025000000,1427400270000000,245.0,161.4925,rule_v1
kettle,1427439615000000,1427439826000000,211.0,149.08833333333334,rule_v1
kettle,1427447928000000,1427448095000000,167.0,113.50055555555555,rule_v1
kettle,1427448950000000,1427448990000000,40.0,29.9475,rule_v1
kettle,1427449963000000,1427450002000000,39.0,29.878611111111113,rule_v1
kettle,1427458777000000,1427458876000000,99.0,71.02,rule_v1
kettle,1427474656000000,1427474737000000,81.0,57.635555555555555,rule_v1
kettle,1427475152000000,1427475347000000,195.0,135.60194444444446,rule_v1
kettle,1427479369000000,1427479491000000,122.0,84.84722222222223,rule_v1
kettle,1427483343000000,1427483400000000,57.0,41.85888888888889,rule_v1
kettle,1427527789000000,1427527948000000,159.0,108.9475,rule_v1
kettle,1427530664000000,1427530816000000,152.0,104.71222222222222,rule_v1
kettle,1427544807000000,1427544953000000,146.0,103.19333333333333,rule_v1
kettle,1427545311000000,1427545384000000,73.0,51.4225,rule_v1
kettle,1427560280000000,1427560454000000,174.0,118.20027777777777,rule_v1
kettle,1427618606000000,1427618763000000,157.0,106.79611111111112,rule_v1
kettle,1427623219000000,1427623415000000,196.0,133.4188888888889,rule_v1
kettle,1427635741000000,1427635923000000,182.0,124.43638888888889,rule_v1
kettle,1427646235000000,1427646434000000,199.0,134.46833333333333,rule_v1
kettle,1427699275000000,1427699410000000,135.0,92.03666666666666,rule_v1
kettle,1427702136000000,1427702328000000,192.0,129.9572222222222,rule_v1
kettle,1427720351000000,1427720475000000,124.0,87.32666666666667,rule_v1
kettle,1427730923000000,1427731173000000,250.0,169.80027777777778,rule_v1
kettle,1427737295000000,1427737373000000,78.0,55.81388888888889,rule_v1
kettle,1427745800000000,1427745892000000,92.0,63.35888888888889,rule_v1
kettle,1427785065000000,1427785217000000,152.0,106.4636111111111,rule_v1
kettle,1427804097000000,1427804175000000,78.0,67.74916666666667,rule_v1
kettle,1427819177000000,1427819407000000,230.0,153.3386111111111,rule_v1
kettle,1427827742000000,1427828028000000,286.0,193.27666666666667,rule_v1
kettle,1427870675000000,1427870774000000,99.0,71.0038888888889,rule_v1
kettle,1427871000000000,1427871096000000,96.0,67.36,rule_v1
kettle,1427884493000000,1427884551000000,58.0,45.368611111111115,rule_v1
kettle,1427884890000000,1427884960000000,70.0,49.16222222222222,rule_v1
kettle,1427886820000000,1427886867000000,47.0,38.69222222222222,rule_v1
kettle,1427897688000000,1427897795000000,107.0,75.86305555555556,rule_v1
kettle,1427907502000000,1427907599000000,97.0,68.80416666666666,rule_v1
kettle,1428391089000000,1428391235000000,146.0,101.71861111111112,rule_v1
kettle,1428392119000000,1428392157000000,38.0,29.100555555555555,rule_v1
kettle,1428415975000000,1428416055000000,80.0,58.966388888888886,rule_v1
kettle,1428422538000000,1428422780000000,242.0,161.74972222222223,rule_v1
kettle,1428423428000000,1428423523000000,95.0,66.67694444444444,rule_v1
kettle,1428472833000000,1428472973000000,140.0,95.42222222222222,rule_v1
kettle,1428475813000000,1428475879000000,66.0,47.784166666666664,rule_v1
kettle,1428505914000000,1428506024000000,110.0,75.63888888888889,rule_v1
kettle,1428508984000000,1428509153000000,169.0,114.28583333333333,rule_v1
kettle,1428509440000000,1428509596000000,156.0,105.16777777777777,rule_v1
kettle,1428560030000000,1428560146000000,116.0,83.58055555555555,rule_v1
kettle,1428602661000000,1428602736000000,75.0,55.20944444444444,rule_v1
kettle,1428648444000000,1428648537000000,93.0,64.92972222222222,rule_v1
kettle,1428648803000000,1428648967000000,164.0,112.44083333333333,rule_v1
kettle,1428649848000000,1428649888000000,40.0,29.78388888888889,rule_v1
kettle,1428680624000000,1428680657000000,33.0,25.41888888888889,rule_v1
kettle,1428680953000000,1428681105000000,152.0,105.5963888888889,rule_v1
kettle,1428687262000000,1428687419000000,157.0,107.99388888888889,rule_v1
kettle,1428692115000000,1428692192000000,77.0,57.978611111111114,rule_v1
kettle,1428732295000000,1428732388000000,93.0,67.11277777777778,rule_v1
kettle,1428736065000000,1428736183000000,118.0,81.24,rule_v1
kettle,1428746609000000,1428746867000000,258.0,167.9388888888889,rule_v1
kettle,1428747707000000,1428747752000000,45.0,33.65555555555556,rule_v1
kettle,1428751889000000,1428752176000000,287.0,176.5113888888889,rule_v1
kettle,1428753677000000,1428753804000000,127.0,88.8075,rule_v1
kettle,1428771560000000,1428771657000000,97.0,67.97,rule_v1
kettle,1428820357000000,1428820516000000,159.0,109.52916666666667,rule_v1
kettle,1428824614000000,1428824698000000,84.0,60.70805555555555,rule_v1
kettle,1428825331000000,1428825477000000,146.0,100.39166666666667,rule_v1
kettle,1428843918000000,1428844035000000,117.0,81.90694444444445,rule_v1
kettle,1428858933000000,1428859007000000,74.0,53.831944444444446,rule_v1
kettle,1428860012000000,1428860046000000,34.0,25.919166666666666,rule_v1
kettle,1428904207000000,1428904297000000,90.0,62.575,rule_v1
kettle,1428907307000000,1428907431000000,124.0,87.55916666666667,rule_v1
kettle,1428924270000000,1428924451000000,181.0,124.40527777777778,rule_v1
kettle,1428936948000000,1428937066000000,118.0,84.40083333333334,rule_v1
kettle,1428938101000000,1428938242000000,141.0,97.55944444444444,rule_v1
kettle,1428946498000000,1428946591000000,93.0,66.57888888888888,rule_v1
kettle,1428991364000000,1428991489000000,125.0,88.63083333333333,rule_v1
kettle,1428993706000000,1428993801000000,95.0,69.03666666666666,rule_v1
kettle,1429003582000000,1429003769000000,187.0,125.60305555555556,rule_v1
kettle,1429009777000000,1429009851000000,74.0,51.91555555555556,rule_v1
kettle,1429027180000000,1429027335000000,155.0,107.20222222222222,rule_v1
kettle,1429027421000000,1429027519000000,98.0,69.47,rule_v1
kettle,1429031031000000,1429031128000000,97.0,66.98722222222223,rule_v1
kettle,1429039725000000,1429039860000000,135.0,91.59333333333333,rule_v1
kettle,1429075524000000,1429075723000000,199.0,138.13944444444445,rule_v1
kettle,1429079889000000,1429079968000000,79.0,57.39527777777778,rule_v1
kettle,1429092493000000,1429092609000000,116.0,81.86333333333333,rule_v1
kettle,1429110362000000,1429110538000000,176.0,121.88111111111111,rule_v1
kettle,1429114334000000,1429114439000000,105.0,73.09194444444445,rule_v1
kettle,1429125962000000,1429126198000000,236.0,159.73805555555555,rule_v1
kettle,1429127582000000,1429127642000000,60.0,43.21611111111111,rule_v1
kettle,1429162211000000,1429162422000000,211.0,145.98555555555555,rule_v1
kettle,1429167002000000,1429167107000000,105.0,75.14833333333333,rule_v1
kettle,1429168119000000,1429168156000000,37.0,29.398611111111112,rule_v1
kettle,1429199151000000,1429199288000000,137.0,95.06916666666666,rule_v1
kettle,1429200155000000,1429200187000000,32.0,24.809722222222224,rule_v1
kettle,1429252464000000,1429252581000000,117.0,82.31611111111111,rule_v1
kettle,1429253977000000,1429254054000000,77.0,56.15111111111111,rule_v1
kettle,1429261729000000,1429261813000000,84.0,58.55861111111111,rule_v1
kettle,1429270483000000,1429270600000000,117.0,80.81333333333333,rule_v1
kettle,1429297434000000,1429297657000000,223.0,147.60944444444445,rule_v1
kettle,1429341099000000,1429341194000000,95.0,67.635,rule_v1
kettle,1429342296000000,1429342364000000,68.0,48.865,rule_v1
kettle,1429424979000000,1429425105000000,126.0,87.12833333333333,rule_v1
kettle,1429433389000000,1429433467000000,78.0,55.85472222222222,rule_v1
kettle,1429435339000000,1429435384000000,45.0,32.99666666666667,rule_v1
kettle,1429439372000000,1429439543000000,171.0,113.09194444444445,rule_v1
kettle,1429456649000000,1429456799000000,150.0,103.12583333333333,rule_v1
kettle,1429510250000000,1429510312000000,62.0,47.12611111111111,rule_v1
kettle,1429510671000000,1429510738000000,67.0,51.43972222222222,rule_v1
kettle,1429529776000000,1429530009000000,233.0,157.36305555555555,rule_v1
kettle,1429530128000000,1429530258000000,130.0,90.6475,rule_v1
kettle,1429546532000000,1429546688000000,156.0,107.05055555555556,rule_v1
kettle,1429550457000000,1429550556000000,99.0,68.88666666666667,rule_v1
kettle,1429551862000000,1429551895000000,33.0,26.330555555555556,rule_v1
kettle,1429597671000000,1429597804000000,133.0,93.50444444444445,rule_v1
kettle,1429599041000000,1429599076000000,35.0,31.743333333333332,rule_v1
kettle,1429605260000000,1429605449000000,189.0,126.2775,rule_v1
kettle,1429635687000000,1429635773000000,86.0,60.556666666666665,rule_v1
kettle,1429685874000000,1429686036000000,162.0,109.99416666666667,rule_v1
kettle,1429700824000000,1429700978000000,154.0,110.67694444444444,rule_v1
kettle,1429716357000000,1429716509000000,152.0,107.71694444444445,rule_v1
kettle,1429721989000000,1429722049000000,60.0,44.82194444444445,rule_v1
kettle,1429769386000000,1429769506000000,120.0,83.92277777777778,rule_v1
kettle,1429787653000000,1429787826000000,173.0,115.98944444444444,rule_v1
kettle,1429806540000000,1429806716000000,176.0,118.76944444444445,rule_v1
kettle,1429808475000000,1429808563000000,88.0,62.30222222222222,rule_v1
kettle,1429855681000000,1429855784000000,103.0,74.2761111111111,rule_v1
kettle,1429858135000000,1429858238000000,103.0,71.91777777777777,rule_v1
kettle,1429870212000000,1429870342000000,130.0,90.6511111111111,rule_v1
kettle,1429887043000000,1429887159000000,116.0,82.97222222222223,rule_v1
kettle,1429946016000000,1429946122000000,106.0,74.77194444444444,rule_v1
kettle,1429980106000000,1429980229000000,123.0,85.92138888888888,rule_v1
kettle,1430030115000000,1430030199000000,84.0,59.53055555555556,rule_v1
kettle,1430037148000000,1430037268000000,120.0,70.50944444444444,rule_v1
kettle,1430048489000000,1430048602000000,113.0,76.80083333333333,rule_v1
kettle,1430115876000000,1430115964000000,88.0,62.12638888888889,rule_v1
kettle,1430117454000000,1430117555000000,101.0,69.69277777777778,rule_v1
kettle,1430129077000000,1430129163000000,86.0,61.797222222222224,rule_v1
kettle,1430202863000000,1430202966000000,103.0,71.97666666666667,rule_v1
kettle,1430214868000000,1430215010000000,142.0,98.06666666666666,rule_v1
kettle,1430228538000000,1430228636000000,98.0,73.35472222222222,rule_v1
kettle,1430236824000000,1430236954000000,130.0,90.14,rule_v1
kettle,1430245302000000,1430245482000000,180.0,121.70777777777778,rule_v1
kettle,1430289128000000,1430289222000000,94.0,67.74416666666667,rule_v1
kettle,1430290549000000,1430290593000000,44.0,41.19861111111111,rule_v1
kettle,1430297555000000,1430297646000000,91.0,67.18444444444444,rule_v1
kettle,1430322338000000,1430322550000000,212.0,143.5611111111111,rule_v1
kettle,1430374873000000,1430375011000000,138.0,96.87694444444445,rule_v1
kettle,1430394500000000,1430394756000000,256.0,171.3213888888889,rule_v1
kettle,1430410779000000,1430410878000000,99.0,69.50333333333333,rule_v1
kettle,1430461729000000,1430461893000000,164.0,112.61222222222223,rule_v1
kettle,1430506683000000,1430506844000000,161.0,111.28277777777778,rule_v1
kettle,1430547509000000,1430547740000000,231.0,160.27166666666668,rule_v1
kettle,1430555153000000,1430555258000000,105.0,72.6175,rule_v1
kettle,1430557224000000,1430557258000000,34.0,26.141111111111112,rule_v1
kettle,1430580442000000,1430580592000000,150.0,107.90916666666666,rule_v1
kettle,1430587307000000,1430587373000000,66.0,48.60888888888889,rule_v1
kettle,1430634272000000,1430634467000000,195.0,131.52388888888888,rule_v1
kettle,1430647755000000,1430647834000000,79.0,55.49916666666667,rule_v1
kettle,1430660036000000,1430660164000000,128.0,90.32944444444445,rule_v1
kettle,1430666762000000,1430666837000000,75.0,54.51916666666666,rule_v1
kettle,1430671051000000,1430671223000000,172.0,119.5038888888889,rule_v1
kettle,1430678450000000,1430678567000000,117.0,85.655,rule_v1
kettle,1430721646000000,1430721790000000,144.0,98.20305555555555,rule_v1
kettle,1430725789000000,1430725827000000,38.0,32.38194444444444,rule_v1
kettle,1430732907000000,1430733015000000,108.0,74.72611111111111,rule_v1
kettle,1430734598000000,1430734662000000,64.0,46.85166666666667,rule_v1
kettle,1430752391000000,1430752460000000,69.0,49.78666666666667,rule_v1
kettle,1430756600000000,1430756807000000,207.0,139.93333333333334,rule_v1
kettle,1430757095000000,1430757198000000,103.0,73.36555555555556,rule_v1
kettle,1430760758000000,1430760827000000,69.0,51.403055555555554,rule_v1
kettle,1430805388000000,1430805479000000,91.0,64.8963888888889,rule_v1
kettle,1430808253000000,1430808354000000,101.0,68.63416666666667,rule_v1
kettle,1430817991000000,1430818070000000,79.0,57.528055555555554,rule_v1
kettle,1430846716000000,1430846807000000,91.0,65.37305555555555,rule_v1
kettle,1430849296000000,1430849428000000,132.0,93.46444444444444,rule_v1
kettle,1430850808000000,1430850934000000,126.0,86.59916666666666,rule_v1
kettle,1430851218000000,1430851289000000,71.0,50.288333333333334,rule_v1
kettle,1430890995000000,1430891092000000,97.0,69.25472222222223,rule_v1
kettle,1430905343000000,1430905568000000,225.0,149.12277777777777,rule_v1
kettle,1430925239000000,1430925329000000,90.0,64.62222222222222,rule_v1
kettle,1430977936000000,1430978041000000,105.0,95.10083333333333,rule_v1
kettle,1430987532000000,1430987764000000,232.0,157.91861111111112,rule_v1
kettle,1431011128000000,1431011310000000,182.0,125.75083333333333,rule_v1
kettle,1431063605000000,1431063691000000,86.0,61.27388888888889,rule_v1
kettle,1431069356000000,1431069551000000,195.0,133.86888888888888,rule_v1
kettle,1431075054000000,1431075161000000,107.0,73.93388888888889,rule_v1
kettle,1431106082000000,1431106183000000,101.0,72.50333333333333,rule_v1
kettle,1431154421000000,1431154502000000,81.0,57.109722222222224,rule_v1
kettle,1431169981000000,1431170078000000,97.0,68.11361111111111,rule_v1
kettle,1431189663000000,1431189885000000,222.0,147.93722222222223,rule_v1
kettle,1431192675000000,1431192769000000,94.0,66.38166666666666,rule_v1
kettle,1431241608000000,1431241757000000,149.0,99.76055555555556,rule_v1
kettle,1431258064000000,1431258172000000,108.0,73.10277777777777,rule_v1
kettle,1431274941000000,1431275121000000,180.0,121.03916666666667,rule_v1
kettle,1431280286000000,1431280376000000,90.0,63.68833333333333,rule_v1
kettle,1431282386000000,1431282504000000,118.0,80.97444444444444,rule_v1
kettle,1431325398000000,1431325523000000,125.0,92.04416666666667,rule_v1
kettle,1431326702000000,1431326766000000,64.0,46.17166666666667,rule_v1
kettle,1431357941000000,1431358166000000,225.0,150.86277777777778,rule_v1
kettle,1431363212000000,1431363310000000,98.0,69.04305555555555,rule_v1
kettle,1431371837000000,1431372054000000,217.0,146.38111111111112,rule_v1
kettle,1431411576000000,1431411726000000,150.0,103.42027777777778,rule_v1
kettle,1431452500000000,1431452612000000,112.0,83.36694444444444,rule_v1
kettle,1431496809000000,1431496910000000,101.0,76.15777777777778,rule_v1
kettle,1431498345000000,1431498419000000,74.0,53.745555555555555,rule_v1
kettle,1431588036000000,1431588144000000,108.0,74.66333333333333,rule_v1
kettle,1431589007000000,1431589076000000,69.0,49.382222222222225,rule_v1
kettle,1431623758000000,1431623841000000,83.0,60.69361111111111,rule_v1
kettle,1431669486000000,1431669598000000,112.0,79.93638888888889,rule_v1
kettle,1431673641000000,1431673762000000,121.0,86.26305555555555,rule_v1
kettle,1431680720000000,1431680787000000,67.0,47.07361111111111,rule_v1
kettle,1431707677000000,1431707882000000,205.0,143.10083333333333,rule_v1
kettle,1431758184000000,1431758323000000,139.0,97.61555555555556,rule_v1
kettle,1431759674000000,1431759714000000,40.0,31.62361111111111,rule_v1
kettle,1431771680000000,1431771782000000,102.0,68.67777777777778,rule_v1
kettle,1431775961000000,1431776115000000,154.0,104.93027777777777,rule_v1
kettle,1431779338000000,1431779438000000,100.0,73.20777777777778,rule_v1
kettle,1431794108000000,1431794203000000,95.0,67.82527777777777,rule_v1
kettle,1431847005000000,1431847151000000,146.0,98.77166666666666,rule_v1
kettle,1431880140000000,1431880363000000,223.0,150.52055555555555,rule_v1
kettle,1431880760000000,1431880887000000,127.0,87.38888888888889,rule_v1
kettle,1431883215000000,1431883307000000,92.0,65.74527777777777,rule_v1
kettle,1431884957000000,1431885172000000,215.0,142.2575,rule_v1
kettle,1431887427000000,1431887524000000,97.0,74.58527777777778,rule_v1
kettle,1431929461000000,1431929605000000,144.0,98.94416666666666,rule_v1
kettle,1431940255000000,1431940522000000,267.0,179.39638888888888,rule_v1
kettle,1431947511000000,1431947664000000,153.0,107.29666666666667,rule_v1
kettle,1431969293000000,1431969412000000,119.0,83.15805555555555,rule_v1
kettle,1432011421000000,1432011520000000,99.0,68.635,rule_v1
kettle,1432018750000000,1432018841000000,91.0,64.32638888888889,rule_v1
kettle,1432051629000000,1432051859000000,230.0,157.0811111111111,rule_v1
kettle,1432056505000000,1432056598000000,93.0,66.09361111111112,rule_v1
kettle,1432065325000000,1432065406000000,81.0,57.315,rule_v1
kettle,1432103742000000,1432103848000000,106.0,74.63583333333334,rule_v1
kettle,1432119862000000,1432120039000000,177.0,121.62222222222222,rule_v1
kettle,1432133953000000,1432134070000000,117.0,82.20972222222223,rule_v1
kettle,1432137852000000,1432138126000000,274.0,185.3563888888889,rule_v1
kettle,1432149599000000,1432149714000000,115.0,79.46916666666667,rule_v1
kettle,1432189680000000,1432189804000000,124.0,87.71805555555555,rule_v1
kettle,1432198765000000,1432199010000000,245.0,169.41444444444446,rule_v1
kettle,1432215457000000,1432215625000000,168.0,116.0375,rule_v1
kettle,1432220845000000,1432220951000000,106.0,75.0813888888889,rule_v1
kettle,1432276922000000,1432277003000000,81.0,58.867222222222225,rule_v1
kettle,1432277415000000,1432277486000000,71.0,51.706944444444446,rule_v1
kettle,1432283592000000,1432283819000000,227.0,154.32111111111112,rule_v1
kettle,1432363255000000,1432363365000000,110.0,77.78666666666666,rule_v1
kettle,1433088194000000,1433088397000000,203.0,140.71027777777778,rule_v1
kettle,1433138889000000,1433139024000000,135.0,92.335,rule_v1
kettle,1433149467000000,1433149696000000,229.0,156.5727777777778,rule_v1
kettle,1433178942000000,1433179053000000,111.0,75.80555555555556,rule_v1
kettle,1433227346000000,1433227490000000,144.0,99.85666666666667,rule_v1
kettle,1433265247000000,1433265435000000,188.0,129.32944444444445,rule_v1
kettle,1433266054000000,1433266110000000,56.0,53.73972222222222,rule_v1
kettle,1433274438000000,1433274606000000,168.0,113.93527777777778,rule_v1
kettle,1433313364000000,1433313518000000,154.0,103.83527777777778,rule_v1
kettle,1433342001000000,1433342210000000,209.0,151.16666666666666,rule_v1
kettle,1433350529000000,1433350745000000,216.0,138.56194444444444,rule_v1
kettle,1433400217000000,1433400395000000,178.0,120.08944444444444,rule_v1
kettle,1433444130000000,1433444238000000,108.0,75.60861111111112,rule_v1
kettle,1433485374000000,1433485446000000,72.0,54.29138888888889,rule_v1
kettle,1433485888000000,1433485958000000,70.0,50.062222222222225,rule_v1
kettle,1433486389000000,1433486449000000,60.0,44.494166666666665,rule_v1
kettle,1433520433000000,1433520542000000,109.0,76.72333333333333,rule_v1
kettle,1433574002000000,1433574105000000,103.0,72.37777777777778,rule_v1
kettle,1433610517000000,1433610705000000,188.0,125.15833333333333,rule_v1
kettle,1433665111000000,1433665222000000,111.0,75.21805555555555,rule_v1
kettle,1433693410000000,1433693554000000,144.0,116.2425,rule_v1
kettle,1433695743000000,1433695812000000,69.0,51.92916666666667,rule_v1
kettle,1433744907000000,1433745024000000,117.0,81.48083333333334,rule_v1
kettle,1433783053000000,1433783177000000,124.0,84.9575,rule_v1
kettle,1433783791000000,1433783902000000,111.0,76.99083333333333,rule_v1
kettle,1433832535000000,1433832669000000,134.0,92.94472222222223,rule_v1
kettle,1433841115000000,1433841228000000,113.0,79.16305555555556,rule_v1
kettle,1433846015000000,1433846114000000,99.0,69.55555555555556,rule_v1
kettle,1433866535000000,1433866691000000,156.0,106.18305555555555,rule_v1
kettle,1433866841000000,1433867029000000,188.0,114.66833333333334,rule_v1
kettle,1433868133000000,1433868249000000,116.0,80.9786111111111,rule_v1
kettle,1433919662000000,1433919795000000,133.0,92.80416666666666,rule_v1
kettle,1434004237000000,1434004354000000,117.0,80.87416666666667,rule_v1
kettle,1434007431000000,1434007602000000,171.0,119.3175,rule_v1
kettle,1434020590000000,1434020774000000,184.0,84.91222222222223,rule_v1
kettle,1434021491000000,1434021645000000,154.0,71.38027777777778,rule_v1
kettle,1434110758000000,1434110917000000,159.0,71.12222222222222,rule_v1
kettle,1434122092000000,1434122341000000,249.0,169.06972222222223,rule_v1
kettle,1434127874000000,1434127954000000,80.0,56.0375,rule_v1
kettle,1434136590000000,1434136780000000,190.0,128.34472222222223,rule_v1
kettle,1434195150000000,1434195339000000,189.0,128.78055555555557,rule_v1
kettle,1434212709000000,1434212861000000,152.0,103.56861111111111,rule_v1
kettle,1434213449000000,1434213558000000,109.0,75.58583333333333,rule_v1
kettle,1434228256000000,1434228366000000,110.0,77.33333333333333,rule_v1
kettle,1434265287000000,1434265412000000,125.0,85.80083333333333,rule_v1
kettle,1434266659000000,1434266705000000,46.0,34.585277777777776,rule_v1
kettle,1434281690000000,1434281781000000,91.0,61.57666666666667,rule_v1
kettle,1434284878000000,1434284968000000,90.0,64.51583333333333,rule_v1
kettle,1434298218000000,1434298461000000,243.0,164.5236111111111,rule_v1
kettle,1434351560000000,1434351677000000,117.0,77.92194444444445,rule_v1
kettle,1434352767000000,1434352813000000,46.0,35.96361111111111,rule_v1
kettle,1434354211000000,1434354288000000,77.0,56.61138888888889,rule_v1
kettle,1434368535000000,1434368621000000,86.0,59.44861111111111,rule_v1
kettle,1434379166000000,1434379277000000,111.0,78.71472222222222,rule_v1
kettle,1434435592000000,1434435665000000,73.0,52.84583333333333,rule_v1
kettle,1434436608000000,1434436688000000,80.0,45.644444444444446,rule_v1
kettle,1434447689000000,1434447788000000,99.0,44.61,rule_v1
kettle,1434472283000000,1434472485000000,202.0,136.52777777777777,rule_v1
kettle,1434520988000000,1434521118000000,130.0,89.9125,rule_v1
kettle,1434555434000000,1434555570000000,136.0,94.25444444444445,rule_v1
kettle,1434608356000000,1434608440000000,84.0,59.46805555555556,rule_v1
kettle,1434611081000000,1434611173000000,92.0,65.41444444444444,rule_v1
kettle,1434614538000000,1434614607000000,69.0,48.97805555555556,rule_v1
kettle,1434653538000000,1434653747000000,209.0,139.55194444444444,rule_v1
kettle,1434695651000000,1434695741000000,90.0,61.27444444444444,rule_v1
kettle,1434712906000000,1434713104000000,198.0,133.40833333333333,rule_v1
kettle,1434730437000000,1434730617000000,180.0,126.21777777777778,rule_v1
kettle,1434731229000000,1434731295000000,66.0,48.108333333333334,rule_v1
kettle,1434731726000000,1434731787000000,61.0,42.766666666666666,rule_v1
kettle,1434737026000000,1434737096000000,70.0,50.37388888888889,rule_v1
kettle,1434744100000000,1434744213000000,113.0,63.426944444444445,rule_v1
kettle,1434783514000000,1434783620000000,106.0,74.35583333333334,rule_v1
kettle,1434803648000000,1434803719000000,71.0,44.007222222222225,rule_v1
kettle,1434811803000000,1434811873000000,70.0,49.940555555555555,rule_v1
kettle,1434812364000000,1434812420000000,56.0,40.09638888888889,rule_v1
kettle,1434873896000000,1434873998000000,102.0,69.34583333333333,rule_v1
kettle,1434879878000000,1434879952000000,74.0,53.49027777777778,rule_v1
kettle,1434906497000000,1434906751000000,254.0,169.8775,rule_v1
kettle,1434954199000000,1434954313000000,114.0,80.585,rule_v1
kettle,1434955613000000,1434955654000000,41.0,31.334444444444443,rule_v1
kettle,1434968044000000,1434968160000000,116.0,79.96555555555555,rule_v1
kettle,1434972945000000,1434973032000000,87.0,62.53388888888889,rule_v1
kettle,1434987276000000,1434987482000000,206.0,137.5427777777778,rule_v1
kettle,1434993487000000,1434993587000000,100.0,70.06777777777778,rule_v1
kettle,1435040977000000,1435041049000000,72.0,53.065,rule_v1
kettle,1435042563000000,1435042622000000,59.0,43.158055555555556,rule_v1
kettle,1435057366000000,1435057506000000,140.0,94.67,rule_v1
kettle,1435075495000000,1435075667000000,172.0,117.49555555555555,rule_v1
kettle,1435076407000000,1435076446000000,39.0,30.884166666666665,rule_v1
kettle,1435085837000000,1435085867000000,30.0,24.910833333333333,rule_v1
kettle,1435128455000000,1435128565000000,110.0,77.43527777777778,rule_v1
kettle,1435162294000000,1435162483000000,189.0,130.33416666666668,rule_v1
kettle,1435162804000000,1435162914000000,110.0,76.91083333333333,rule_v1
kettle,1435211578000000,1435211675000000,97.0,69.4075,rule_v1
kettle,1435215134000000,1435215226000000,92.0,63.50805555555556,rule_v1
kettle,1435296916000000,1435297028000000,112.0,77.50805555555556,rule_v1
kettle,1435299790000000,1435299887000000,97.0,66.32,rule_v1
kettle,1435310346000000,1435310424000000,78.0,55.49,rule_v1
kettle,1435332013000000,1435332108000000,95.0,55.37777777777778,rule_v1
kettle,1435332314000000,1435332354000000,40.0,23.84888888888889,rule_v1
kettle,1435343743000000,1435343928000000,185.0,123.005,rule_v1
kettle,1435346097000000,1435346177000000,80.0,56.924166666666665,rule_v1
kettle,1435387421000000,1435387541000000,120.0,81.86916666666667,rule_v1
kettle,1435389709000000,1435389780000000,71.0,50.17611111111111,rule_v1
kettle,1435398243000000,1435398334000000,91.0,65.88388888888889,rule_v1
kettle,1435419715000000,1435419953000000,238.0,144.79944444444445,rule_v1
kettle,1435471882000000,1435471974000000,92.0,64.51333333333334,rule_v1
kettle,1435476391000000,1435476442000000,51.0,35.08305555555555,rule_v1
kettle,1435477184000000,1435477264000000,80.0,55.903333333333336,rule_v1
kettle,1435558419000000,1435558545000000,126.0,85.38888888888889,rule_v1
kettle,1435560401000000,1435560444000000,43.0,32.2475,rule_v1
kettle,1435590085000000,1435590293000000,208.0,149.07416666666666,rule_v1
kettle,1435644841000000,1435644992000000,151.0,105.17027777777778,rule_v1
kettle,1435691253000000,1435691427000000,174.0,117.04722222222222,rule_v1
kettle,1435729353000000,1435729427000000,74.0,52.68527777777778,rule_v1
kettle,1435730085000000,1435730172000000,87.0,62.28388888888889,rule_v1
kettle,1435816569000000,1435816707000000,138.0,98.07972222222222,rule_v1
kettle,1435849881000000,1435850164000000,283.0,187.12194444444444,rule_v1
kettle,1435863100000000,1435863247000000,147.0,105.5363888888889,rule_v1
kettle,1435902075000000,1435902158000000,83.0,64.59722222222223,rule_v1
kettle,1435904174000000,1435904281000000,107.0,75.63944444444445,rule_v1
kettle,1435905071000000,1435905116000000,45.0,33.48888888888889,rule_v1
kettle,1435948350000000,1435948477000000,127.0,87.805,rule_v1
kettle,1435992145000000,1435992239000000,94.0,65.5513888888889,rule_v1
kettle,1436015647000000,1436015718000000,71.0,51.885,rule_v1
kettle,1436024981000000,1436025158000000,177.0,120.07888888888888,rule_v1
kettle,1436042405000000,1436042474000000,69.0,49.76416666666667,rule_v1
kettle,1436079245000000,1436079332000000,87.0,59.365,rule_v1
kettle,1436080183000000,1436080258000000,75.0,54.81055555555555,rule_v1
kettle,1436108382000000,1436108590000000,208.0,134.50222222222223,rule_v1
kettle,1436115894000000,1436116014000000,120.0,81.83305555555556,rule_v1
kettle,1436161626000000,1436161744000000,118.0,81.69666666666667,rule_v1
kettle,1436164584000000,1436164732000000,148.0,103.22777777777777,rule_v1
kettle,1436168480000000,1436168547000000,67.0,49.10888888888889,rule_v1
kettle,1436173473000000,1436173526000000,53.0,38.93055555555556,rule_v1
kettle,1436197653000000,1436197752000000,99.0,68.32527777777777,rule_v1
kettle,1436247496000000,1436247592000000,96.0,68.3275,rule_v1
kettle,1436249034000000,1436249100000000,66.0,48.01777777777778,rule_v1
kettle,1436258304000000,1436258502000000,198.0,137.04083333333332,rule_v1
kettle,1436268115000000,1436268271000000,156.0,107.80972222222222,rule_v1
kettle,1436271741000000,1436271833000000,92.0,64.98361111111112,rule_v1
kettle,1436274470000000,1436274541000000,71.0,50.099444444444444,rule_v1
kettle,1436283176000000,1436283295000000,119.0,81.60916666666667,rule_v1
kettle,1436334168000000,1436334258000000,90.0,65.38,rule_v1
kettle,1436336580000000,1436336680000000,100.0,71.53083333333333,rule_v1
kettle,1436353512000000,1436353797000000,285.0,190.12972222222223,rule_v1
kettle,1436368537000000,1436368791000000,254.0,170.21833333333333,rule_v1
kettle,1436422315000000,1436422441000000,126.0,87.77944444444445,rule_v1
kettle,1436423544000000,1436423577000000,33.0,26.33138888888889,rule_v1
kettle,1436461425000000,1436461584000000,159.0,111.80694444444444,rule_v1
kettle,1436509342000000,1436509453000000,111.0,80.45027777777777,rule_v1
kettle,1436510485000000,1436510549000000,64.0,46.72361111111111,rule_v1
kettle,1436543069000000,1436543193000000,124.0,92.1575,rule_v1
kettle,1436543429000000,1436543564000000,135.0,92.63833333333334,rule_v1
kettle,1436553415000000,1436553498000000,83.0,60.94416666666667,rule_v1
kettle,1436594949000000,1436595050000000,101.0,70.31777777777778,rule_v1
kettle,1436597353000000,1436597440000000,87.0,62.87555555555556,rule_v1
kettle,1436642877000000,1436642997000000,120.0,82.72722222222222,rule_v1
kettle,1436684092000000,1436684176000000,84.0,57.97027777777778,rule_v1
kettle,1436685520000000,1436685637000000,117.0,78.34666666666666,rule_v1
kettle,1436711616000000,1436711702000000,86.0,61.13055555555555,rule_v1
kettle,1436718072000000,1436718152000000,80.0,56.1225,rule_v1
kettle,1436764064000000,1436764162000000,98.0,67.31361111111111,rule_v1
kettle,1436767425000000,1436767518000000,93.0,67.25305555555556,rule_v1
kettle,1436801271000000,1436801447000000,176.0,119.725,rule_v1
kettle,1436854850000000,1436854950000000,100.0,72.30444444444444,rule_v1
kettle,1436861161000000,1436861229000000,68.0,48.36611111111111,rule_v1
kettle,1436893327000000,1436893491000000,164.0,110.56805555555556,rule_v1
kettle,1436938817000000,1436938927000000,110.0,77.28111111111112,rule_v1
kettle,1436943287000000,1436943351000000,64.0,46.223333333333336,rule_v1
kettle,1436952989000000,1436953081000000,92.0,64.90611111111112,rule_v1
kettle,1436954628000000,1436954729000000,101.0,70.13055555555556,rule_v1
kettle,1436955589000000,1436955628000000,39.0,30.0075,rule_v1
kettle,1436956208000000,1436956354000000,146.0,98.35194444444444,rule_v1
kettle,1436960298000000,1436960378000000,80.0,55.830555555555556,rule_v1
kettle,1437026990000000,1437027089000000,99.0,70.28861111111111,rule_v1
kettle,1437028279000000,1437028363000000,84.0,58.78722222222222,rule_v1
kettle,1437066972000000,1437067091000000,119.0,81.57416666666667,rule_v1
kettle,1437110978000000,1437111058000000,80.0,65.7925,rule_v1
kettle,1437114564000000,1437114643000000,79.0,56.40277777777778,rule_v1
kettle,1437124986000000,1437125112000000,126.0,86.21166666666667,rule_v1
kettle,1437152866000000,1437152949000000,83.0,57.21611111111111,rule_v1
kettle,1437198187000000,1437198291000000,104.0,71.42194444444445,rule_v1
kettle,1437200651000000,1437200737000000,86.0,59.839166666666664,rule_v1
kettle,1437211928000000,1437212035000000,107.0,74.87277777777778,rule_v1
kettle,1437216412000000,1437216498000000,86.0,58.64944444444444,rule_v1
kettle,1437237534000000,1437237730000000,196.0,133.30083333333334,rule_v1
kettle,1437238691000000,1437238835000000,144.0,97.8561111111111,rule_v1
kettle,1437287035000000,1437287146000000,111.0,76.47083333333333,rule_v1
kettle,1437288818000000,1437288896000000,78.0,55.897777777777776,rule_v1
kettle,1437296159000000,1437296222000000,63.0,44.751666666666665,rule_v1
kettle,1437319713000000,1437319838000000,125.0,83.84555555555555,rule_v1
kettle,1437370847000000,1437370932000000,85.0,67.64694444444444,rule_v1
kettle,1437373428000000,1437373527000000,99.0,67.16722222222222,rule_v1
kettle,1437405452000000,1437405662000000,210.0,140.12944444444443,rule_v1
kettle,1437411864000000,1437412004000000,140.0,96.10694444444445,rule_v1
kettle,1437413072000000,1437413104000000,32.0,26.07638888888889,rule_v1
kettle,1437454308000000,1437454423000000,115.0,76.9175,rule_v1
kettle,1437459644000000,1437459761000000,117.0,79.26944444444445,rule_v1
kettle,1437497644000000,1437497812000000,168.0,115.77305555555556,rule_v1
kettle,1437539151000000,1437539242000000,91.0,65.48277777777778,rule_v1
kettle,1437545977000000,1437546103000000,126.0,84.4125,rule_v1
kettle,1437546994000000,1437547025000000,31.0,25.74388888888889,rule_v1
kettle,1437584746000000,1437584908000000,162.0,115.1525,rule_v1
kettle,1437625706000000,1437625800000000,94.0,66.36888888888889,rule_v1
kettle,1437633987000000,1437634090000000,103.0,90.6025,rule_v1
kettle,1437677617000000,1437677875000000,258.0,150.25444444444446,rule_v1
kettle,1438411369000000,1438411456000000,87.0,62.126666666666665,rule_v1
kettle,1438420389000000,1438420440000000,51.0,38.92194444444444,rule_v1
kettle,1438445438000000,1438445639000000,201.0,171.4802777777778,rule_v1
kettle,1438446272000000,1438446377000000,105.0,71.1175,rule_v1
kettle,1438502652000000,1438502761000000,109.0,77.295,rule_v1
kettle,1438531845000000,1438531923000000,78.0,55.21111111111111,rule_v1
kettle,1438585095000000,1438585202000000,107.0,74.89083333333333,rule_v1
kettle,1438597403000000,1438597557000000,154.0,101.02222222222223,rule_v1
kettle,1438620678000000,1438620850000000,172.0,115.83666666666667,rule_v1
kettle,1438666817000000,1438666886000000,69.0,49.193333333333335,rule_v1
kettle,1438673393000000,1438673498000000,105.0,72.87305555555555,rule_v1
kettle,1438709575000000,1438709666000000,91.0,63.344722222222224,rule_v1
kettle,1438754170000000,1438754289000000,119.0,83.06805555555556,rule_v1
kettle,1438757531000000,1438757610000000,79.0,55.6825,rule_v1
kettle,1438843123000000,1438843225000000,102.0,71.26416666666667,rule_v1
kettle,1438844943000000,1438845048000000,105.0,72.91416666666667,rule_v1
kettle,1438858469000000,1438858557000000,88.0,59.46666666666667,rule_v1
kettle,1438859822000000,1438859986000000,164.0,113.92583333333333,rule_v1
kettle,1438876509000000,1438876658000000,149.0,109.26805555555555,rule_v1
kettle,1438878331000000,1438878444000000,113.0,96.89916666666667,rule_v1
kettle,1438925347000000,1438925450000000,103.0,74.67305555555555,rule_v1
kettle,1438930239000000,1438930363000000,124.0,87.27111111111111,rule_v1
kettle,1438931652000000,1438931698000000,46.0,35.319722222222225,rule_v1
kettle,1438963738000000,1438963897000000,159.0,110.46777777777778,rule_v1
kettle,1438964680000000,1438964740000000,60.0,43.55888888888889,rule_v1
kettle,1438970496000000,1438970558000000,62.0,43.38944444444444,rule_v1
kettle,1439363561000000,1439363696000000,135.0,92.65722222222222,rule_v1
kettle,1439364797000000,1439364849000000,52.0,37.41694444444445,rule_v1
kettle,1439365926000000,1439365963000000,37.0,27.879444444444445,rule_v1
kettle,1439392982000000,1439393085000000,103.0,72.57972222222222,rule_v1
kettle,1439393569000000,1439393635000000,66.0,53.74944444444444,rule_v1
kettle,1439447934000000,1439448037000000,103.0,75.57916666666667,rule_v1
kettle,1439451010000000,1439451151000000,141.0,69.4986111111111,rule_v1
kettle,1439465489000000,1439465587000000,98.0,67.26916666666666,rule_v1
kettle,1439469236000000,1439469314000000,78.0,56.16694444444445,rule_v1
kettle,1439473157000000,1439473198000000,41.0,31.715,rule_v1
kettle,1439479487000000,1439479578000000,91.0,64.48777777777778,rule_v1
kettle,1439482434000000,1439482555000000,121.0,85.22166666666666,rule_v1
kettle,1439487075000000,1439487152000000,77.0,52.10444444444445,rule_v1
kettle,1439487941000000,1439488094000000,153.0,103.6375,rule_v1
kettle,1439538666000000,1439538791000000,125.0,86.98083333333334,rule_v1
kettle,1439544003000000,1439544074000000,71.0,50.85888888888889,rule_v1
kettle,1439565480000000,1439565558000000,78.0,56.19222222222222,rule_v1
kettle,1439572104000000,1439572180000000,76.0,53.35388888888889,rule_v1
kettle,1439623768000000,1439623881000000,113.0,78.2725,rule_v1
kettle,1439625197000000,1439625244000000,47.0,35.12861111111111,rule_v1
kettle,1439636011000000,1439636113000000,102.0,69.81111111111112,rule_v1
kettle,1439638094000000,1439638145000000,51.0,37.45916666666667,rule_v1
kettle,1439655513000000,1439655661000000,148.0,105.70805555555556,rule_v1
kettle,1439656237000000,1439656372000000,135.0,93.0625,rule_v1
kettle,1439656460000000,1439656504000000,44.0,33.86666666666667,rule_v1
kettle,1439663800000000,1439663899000000,99.0,69.39527777777778,rule_v1
kettle,1439664108000000,1439664220000000,112.0,79.74166666666666,rule_v1
kettle,1439666796000000,1439666859000000,63.0,43.791111111111114,rule_v1
kettle,1439712371000000,1439712518000000,147.0,99.43138888888889,rule_v1
kettle,1439731947000000,1439732102000000,155.0,73.58166666666666,rule_v1
kettle,1439741619000000,1439741931000000,312.0,196.63944444444445,rule_v1
kettle,1439794301000000,1439794438000000,137.0,99.23194444444445,rule_v1
kettle,1439796537000000,1439796587000000,50.0,36.23916666666667,rule_v1
kettle,1439810014000000,1439810120000000,106.0,74.37944444444445,rule_v1
kettle,1439824448000000,1439824646000000,198.0,133.06194444444444,rule_v1
kettle,1439882274000000,1439882335000000,61.0,44.26166666666666,rule_v1
kettle,1439919198000000,1439919281000000,83.0,59.62388888888889,rule_v1
kettle,1439924121000000,1439924271000000,150.0,97.80194444444444,rule_v1
kettle,1439924461000000,1439924553000000,92.0,63.92861111111111,rule_v1
kettle,1440429645000000,1440429868000000,223.0,152.01111111111112,rule_v1
kettle,1440486566000000,1440486691000000,125.0,86.2936111111111,rule_v1
kettle,1440503138000000,1440503220000000,82.0,59.470555555555556,rule_v1
kettle,1440518671000000,1440518815000000,144.0,99.17111111111112,rule_v1
kettle,1440522693000000,1440522925000000,232.0,157.20416666666668,rule_v1
kettle,1440566178000000,1440566279000000,101.0,70.13416666666667,rule_v1
kettle,1440571046000000,1440571105000000,59.0,44.37694444444445,rule_v1
kettle,1440579274000000,1440579418000000,144.0,101.00583333333333,rule_v1
kettle,1440610791000000,1440610891000000,100.0,70.42694444444444,rule_v1
kettle,1440660756000000,1440660878000000,122.0,86.92444444444445,rule_v1
kettle,1440681694000000,1440681774000000,80.0,59.02472222222222,rule_v1
kettle,1440695958000000,1440696129000000,171.0,116.96916666666667,rule_v1
kettle,1440699677000000,1440699760000000,83.0,59.11194444444445,rule_v1
kettle,1440736658000000,1440736758000000,100.0,68.63583333333334,rule_v1
kettle,1440747359000000,1440747488000000,129.0,93.81777777777778,rule_v1
kettle,1440757118000000,1440757206000000,88.0,62.58444444444444,rule_v1
kettle,1440761113000000,1440761208000000,95.0,66.30888888888889,rule_v1
kettle,1440762825000000,1440762945000000,120.0,83.17694444444444,rule_v1
kettle,1440776043000000,1440776201000000,158.0,109.98611111111111,rule_v1
kettle,1440776641000000,1440776697000000,56.0,41.931111111111115,rule_v1
kettle,1440833768000000,1440833855000000,87.0,61.37916666666667,rule_v1
kettle,1440863891000000,1440864014000000,123.0,85.19305555555556,rule_v1
kettle,1440866520000000,1440866591000000,71.0,50.55388888888889,rule_v1
kettle,1440917401000000,1440917507000000,106.0,74.21305555555556,rule_v1
kettle,1440948556000000,1440948681000000,125.0,85.0975,rule_v1
kettle,1440951067000000,1440951131000000,64.0,46.596666666666664,rule_v1
kettle,1440998350000000,1440998446000000,96.0,66.9263888888889,rule_v1
kettle,1441005529000000,1441005613000000,84.0,64.62138888888889,rule_v1
kettle,1441016399000000,1441016519000000,120.0,79.7761111111111,rule_v1
kettle,1441017325000000,1441017364000000,39.0,28.805,rule_v1
kettle,1441017831000000,1441017920000000,89.0,61.56333333333333,rule_v1
kettle,1441034832000000,1441034914000000,82.0,59.500277777777775,rule_v1
kettle,1441041753000000,1441041816000000,63.0,45.331944444444446,rule_v1
kettle,1441086449000000,1441086540000000,91.0,64.0188888888889,rule_v1
kettle,1441093964000000,1441094089000000,125.0,88.17055555555555,rule_v1
kettle,1441103031000000,1441103149000000,118.0,81.61861111111111,rule_v1
kettle,1441104060000000,1441104099000000,39.0,30.5075,rule_v1
kettle,1441112118000000,1441112246000000,128.0,88.26777777777778,rule_v1
kettle,1441128611000000,1441128715000000,104.0,69.79027777777777,rule_v1
kettle,1441136061000000,1441136129000000,68.0,52.6175,rule_v1
kettle,1441172866000000,1441172995000000,129.0,86.91722222222222,rule_v1
kettle,1441176698000000,1441176766000000,68.0,48.08722222222222,rule_v1
kettle,1441195428000000,1441195555000000,127.0,86.39555555555556,rule_v1
kettle,1441208420000000,1441208630000000,210.0,141.26194444444445,rule_v1
kettle,1441214060000000,1441214137000000,77.0,55.28527777777778,rule_v1
kettle,1441257786000000,1441257889000000,103.0,69.29944444444445,rule_v1
kettle,1441264827000000,1441264944000000,117.0,83.85722222222222,rule_v1
kettle,1441265757000000,1441265796000000,39.0,29.985,rule_v1
kettle,1441279056000000,1441279171000000,115.0,104.35583333333334,rule_v1
kettle,1441282491000000,1441282647000000,156.0,144.0261111111111,rule_v1
kettle,1441286679000000,1441286778000000,99.0,69.12055555555555,rule_v1
kettle,1441295237000000,1441295388000000,151.0,107.19472222222223,rule_v1
kettle,1441301446000000,1441301517000000,71.0,49.43138888888889,rule_v1
kettle,1441345078000000,1441345156000000,78.0,60.41722222222222,rule_v1
kettle,1441352662000000,1441352760000000,98.0,70.60694444444445,rule_v1
kettle,1441371984000000,1441372015000000,31.0,24.881666666666668,rule_v1
kettle,1441373611000000,1441373704000000,93.0,81.59416666666667,rule_v1
kettle,1441381415000000,1441381599000000,184.0,124.34277777777778,rule_v1
kettle,1441389461000000,1441389543000000,82.0,58.30166666666667,rule_v1
kettle,1441391941000000,1441392090000000,149.0,102.13416666666667,rule_v1
kettle,1441394050000000,1441394147000000,97.0,68.36194444444445,rule_v1
kettle,1441438603000000,1441438729000000,126.0,88.93222222222222,rule_v1
kettle,1441439567000000,1441439604000000,37.0,27.378611111111113,rule_v1
kettle,1441476551000000,1441476660000000,109.0,75.6925,rule_v1
kettle,1441525422000000,1441525548000000,126.0,100.045,rule_v1
kettle,1441527059000000,1441527110000000,51.0,37.7825,rule_v1
kettle,1441537276000000,1441537376000000,100.0,78.94333333333333,rule_v1
kettle,1441550850000000,1441550925000000,75.0,61.594722222222224,rule_v1
kettle,1441557251000000,1441557369000000,118.0,80.86083333333333,rule_v1
kettle,1441605979000000,1441606070000000,91.0,65.14111111111112,rule_v1
kettle,1441607411000000,1441607532000000,121.0,84.16055555555556,rule_v1
kettle,1441621172000000,1441621269000000,97.0,67.14555555555556,rule_v1
kettle,1441636976000000,1441637184000000,208.0,142.6261111111111,rule_v1
kettle,1441638442000000,1441638560000000,118.0,111.90333333333334,rule_v1
kettle,1441645717000000,1441645802000000,85.0,60.12138888888889,rule_v1
kettle,1441695116000000,1441695241000000,125.0,86.15777777777778,rule_v1
kettle,1441695603000000,1441695666000000,63.0,46.105,rule_v1
kettle,1441705796000000,1441705939000000,143.0,97.92166666666667,rule_v1
kettle,1441716573000000,1441716682000000,109.0,76.9336111111111,rule_v1
kettle,1441732480000000,1441732602000000,122.0,84.78083333333333,rule_v1
kettle,1441782283000000,1441782441000000,158.0,107.71111111111111,rule_v1
kettle,1441783296000000,1441783334000000,38.0,30.08138888888889,rule_v1
kettle,1441793689000000,1441793836000000,147.0,100.36833333333334,rule_v1
kettle,1441797383000000,1441797520000000,137.0,94.27388888888889,rule_v1
kettle,1441802090000000,1441802169000000,79.0,61.333333333333336,rule_v1
kettle,1441812639000000,1441812899000000,260.0,172.8761111111111,rule_v1
kettle,1441868200000000,1441868292000000,92.0,64.13833333333334,rule_v1
kettle,1441880677000000,1441880779000000,102.0,74.99333333333334,rule_v1
kettle,1441900365000000,1441900517000000,152.0,104.15972222222223,rule_v1
kettle,1441949754000000,1441949848000000,94.0,67.37583333333333,rule_v1
kettle,1441953044000000,1441953144000000,100.0,71.29722222222222,rule_v1
kettle,1441985912000000,1441986070000000,158.0,107.87,rule_v1
kettle,1441992407000000,1441992510000000,103.0,71.55583333333334,rule_v1
kettle,1442042467000000,1442042582000000,115.0,78.23333333333333,rule_v1
kettle,1442075057000000,1442075305000000,248.0,171.2252777777778,rule_v1
kettle,1442078747000000,1442078845000000,98.0,71.11416666666666,rule_v1
kettle,1442126811000000,1442126946000000,135.0,92.87333333333333,rule_v1
kettle,1442129467000000,1442129523000000,56.0,41.751666666666665,rule_v1
kettle,1442212427000000,1442212564000000,137.0,95.835,rule_v1
kettle,1442217093000000,1442217166000000,73.0,50.31666666666667,rule_v1
kettle,1442233620000000,1442233704000000,84.0,61.56666666666667,rule_v1
kettle,1442243613000000,1442243777000000,164.0,113.37722222222222,rule_v1
kettle,1442251002000000,1442251218000000,216.0,145.86333333333334,rule_v1
kettle,1442298988000000,1442299086000000,98.0,70.13222222222223,rule_v1
kettle,1442320846000000,1442320948000000,102.0,70.99388888888889,rule_v1
kettle,1442333280000000,1442333478000000,198.0,121.06611111111111,rule_v1
kettle,1442384922000000,1442385062000000,140.0,96.7175,rule_v1
kettle,1442397128000000,1442397289000000,161.0,108.54527777777778,rule_v1
kettle,1442402694000000,1442402782000000,88.0,64.05472222222222,rule_v1
kettle,1442413935000000,1442414079000000,144.0,99.73638888888888,rule_v1
kettle,1442419635000000,1442419767000000,132.0,92.02944444444445,rule_v1
kettle,1442424528000000,1442424605000000,77.0,53.318333333333335,rule_v1
kettle,1442467532000000,1442467642000000,110.0,78.29805555555555,rule_v1
kettle,1442472797000000,1442472921000000,124.0,86.75972222222222,rule_v1
kettle,1442509273000000,1442509376000000,103.0,71.40055555555556,rule_v1
kettle,1442515075000000,1442515139000000,64.0,46.88805555555555,rule_v1
kettle,1442558449000000,1442558580000000,131.0,95.01,rule_v1
kettle,1442589907000000,1442590073000000,166.0,114.06333333333333,rule_v1
kettle,1442590405000000,1442590480000000,75.0,53.89416666666666,rule_v1
kettle,1442595951000000,1442596034000000,83.0,59.173611111111114,rule_v1
kettle,1442646734000000,1442646830000000,96.0,64.76666666666667,rule_v1
kettle,1442651194000000,1442651339000000,145.0,99.03722222222223,rule_v1
kettle,1442655543000000,1442655621000000,78.0,55.59027777777778,rule_v1
kettle,1442658352000000,1442658410000000,58.0,42.86833333333333,rule_v1
kettle,1442691152000000,1442691245000000,93.0,73.47472222222223,rule_v1
kettle,1442730551000000,1442730699000000,148.0,102.1536111111111,rule_v1
kettle,1442744647000000,1442744742000000,95.0,66.15305555555555,rule_v1
kettle,1442748314000000,1442748472000000,158.0,108.93305555555555,rule_v1
kettle,1442754289000000,1442754347000000,58.0,42.72361111111111,rule_v1
kettle,1442756769000000,1442756858000000,89.0,61.71194444444444,rule_v1
kettle,1442817232000000,1442817295000000,63.0,47.20333333333333,rule_v1
kettle,1442817580000000,1442817640000000,60.0,43.3425,rule_v1
kettle,1442828657000000,1442828781000000,124.0,84.82972222222222,rule_v1
kettle,1442831464000000,1442831627000000,163.0,111.23361111111112,rule_v1
kettle,1442857237000000,1442857335000000,98.0,67.85055555555556,rule_v1
kettle,1442904553000000,1442904734000000,181.0,122.79527777777778,rule_v1
kettle,1442911563000000,1442911654000000,91.0,62.88916666666667,rule_v1
kettle,1442940984000000,1442941171000000,187.0,127.6725,rule_v1
kettle,1442993068000000,1442993156000000,88.0,61.940555555555555,rule_v1
kettle,1443022041000000,1443022222000000,181.0,123.21722222222222,rule_v1
kettle,1443023635000000,1443023769000000,134.0,93.84166666666667,rule_v1
kettle,1443027662000000,1443027747000000,85.0,61.70111111111111,rule_v1
kettle,1443075631000000,1443075721000000,90.0,69.95166666666667,rule_v1
kettle,1443078584000000,1443078670000000,86.0,64.15972222222223,rule_v1
kettle,1443106764000000,1443106878000000,114.0,77.26222222222222,rule_v1
kettle,1443109739000000,1443109976000000,237.0,158.44555555555556,rule_v1
kettle,1443162177000000,1443162282000000,105.0,75.51944444444445,rule_v1
kettle,1443163978000000,1443164086000000,108.0,76.04444444444445,rule_v1
kettle,1443181113000000,1443181214000000,101.0,71.50611111111111,rule_v1
kettle,1443193002000000,1443193223000000,221.0,151.24555555555557,rule_v1
kettle,1443195346000000,1443195454000000,108.0,74.45194444444445,rule_v1
kettle,1443249552000000,1443249646000000,94.0,66.79861111111111,rule_v1
kettle,1443256335000000,1443256427000000,92.0,64.55055555555556,rule_v1
kettle,1443261249000000,1443261365000000,116.0,79.68444444444444,rule_v1
kettle,1443285046000000,1443285159000000,113.0,79.7136111111111,rule_v1
kettle,1443336268000000,1443336388000000,120.0,88.30722222222222,rule_v1
kettle,1443341991000000,1443342061000000,70.0,49.358333333333334,rule_v1
kettle,1443342150000000,1443342308000000,158.0,90.10111111111112,rule_v1
kettle,1443370582000000,1443370766000000,184.0,123.34305555555555,rule_v1
kettle,1443374035000000,1443374106000000,71.0,62.3775,rule_v1
kettle,1443421594000000,1443421690000000,96.0,73.52777777777777,rule_v1
kettle,1443434767000000,1443434871000000,104.0,71.19916666666667,rule_v1
kettle,1443462058000000,1443462149000000,91.0,64.58194444444445,rule_v1
kettle,1443464103000000,1443464219000000,116.0,80.16111111111111,rule_v1
kettle,1443508866000000,1443509017000000,151.0,104.1825,rule_v1
kettle,1443544596000000,1443544724000000,128.0,86.69416666666666,rule_v1
kettle,1443595518000000,1443595640000000,122.0,85.06055555555555,rule_v1
kettle,1443597492000000,1443597599000000,107.0,76.4811111111111,rule_v1
kettle,1443608841000000,1443608958000000,117.0,110.90194444444445,rule_v1
kettle,1443627664000000,1443627850000000,186.0,129.85194444444446,rule_v1
kettle,1443682526000000,1443682683000000,157.0,108.72444444444444,rule_v1
kettle,1443695750000000,1443695864000000,114.0,79.33083333333333,rule_v1
kettle,1443697926000000,1443698072000000,146.0,100.34861111111111,rule_v1
kettle,1443715069000000,1443715203000000,134.0,96.62666666666667,rule_v1
kettle,1443769068000000,1443769212000000,144.0,97.68944444444445,rule_v1
kettle,1443778321000000,1443778421000000,100.0,68.88,rule_v1
kettle,1443786319000000,1443786455000000,136.0,94.25638888888889,rule_v1
kettle,1443795160000000,1443795240000000,80.0,57.14972222222222,rule_v1
kettle,1443798728000000,1443798975000000,247.0,167.29472222222222,rule_v1
kettle,1443800283000000,1443800384000000,101.0,70.89138888888888,rule_v1
kettle,1443854839000000,1443855028000000,189.0,126.88416666666667,rule_v1
kettle,1443857516000000,1443857581000000,65.0,46.080555555555556,rule_v1
kettle,1443861325000000,1443861491000000,166.0,98.36638888888889,rule_v1
kettle,1443862993000000,1443863054000000,61.0,42.979166666666664,rule_v1
kettle,1443870530000000,1443870640000000,110.0,76.49583333333334,rule_v1
kettle,1443897964000000,1443898070000000,106.0,79.19916666666667,rule_v1
kettle,1443900969000000,1443901108000000,139.0,96.33638888888889,rule_v1
kettle,1443907338000000,1443907424000000,86.0,62.564166666666665,rule_v1
kettle,1443915969000000,1443916032000000,63.0,45.92055555555555,rule_v1
kettle,1443942554000000,1443942670000000,116.0,79.8638888888889,rule_v1
kettle,1443945374000000,1443945430000000,56.0,40.33861111111111,rule_v1
kettle,1443957438000000,1443957590000000,152.0,103.75472222222223,rule_v1
kettle,1443957662000000,1443957794000000,132.0,89.72472222222223,rule_v1
kettle,1443964997000000,1443965079000000,82.0,59.51777777777778,rule_v1
kettle,1443976697000000,1443976832000000,135.0,96.58944444444444,rule_v1
kettle,1444028372000000,1444028491000000,119.0,83.12222222222222,rule_v1
kettle,1444039613000000,1444039722000000,109.0,77.50722222222223,rule_v1
kettle,1444044614000000,1444044784000000,170.0,123.71166666666667,rule_v1
kettle,1444060415000000,1444060610000000,195.0,134.36388888888888,rule_v1
kettle,1444109977000000,1444110073000000,96.0,65.6288888888889,rule_v1
kettle,1444113774000000,1444113873000000,99.0,68.6686111111111,rule_v1
kettle,1444121015000000,1444121124000000,109.0,75.42722222222223,rule_v1
kettle,1444146951000000,1444147128000000,177.0,120.08555555555556,rule_v1
kettle,1444151989000000,1444152086000000,97.0,67.06527777777778,rule_v1
kettle,1444157348000000,1444157432000000,84.0,58.460277777777776,rule_v1
kettle,1444161606000000,1444161661000000,55.0,35.926944444444445,rule_v1
kettle,1444201725000000,1444201839000000,114.0,76.40166666666667,rule_v1
kettle,1444213092000000,1444213137000000,45.0,33.88333333333333,rule_v1
kettle,1444216749000000,1444216885000000,136.0,91.2911111111111,rule_v1
kettle,1444224714000000,1444224783000000,69.0,50.876666666666665,rule_v1
kettle,1444239218000000,1444239319000000,101.0,77.32944444444445,rule_v1
kettle,1444285897000000,1444285975000000,78.0,57.805277777777775,rule_v1
kettle,1444286707000000,1444286787000000,80.0,56.97472222222222,rule_v1
kettle,1444287675000000,1444287706000000,31.0,24.26388888888889,rule_v1
kettle,1444301245000000,1444301361000000,116.0,80.83611111111111,rule_v1
kettle,1444318415000000,1444318548000000,133.0,92.03527777777778,rule_v1
kettle,1444325071000000,1444325172000000,101.0,69.7911111111111,rule_v1
kettle,1444370638000000,1444370717000000,79.0,58.30166666666667,rule_v1
kettle,1444373845000000,1444373970000000,125.0,89.32444444444444,rule_v1
kettle,1444403913000000,1444404091000000,178.0,120.98083333333334,rule_v1
kettle,1444412076000000,1444412170000000,94.0,64.13333333333334,rule_v1
kettle,1444633584000000,1444633685000000,101.0,71.59416666666667,rule_v1
kettle,1444638603000000,1444638642000000,39.0,35.06611111111111,rule_v1
kettle,1444648381000000,1444648471000000,90.0,64.53861111111111,rule_v1
kettle,1444660661000000,1444660871000000,210.0,145.54305555555555,rule_v1
kettle,1444718630000000,1444718758000000,128.0,93.88222222222223,rule_v1
kettle,1444754992000000,1444755141000000,149.0,103.175,rule_v1
kettle,1444802029000000,1444802140000000,111.0,78.08583333333333,rule_v1
kettle,1444806401000000,1444806497000000,96.0,70.95583333333333,rule_v1
kettle,1444816713000000,1444816782000000,69.0,51.76138888888889,rule_v1
kettle,1444829254000000,1444829334000000,80.0,58.771388888888886,rule_v1
kettle,1444835638000000,1444835732000000,94.0,66.1138888888889,rule_v1
kettle,1444889483000000,1444889552000000,69.0,51.17111111111111,rule_v1
kettle,1444892941000000,1444893047000000,106.0,74.40416666666667,rule_v1
kettle,1444907697000000,1444907831000000,134.0,95.68444444444444,rule_v1
kettle,1444922787000000,1444923106000000,319.0,216.65305555555557,rule_v1
kettle,1444925512000000,1444925577000000,65.0,53.720555555555556,rule_v1
kettle,1444934138000000,1444934209000000,71.0,52.06861111111111,rule_v1
kettle,1444979037000000,1444979129000000,92.0,72.5275,rule_v1
kettle,1444982258000000,1444982339000000,81.0,57.12888888888889,rule_v1
kettle,1445011256000000,1445011422000000,166.0,116.26388888888889,rule_v1
kettle,1445016584000000,1445016668000000,84.0,60.03111111111111,rule_v1
kettle,1445081530000000,1445081641000000,111.0,79.46055555555556,rule_v1
kettle,1445096265000000,1445096343000000,78.0,58.47666666666667,rule_v1
kettle,1445098090000000,1445098266000000,176.0,117.46333333333334,rule_v1
kettle,1445099115000000,1445099193000000,78.0,55.74611111111111,rule_v1
kettle,1445151339000000,1445151469000000,130.0,94.30638888888889,rule_v1
kettle,1445157816000000,1445158000000000,184.0,126.79944444444445,rule_v1
kettle,1445186515000000,1445186734000000,219.0,147.53222222222223,rule_v1
kettle,1445235550000000,1445235661000000,111.0,78.24527777777777,rule_v1
kettle,1445237796000000,1445237891000000,95.0,65.43972222222222,rule_v1
kettle,1445249319000000,1445249463000000,144.0,96.03555555555556,rule_v1
kettle,1445264472000000,1445264582000000,110.0,79.23055555555555,rule_v1
kettle,1445268669000000,1445268919000000,250.0,149.86916666666667,rule_v1
kettle,1445318077000000,1445318181000000,104.0,73.625,rule_v1
kettle,1445324592000000,1445324695000000,103.0,72.85583333333334,rule_v1
kettle,1445334370000000,1445334497000000,127.0,88.53083333333333,rule_v1
kettle,1445340964000000,1445341180000000,216.0,149.1538888888889,rule_v1
kettle,1445341332000000,1445341416000000,84.0,60.45027777777778,rule_v1
kettle,1445359741000000,1445359854000000,113.0,77.74833333333333,rule_v1
kettle,1445361455000000,1445361540000000,85.0,64.64972222222222,rule_v1
kettle,1445410883000000,1445411002000000,119.0,80.9475,rule_v1
kettle,1445420572000000,1445420730000000,158.0,109.36694444444444,rule_v1
kettle,1445440497000000,1445440656000000,159.0,110.42444444444445,rule_v1
kettle,1445492252000000,1445492323000000,71.0,49.91166666666667,rule_v1
kettle,1445495988000000,1445496105000000,117.0,81.755,rule_v1
kettle,1445513341000000,1445513454000000,113.0,79.51416666666667,rule_v1
kettle,1445526262000000,1445526461000000,199.0,137.78416666666666,rule_v1
kettle,1445533639000000,1445533745000000,106.0,72.73972222222223,rule_v1
kettle,1445579771000000,1445579965000000,194.0,132.49305555555554,rule_v1
kettle,1445583375000000,1445583459000000,84.0,60.8625,rule_v1
kettle,1445615272000000,1445615460000000,188.0,127.3788888888889,rule_v1
kettle,1445670992000000,1445671091000000,99.0,69.79138888888889,rule_v1
kettle,1445676332000000,1445676531000000,199.0,132.37222222222223,rule_v1
kettle,1445682845000000,1445682907000000,62.0,44.06583333333333,rule_v1
kettle,1445707616000000,1445707707000000,91.0,95.22166666666666,rule_v1
kettle,1445757462000000,1445757589000000,127.0,89.08111111111111,rule_v1
kettle,1445758803000000,1445758849000000,46.0,35.12833333333333,rule_v1
kettle,1445761283000000,1445761329000000,46.0,40.16166666666667,rule_v1
kettle,1445767173000000,1445767269000000,96.0,65.20055555555555,rule_v1
kettle,1445775156000000,1445775226000000,70.0,48.658611111111114,rule_v1
kettle,1445782108000000,1445782187000000,79.0,57.77611111111111,rule_v1
kettle,1445790158000000,1445790263000000,105.0,73.01416666666667,rule_v1
kettle,1445792909000000,1445793027000000,118.0,82.21,rule_v1
kettle,1445839865000000,1445839970000000,105.0,74.98277777777778,rule_v1
kettle,1445845292000000,1445845403000000,111.0,79.0575,rule_v1
kettle,1445876267000000,1445876488000000,221.0,146.5038888888889,rule_v1
kettle,1445929356000000,1445929499000000,143.0,97.86833333333334,rule_v1
kettle,1446222454000000,1446222628000000,174.0,118.04444444444445,rule_v1
kettle,1446274740000000,1446274834000000,94.0,65.56222222222222,rule_v1
kettle,1446277387000000,1446277481000000,94.0,70.46944444444445,rule_v1
kettle,1446279864000000,1446279904000000,40.0,29.8675,rule_v1
kettle,1446309656000000,1446309865000000,209.0,140.90444444444444,rule_v1
kettle,1446318878000000,1446318941000000,63.0,43.172222222222224,rule_v1
kettle,1446366999000000,1446367196000000,197.0,133.53194444444443,rule_v1
kettle,1446369375000000,1446369465000000,90.0,63.790277777777774,rule_v1
kettle,1446380618000000,1446380683000000,65.0,45.744166666666665,rule_v1
kettle,1446399934000000,1446400045000000,111.0,75.58527777777778,rule_v1
kettle,1446449788000000,1446449907000000,119.0,80.5125,rule_v1
kettle,1446460698000000,1446460800000000,102.0,71.2,rule_v1
kettle,1446466817000000,1446466991000000,174.0,117.84,rule_v1
kettle,1446537254000000,1446537340000000,86.0,60.7675,rule_v1
kettle,1446554208000000,1446554310000000,102.0,72.43527777777778,rule_v1
kettle,1446555779000000,1446555827000000,48.0,35.06111111111111,rule_v1
kettle,1446570989000000,1446571109000000,120.0,84.69777777777777,rule_v1
kettle,1446623415000000,1446623519000000,104.0,72.0411111111111,rule_v1
kettle,1446635665000000,1446635753000000,88.0,62.94555555555556,rule_v1
kettle,1446637285000000,1446637382000000,97.0,69.18027777777777,rule_v1
kettle,1446646023000000,1446646178000000,155.0,109.48861111111111,rule_v1
kettle,1446653802000000,1446653884000000,82.0,57.0425,rule_v1
kettle,1446655898000000,1446656002000000,104.0,73.96111111111111,rule_v1
kettle,1446665294000000,1446665440000000,146.0,99.64083333333333,rule_v1
kettle,1446709949000000,1446710092000000,143.0,99.35694444444445,rule_v1
kettle,1446723390000000,1446723496000000,106.0,74.71055555555556,rule_v1
kettle,1446724579000000,1446724662000000,83.0,60.58027777777778,rule_v1
kettle,1446742484000000,1446742583000000,99.0,69.98083333333334,rule_v1
kettle,1446796836000000,1446796945000000,109.0,73.41472222222222,rule_v1
kettle,1446810856000000,1446810987000000,131.0,90.25194444444445,rule_v1
kettle,1446811800000000,1446811835000000,35.0,26.439444444444444,rule_v1
kettle,1446815422000000,1446815493000000,71.0,50.594166666666666,rule_v1
kettle,1446829676000000,1446829844000000,168.0,118.14916666666667,rule_v1
kettle,1446838672000000,1446838836000000,164.0,117.14666666666666,rule_v1
kettle,1446881343000000,1446881432000000,89.0,61.75416666666667,rule_v1
kettle,1446884233000000,1446884342000000,109.0,76.71527777777777,rule_v1
kettle,1446909829000000,1446909914000000,85.0,61.41916666666667,rule_v1
kettle,1446913005000000,1446913068000000,63.0,45.19972222222222,rule_v1
kettle,1446919839000000,1446920019000000,180.0,120.09972222222223,rule_v1
kettle,1446921595000000,1446921677000000,82.0,59.51611111111111,rule_v1
kettle,1446927883000000,1446927946000000,63.0,45.61805555555556,rule_v1
kettle,1446972248000000,1446972356000000,108.0,75.57722222222222,rule_v1
kettle,1447003495000000,1447003704000000,209.0,138.53805555555556,rule_v1
kettle,1447055601000000,1447055744000000,143.0,95.47805555555556,rule_v1
kettle,1447065903000000,1447065990000000,87.0,66.60777777777778,rule_v1
kettle,1447070839000000,1447070937000000,98.0,73.21166666666667,rule_v1
kettle,1447083292000000,1447083380000000,88.0,63.663333333333334,rule_v1
kettle,1447085981000000,1447086161000000,180.0,121.21444444444444,rule_v1
kettle,1447087591000000,1447087720000000,129.0,89.1511111111111,rule_v1
kettle,1447142588000000,1447142680000000,92.0,65.14916666666667,rule_v1
kettle,1447155528000000,1447155625000000,97.0,67.54722222222222,rule_v1
kettle,1447176635000000,1447176775000000,140.0,93.22166666666666,rule_v1
kettle,1447179971000000,1447180063000000,92.0,62.5925,rule_v1
kettle,1447226416000000,1447226514000000,98.0,68.09305555555555,rule_v1
kettle,1447228141000000,1447228222000000,81.0,56.65555555555556,rule_v1
kettle,1447257226000000,1447257360000000,134.0,90.84555555555555,rule_v1
kettle,1447259578000000,1447259752000000,174.0,118.72027777777778,rule_v1
kettle,1447261427000000,1447261551000000,124.0,85.16305555555556,rule_v1
kettle,1447314886000000,1447315032000000,146.0,99.25527777777778,rule_v1
kettle,1447325584000000,1447325742000000,158.0,107.96666666666667,rule_v1
kettle,1447329932000000,1447330016000000,84.0,58.68611111111111,rule_v1
kettle,1447330953000000,1447331007000000,54.0,40.98777777777778,rule_v1
kettle,1447339524000000,1447339607000000,83.0,59.664722222222224,rule_v1
kettle,1447344280000000,1447344509000000,229.0,154.12527777777777,rule_v1
kettle,1447347023000000,1447347178000000,155.0,106.58972222222222,rule_v1
kettle,1447351495000000,1447351579000000,84.0,60.39888888888889,rule_v1
kettle,1447398111000000,1447398213000000,102.0,72.53277777777778,rule_v1
kettle,1447400824000000,1447400926000000,102.0,70.55722222222222,rule_v1
kettle,1447407780000000,1447407847000000,67.0,49.158055555555556,rule_v1
kettle,1447413515000000,1447413616000000,101.0,69.79527777777778,rule_v1
kettle,1447429260000000,1447429319000000,59.0,40.706944444444446,rule_v1
kettle,1447433778000000,1447433906000000,128.0,89.00805555555556,rule_v1
kettle,1447489306000000,1447489397000000,91.0,65.65083333333334,rule_v1
kettle,1447492584000000,1447492669000000,85.0,60.57944444444445,rule_v1
kettle,1447494037000000,1447494181000000,144.0,98.55472222222222,rule_v1
kettle,1447513134000000,1447513242000000,108.0,73.71583333333334,rule_v1
kettle,1447525083000000,1447525181000000,98.0,66.19416666666666,rule_v1
kettle,1447579689000000,1447579777000000,88.0,61.144444444444446,rule_v1
kettle,1447592336000000,1447592433000000,97.0,67.40722222222222,rule_v1
kettle,1447613545000000,1447613627000000,82.0,59.836666666666666,rule_v1
kettle,1447617247000000,1447617394000000,147.0,100.34361111111112,rule_v1
kettle,1447661442000000,1447661537000000,95.0,66.42166666666667,rule_v1
kettle,1447674154000000,1447674298000000,144.0,98.12,rule_v1
kettle,1447692762000000,1447692967000000,205.0,140.0113888888889,rule_v1
kettle,1447746477000000,1447746606000000,129.0,88.52666666666667,rule_v1
kettle,1447751324000000,1447751402000000,78.0,58.2525,rule_v1
kettle,1447779640000000,1447779759000000,119.0,85.19583333333334,rule_v1
kettle,1447783024000000,1447783100000000,76.0,54.18472222222222,rule_v1
kettle,1447784532000000,1447784609000000,77.0,53.07805555555556,rule_v1
kettle,1447832831000000,1447832945000000,114.0,78.41194444444444,rule_v1
kettle,1447849296000000,1447849451000000,155.0,105.82833333333333,rule_v1
kettle,1447864133000000,1447864383000000,250.0,167.6775,rule_v1
kettle,1447919503000000,1447919628000000,125.0,86.06972222222223,rule_v1
kettle,1447935764000000,1447935884000000,120.0,85.5825,rule_v1
kettle,1447936613000000,1447936644000000,31.0,23.999166666666667,rule_v1
kettle,1447951644000000,1447951772000000,128.0,87.38638888888889,rule_v1
kettle,1448004995000000,1448005120000000,125.0,86.37722222222222,rule_v1
kettle,1448019825000000,1448020129000000,304.0,176.01944444444445,rule_v1
kettle,1448024329000000,1448024431000000,102.0,70.93305555555555,rule_v1
kettle,1448083694000000,1448083885000000,191.0,91.49277777777777,rule_v1
kettle,1448084960000000,1448085091000000,131.0,60.2775,rule_v1
kettle,1448265778000000,1448266119000000,341.0,150.1338888888889,rule_v1
kettle,1448282914000000,1448283066000000,152.0,71.3525,rule_v1
kettle,1448351222000000,1448351398000000,176.0,79.60861111111112,rule_v1
kettle,1448372607000000,1448372744000000,137.0,63.375277777777775,rule_v1
kettle,1448437866000000,1448438047000000,181.0,82.66416666666667,rule_v1
kettle,1448456367000000,1448456554000000,187.0,86.43277777777777,rule_v1
kettle,1448523123000000,1448523315000000,192.0,96.41666666666667,rule_v1
kettle,1448523641000000,1448523781000000,140.0,87.67888888888889,rule_v1
kettle,1448541567000000,1448541754000000,187.0,85.8963888888889,rule_v1
kettle,1448568177000000,1448568428000000,251.0,115.52444444444444,rule_v1
kettle,1448611152000000,1448611341000000,189.0,83.5111111111111,rule_v1
kettle,1448625369000000,1448625503000000,134.0,63.644444444444446,rule_v1
kettle,1448625626000000,1448625763000000,137.0,62.09861111111111,rule_v1
kettle,1448644549000000,1448644730000000,181.0,81.07638888888889,rule_v1
kettle,1448647370000000,1448647548000000,178.0,80.41694444444444,rule_v1
kettle,1448656957000000,1448657145000000,188.0,83.88,rule_v1
kettle,1448699859000000,1448700196000000,337.0,143.52027777777778,rule_v1
kettle,1448734463000000,1448734635000000,172.0,77.86027777777778,rule_v1
kettle,1448785518000000,1448785705000000,187.0,85.25638888888889,rule_v1
kettle,1448818937000000,1448819123000000,186.0,84.51222222222222,rule_v1
kettle,1448827256000000,1448827439000000,183.0,82.4625,rule_v1
kettle,1448869144000000,1448869348000000,204.0,92.1438888888889,rule_v1
kettle,1448882542000000,1448882747000000,205.0,93.96944444444445,rule_v1
kettle,1448958377000000,1448958567000000,190.0,90.72055555555555,rule_v1
kettle,1448972238000000,1448972423000000,185.0,87.99694444444444,rule_v1
kettle,1449042506000000,1449042689000000,183.0,83.18388888888889,rule_v1
kettle,1449042968000000,1449043112000000,144.0,66.15388888888889,rule_v1
kettle,1449060377000000,1449060488000000,111.0,52.78944444444444,rule_v1
kettle,1449089481000000,1449089663000000,182.0,83.5875,rule_v1
kettle,1449133820000000,1449134011000000,191.0,85.9225,rule_v1
kettle,1449154547000000,1449154619000000,72.0,52.611111111111114,rule_v1
kettle,1449159542000000,1449159702000000,160.0,108.61083333333333,rule_v1
kettle,1449212480000000,1449212583000000,103.0,72.125,rule_v1
kettle,1449214233000000,1449214327000000,94.0,65.68638888888889,rule_v1
kettle,1449228557000000,1449228718000000,161.0,112.15916666666666,rule_v1
kettle,1449253008000000,1449253131000000,123.0,82.54416666666667,rule_v1
kettle,1449305649000000,1449305799000000,150.0,102.15222222222222,rule_v1
kettle,1449337048000000,1449337185000000,137.0,92.24944444444445,rule_v1
kettle,1449347423000000,1449347618000000,195.0,132.2275,rule_v1
kettle,1449391844000000,1449391992000000,148.0,102.98027777777777,rule_v1
kettle,1449417618000000,1449417726000000,108.0,72.33055555555555,rule_v1
kettle,1449418287000000,1449418319000000,32.0,25.276666666666667,rule_v1
kettle,1449475244000000,1449475366000000,122.0,83.02888888888889,rule_v1
kettle,1449503249000000,1449503384000000,135.0,93.48083333333334,rule_v1
kettle,1449505171000000,1449505306000000,135.0,91.71833333333333,rule_v1
kettle,1449516403000000,1449516483000000,80.0,56.49722222222222,rule_v1
kettle,1449560303000000,1449560425000000,122.0,82.32611111111112,rule_v1
kettle,1449593807000000,1449593950000000,143.0,98.3386111111111,rule_v1
kettle,1449597768000000,1449597825000000,57.0,41.2375,rule_v1
kettle,1449646799000000,1449646876000000,77.0,55.00111111111111,rule_v1
kettle,1449647728000000,1449647805000000,77.0,55.52722222222222,rule_v1
kettle,1449662356000000,1449662479000000,123.0,83.73472222222222,rule_v1
kettle,1449668806000000,1449668904000000,98.0,71.35305555555556,rule_v1
kettle,1449670316000000,1449670413000000,97.0,66.6625,rule_v1
kettle,1449677489000000,1449677701000000,212.0,141.1075,rule_v1
kettle,1449682516000000,1449682630000000,114.0,79.22583333333333,rule_v1
kettle,1449696195000000,1449696273000000,78.0,55.48111111111111,rule_v1
kettle,1449732969000000,1449733086000000,117.0,80.75972222222222,rule_v1
kettle,1449750156000000,1449750311000000,155.0,105.42972222222222,rule_v1
kettle,1449758818000000,1449758904000000,86.0,61.63583333333333,rule_v1
kettle,1449765513000000,1449765729000000,216.0,146.9752777777778,rule_v1
kettle,1449767813000000,1449767899000000,86.0,60.158055555555556,rule_v1
kettle,1449821017000000,1449821180000000,163.0,104.8725,rule_v1
kettle,1449835028000000,1449835254000000,226.0,149.07305555555556,rule_v1
kettle,1449841275000000,1449841475000000,200.0,132.90583333333333,rule_v1
kettle,1449843663000000,1449843757000000,94.0,73.89555555555556,rule_v1
kettle,1449852546000000,1449852714000000,168.0,113.0025,rule_v1
kettle,1449852930000000,1449853027000000,97.0,66.55083333333333,rule_v1
kettle,1449908544000000,1449908673000000,129.0,90.15138888888889,rule_v1
kettle,1449922332000000,1449922425000000,93.0,63.342777777777776,rule_v1
kettle,1449936392000000,1449936533000000,141.0,94.9325,rule_v1
kettle,1449997540000000,1449997748000000,208.0,136.1927777777778,rule_v1
kettle,1449998240000000,1449998349000000,109.0,59.73555555555555,rule_v1
kettle,1450011657000000,1450011901000000,244.0,146.13083333333333,rule_v1
kettle,1450011976000000,1450012033000000,57.0,43.90277777777778,rule_v1
kettle,1450017029000000,1450017106000000,77.0,56.989444444444445,rule_v1
kettle,1450028397000000,1450028576000000,179.0,119.54694444444445,rule_v1
kettle,1450034492000000,1450034671000000,179.0,121.00416666666666,rule_v1
kettle,1450079905000000,1450080014000000,109.0,78.4588888888889,rule_v1
kettle,1450082989000000,1450083041000000,52.0,38.505,rule_v1
kettle,1450092473000000,1450092557000000,84.0,59.227777777777774,rule_v1
kettle,1450097054000000,1450097115000000,61.0,44.7725,rule_v1
kettle,1450098526000000,1450098634000000,108.0,74.68833333333333,rule_v1
kettle,1450115422000000,1450115566000000,144.0,99.00944444444444,rule_v1
kettle,1450119159000000,1450119239000000,80.0,56.897777777777776,rule_v1
kettle,1450164336000000,1450164466000000,130.0,90.29277777777777,rule_v1
kettle,1450165349000000,1450165388000000,39.0,28.8425,rule_v1
kettle,1450176369000000,1450176487000000,118.0,77.61888888888889,rule_v1
kettle,1450249340000000,1450249468000000,128.0,88.50805555555556,rule_v1
kettle,1450251754000000,1450251818000000,64.0,44.46861111111111,rule_v1
kettle,1450281401000000,1450281676000000,275.0,180.08,rule_v1
kettle,1450284772000000,1450284856000000,84.0,59.83888888888889,rule_v1
kettle,1450293254000000,1450293306000000,52.0,37.715,rule_v1
kettle,1450297497000000,1450297593000000,96.0,67.1425,rule_v1
kettle,1450343099000000,1450343236000000,137.0,94.26611111111112,rule_v1
kettle,1450348105000000,1450348191000000,86.0,60.8375,rule_v1
kettle,1450353976000000,1450354100000000,124.0,86.01611111111112,rule_v1
kettle,1450355327000000,1450355371000000,44.0,33.87638888888889,rule_v1
kettle,1450357234000000,1450357286000000,52.0,39.131388888888885,rule_v1
kettle,1450375138000000,1450375202000000,64.0,45.83444444444444,rule_v1
kettle,1450375797000000,1450375940000000,143.0,96.65333333333334,rule_v1
kettle,1450424731000000,1450424881000000,150.0,101.89444444444445,rule_v1
kettle,1450425573000000,1450425606000000,33.0,26.19527777777778,rule_v1
kettle,1450436132000000,1450436264000000,132.0,88.96444444444444,rule_v1
kettle,1450439871000000,1450440039000000,168.0,115.93,rule_v1
kettle,1450440653000000,1450440797000000,144.0,99.43194444444444,rule_v1
kettle,1450442328000000,1450442362000000,34.0,25.35388888888889,rule_v1
kettle,1450458567000000,1450458710000000,143.0,98.97472222222223,rule_v1
kettle,1450458929000000,1450458998000000,69.0,49.26111111111111,rule_v1
kettle,1450467502000000,1450467617000000,115.0,79.71694444444445,rule_v1
kettle,1450512389000000,1450512523000000,134.0,89.2025,rule_v1
kettle,1450527806000000,1450527957000000,151.0,100.03083333333333,rule_v1
kettle,1450545438000000,1450545601000000,163.0,109.81833333333333,rule_v1
kettle,1450599679000000,1450599838000000,159.0,104.43611111111112,rule_v1
kettle,1450618176000000,1450618281000000,105.0,76.31416666666667,rule_v1
kettle,1450629525000000,1450629708000000,183.0,121.85583333333334,rule_v1
kettle,1450685214000000,1450685362000000,148.0,101.06944444444444,rule_v1
kettle,1450699862000000,1450700013000000,151.0,104.16055555555556,rule_v1
kettle,1450770508000000,1450770624000000,116.0,78.30444444444444,rule_v1
kettle,1450785131000000,1450785220000000,89.0,61.98138888888889,rule_v1
kettle,1450802344000000,1450802545000000,201.0,134.66861111111112,rule_v1
kettle,1450804026000000,1450804076000000,50.0,37.210277777777776,rule_v1
kettle,1450807566000000,1450807677000000,111.0,76.5111111111111,rule_v1
kettle,1450809198000000,1450809291000000,93.0,63.693333333333335,rule_v1
kettle,1450814073000000,1450814222000000,149.0,100.28,rule_v1
kettle,1450849936000000,1450850084000000,148.0,102.4125,rule_v1
kettle,1450851538000000,1450851583000000,45.0,33.370555555555555,rule_v1
kettle,1451378228000000,1451378384000000,156.0,106.29527777777778,rule_v1
kettle,1451391822000000,1451392019000000,197.0,134.80444444444444,rule_v1
kettle,1451394688000000,1451394779000000,91.0,65.49833333333333,rule_v1
kettle,1451398364000000,1451398436000000,72.0,50.895833333333336,rule_v1
kettle,1451409565000000,1451409614000000,49.0,35.903055555555554,rule_v1
kettle,1451410147000000,1451410258000000,111.0,76.98333333333333,rule_v1
kettle,1451412454000000,1451412608000000,154.0,103.6763888888889,rule_v1
kettle,1451416781000000,1451416907000000,126.0,90.16166666666666,rule_v1
kettle,1451463151000000,1451463280000000,129.0,86.34,rule_v1
kettle,1451474048000000,1451474169000000,121.0,82.445,rule_v1
kettle,1451496063000000,1451496147000000,84.0,59.67861111111111,rule_v1
kettle,1451498287000000,1451498417000000,130.0,89.73222222222222,rule_v1
kettle,1451551129000000,1451551212000000,83.0,58.82222222222222,rule_v1
kettle,1451551859000000,1451551918000000,59.0,43.13777777777778,rule_v1
kettle,1451582143000000,1451582331000000,188.0,131.33805555555554,rule_v1
kettle,1451584273000000,1451584338000000,65.0,46.47638888888889,rule_v1
kettle,1451637341000000,1451637470000000,129.0,87.29083333333334,rule_v1
kettle,1451638109000000,1451638141000000,32.0,24.400555555555556,rule_v1
kettle,1451724452000000,1451724576000000,124.0,85.76388888888889,rule_v1
kettle,1451735038000000,1451735136000000,98.0,68.17722222222223,rule_v1
kettle,1451810170000000,1451810319000000,149.0,105.70388888888888,rule_v1
kettle,1451812142000000,1451812195000000,53.0,43.24638888888889,rule_v1
kettle,1451816653000000,1451816774000000,121.0,82.58194444444445,rule_v1
kettle,1451826319000000,1451826461000000,142.0,97.92138888888888,rule_v1
kettle,1451841365000000,1451841461000000,96.0,65.05638888888889,rule_v1
kettle,1451842393000000,1451842625000000,232.0,151.44166666666666,rule_v1
kettle,1451848076000000,1451848159000000,83.0,59.77166666666667,rule_v1
kettle,1451894939000000,1451895057000000,118.0,82.56666666666666,rule_v1
kettle,1451911989000000,1451912089000000,100.0,70.715,rule_v1
kettle,1451924076000000,1451924374000000,298.0,168.1611111111111,rule_v1
kettle,1451925523000000,1451925612000000,89.0,60.330555555555556,rule_v1
kettle,1451925822000000,1451925894000000,72.0,49.8075,rule_v1
kettle,1451934654000000,1451934812000000,158.0,105.05666666666667,rule_v1
kettle,1451937727000000,1451937841000000,114.0,78.97888888888889,rule_v1
kettle,1451979656000000,1451979751000000,95.0,68.11666666666666,rule_v1
kettle,1451986058000000,1451986152000000,94.0,66.30111111111111,rule_v1
kettle,1451995439000000,1451995549000000,110.0,76.73944444444444,rule_v1
kettle,1451996539000000,1451996606000000,67.0,48.95166666666667,rule_v1
kettle,1452015567000000,1452015663000000,96.0,68.18,rule_v1
kettle,1452066809000000,1452066944000000,135.0,93.61444444444444,rule_v1
kettle,1452080622000000,1452080723000000,101.0,71.82444444444444,rule_v1
kettle,1452095827000000,1452096028000000,201.0,136.6197222222222,rule_v1
kettle,1452097626000000,1452097712000000,86.0,59.68222222222222,rule_v1
kettle,1452153008000000,1452153099000000,91.0,63.0475,rule_v1
kettle,1452170732000000,1452170858000000,126.0,88.0175,rule_v1
kettle,1452182667000000,1452182767000000,100.0,69.74027777777778,rule_v1
kettle,1452183762000000,1452183794000000,32.0,26.88111111111111,rule_v1
kettle,1452185710000000,1452185826000000,116.0,80.55583333333334,rule_v1
kettle,1452187749000000,1452187839000000,90.0,62.89944444444444,rule_v1
kettle,1452238346000000,1452238384000000,38.0,29.270833333333332,rule_v1
kettle,1452239399000000,1452239499000000,100.0,69.60138888888889,rule_v1
kettle,1452254137000000,1452254266000000,129.0,88.55833333333334,rule_v1
kettle,1452258586000000,1452258658000000,72.0,51.825,rule_v1
kettle,1452273620000000,1452273766000000,146.0,99.60388888888889,rule_v1
kettle,1452283885000000,1452283976000000,91.0,63.59861111111111,rule_v1
kettle,1452331141000000,1452331236000000,95.0,67.44944444444444,rule_v1
kettle,1452348379000000,1452348503000000,124.0,86.22694444444444,rule_v1
kettle,1452357013000000,1452357094000000,81.0,58.233333333333334,rule_v1
kettle,1452361334000000,1452361492000000,158.0,106.90722222222222,rule_v1
kettle,1452368119000000,1452368215000000,96.0,69.62833333333333,rule_v1
kettle,1452412545000000,1452412644000000,99.0,71.56361111111111,rule_v1
kettle,1452427232000000,1452427319000000,87.0,63.83972222222222,rule_v1
kettle,1452430975000000,1452431059000000,84.0,62.285,rule_v1
kettle,1452433412000000,1452433520000000,108.0,73.52583333333334,rule_v1
kettle,1452436448000000,1452436512000000,64.0,46.782222222222224,rule_v1
kettle,1452444036000000,1452444129000000,93.0,66.57722222222222,rule_v1
kettle,1452498106000000,1452498211000000,105.0,72.45361111111112,rule_v1
kettle,1452511537000000,1452511639000000,102.0,76.67277777777778,rule_v1
kettle,1452517039000000,1452517143000000,104.0,74.70055555555555,rule_v1
kettle,1452528227000000,1452528570000000,343.0,197.46666666666664,rule_v1
kettle,1452584674000000,1452584794000000,120.0,82.49666666666667,rule_v1
kettle,1452597312000000,1452597407000000,95.0,67.92111111111112,rule_v1
kettle,1452618352000000,1452618525000000,173.0,118.59555555555555,rule_v1
kettle,1452621654000000,1452621758000000,104.0,71.73638888888888,rule_v1
kettle,1452622489000000,1452622551000000,62.0,44.71083333333333,rule_v1
kettle,1452627575000000,1452627705000000,130.0,87.8575,rule_v1
kettle,1452670841000000,1452670967000000,126.0,86.81472222222222,rule_v1
kettle,1452671735000000,1452671787000000,52.0,38.27472222222222,rule_v1
kettle,1452687140000000,1452687251000000,111.0,78.88861111111112,rule_v1
kettle,1452704266000000,1452704453000000,187.0,126.68194444444444,rule_v1
kettle,1452704742000000,1452704788000000,46.0,33.9675,rule_v1
kettle,1452705017000000,1452705077000000,60.0,42.728611111111114,rule_v1
kettle,1452758218000000,1452758340000000,122.0,84.74083333333333,rule_v1
kettle,1452772508000000,1452772655000000,147.0,102.32222222222222,rule_v1
kettle,1452776881000000,1452776972000000,91.0,71.53083333333333,rule_v1
kettle,1452787397000000,1452787522000000,125.0,84.96638888888889,rule_v1
kettle,1452790242000000,1452790350000000,108.0,71.15638888888888,rule_v1
kettle,1452794628000000,1452794714000000,86.0,60.196666666666665,rule_v1
kettle,1452844164000000,1452844279000000,115.0,79.94027777777778,rule_v1
kettle,1452859094000000,1452859183000000,89.0,62.26138888888889,rule_v1
kettle,1452891186000000,1452891315000000,129.0,87.92944444444444,rule_v1
kettle,1452933537000000,1452933640000000,103.0,71.24472222222222,rule_v1
kettle,1452934451000000,1452934483000000,32.0,24.85472222222222,rule_v1
kettle,1452940338000000,1452940441000000,103.0,70.24638888888889,rule_v1
kettle,1452950786000000,1452950859000000,73.0,53.07,rule_v1
kettle,1452953544000000,1452953643000000,99.0,69.23055555555555,rule_v1
kettle,1452966085000000,1452966228000000,143.0,97.82638888888889,rule_v1
kettle,1452972159000000,1452972372000000,213.0,138.31722222222223,rule_v1
kettle,1453021975000000,1453022074000000,99.0,84.2611111111111,rule_v1
kettle,1453034100000000,1453034212000000,112.0,78.67055555555555,rule_v1
kettle,1453044489000000,1453044607000000,118.0,82.23388888888888,rule_v1
kettle,1453054823000000,1453054931000000,108.0,73.33611111111111,rule_v1
kettle,1453064011000000,1453064130000000,119.0,79.575,rule_v1
kettle,1453103441000000,1453103519000000,78.0,56.84027777777778,rule_v1
kettle,1453104169000000,1453104220000000,51.0,42.018055555555556,rule_v1
kettle,1453114914000000,1453115019000000,105.0,74.4088888888889,rule_v1
kettle,1453116606000000,1453116678000000,72.0,53.85138888888889,rule_v1
kettle,1453121402000000,1453121526000000,124.0,85.92027777777778,rule_v1
kettle,1453136243000000,1453136348000000,105.0,71.87194444444444,rule_v1
kettle,1453147477000000,1453147587000000,110.0,77.14194444444445,rule_v1
kettle,1453191378000000,1453191471000000,93.0,66.64416666666666,rule_v1
kettle,1453228452000000,1453228566000000,114.0,77.9475,rule_v1
kettle,1453236904000000,1453237017000000,113.0,73.47555555555556,rule_v1
kettle,1453276241000000,1453276325000000,84.0,59.6425,rule_v1
kettle,1453276704000000,1453276742000000,38.0,30.048055555555557,rule_v1
kettle,1453304779000000,1453304916000000,137.0,93.99,rule_v1
kettle,1453307198000000,1453307315000000,117.0,81.53277777777778,rule_v1
kettle,1453309624000000,1453309718000000,94.0,65.7611111111111,rule_v1
kettle,1453317997000000,1453318192000000,195.0,131.02416666666667,rule_v1
kettle,1453360412000000,1453360534000000,122.0,85.73083333333334,rule_v1
kettle,1453362989000000,1453363097000000,108.0,71.67972222222222,rule_v1
kettle,1453375808000000,1453375949000000,141.0,98.1275,rule_v1
kettle,1453381672000000,1453381750000000,78.0,59.53138888888889,rule_v1
kettle,1453393827000000,1453394020000000,193.0,130.11166666666668,rule_v1
kettle,1453394274000000,1453394358000000,84.0,60.315,rule_v1
kettle,1453450117000000,1453450246000000,129.0,90.24277777777777,rule_v1
kettle,1453470328000000,1453470451000000,123.0,83.93916666666667,rule_v1
kettle,1453491820000000,1453491970000000,150.0,102.91222222222223,rule_v1
kettle,1453538148000000,1453538232000000,84.0,59.515,rule_v1
kettle,1453540684000000,1453540767000000,83.0,56.60444444444444,rule_v1
kettle,1453553305000000,1453553499000000,194.0,131.20361111111112,rule_v1
kettle,1453553579000000,1453553706000000,127.0,87.52444444444444,rule_v1
kettle,1453563599000000,1453563699000000,100.0,69.62694444444445,rule_v1
kettle,1453570054000000,1453570229000000,175.0,117.58777777777777,rule_v1
kettle,1453627419000000,1453627547000000,128.0,84.61638888888889,rule_v1
kettle,1453640509000000,1453640673000000,164.0,112.97972222222222,rule_v1
kettle,1453641092000000,1453641248000000,156.0,105.61305555555556,rule_v1
kettle,1453643097000000,1453643195000000,98.0,67.78861111111111,rule_v1
kettle,1453708503000000,1453708631000000,128.0,88.80416666666666,rule_v1
kettle,1453713971000000,1453714070000000,99.0,68.44583333333334,rule_v1
kettle,1453718385000000,1453718464000000,79.0,55.69916666666666,rule_v1
kettle,1453736149000000,1453736271000000,122.0,86.37333333333333,rule_v1
kettle,1453738088000000,1453738203000000,115.0,81.13583333333334,rule_v1
kettle,1453741551000000,1453741635000000,84.0,61.0125,rule_v1
kettle,1453750276000000,1453750407000000,131.0,89.20222222222222,rule_v1
kettle,1453794226000000,1453794371000000,145.0,97.62305555555555,rule_v1
kettle,1453802837000000,1453802927000000,90.0,64.39666666666666,rule_v1
kettle,1453827214000000,1453827310000000,96.0,67.67666666666666,rule_v1
kettle,1453831445000000,1453831521000000,76.0,53.598333333333336,rule_v1
kettle,1453879697000000,1453879805000000,108.0,75.605,rule_v1
kettle,1453881551000000,1453881628000000,77.0,54.10111111111111,rule_v1
kettle,1453883985000000,1453884065000000,80.0,56.06916666666667,rule_v1
kettle,1453892416000000,1453892522000000,106.0,74.36333333333333,rule_v1
kettle,1453896422000000,1453896518000000,96.0,64.50111111111111,rule_v1
kettle,1453910800000000,1453910969000000,169.0,114.24583333333334,rule_v1
kettle,1453911755000000,1453911832000000,77.0,58.66166666666667,rule_v1
kettle,1453912934000000,1453913043000000,109.0,79.94416666666666,rule_v1
kettle,1453920069000000,1453920165000000,96.0,68.5125,rule_v1
kettle,1453967084000000,1453967205000000,121.0,84.15722222222222,rule_v1
kettle,1453981824000000,1453981954000000,130.0,91.04555555555555,rule_v1
kettle,1453990941000000,1453991057000000,116.0,85.85916666666667,rule_v1
kettle,1454004259000000,1454004353000000,94.0,66.26472222222222,rule_v1
kettle,1454006137000000,1454006226000000,89.0,62.41833333333334,rule_v1
kettle,1454009370000000,1454009537000000,167.0,114.65916666666666,rule_v1
kettle,1454050711000000,1454050816000000,105.0,73.93388888888889,rule_v1
kettle,1454053602000000,1454053700000000,98.0,66.00833333333334,rule_v1
kettle,1454058890000000,1454058949000000,59.0,44.250277777777775,rule_v1
kettle,1454068229000000,1454068306000000,77.0,54.2225,rule_v1
kettle,1454090994000000,1454091071000000,77.0,53.76305555555555,rule_v1
kettle,1454142757000000,1454142930000000,173.0,116.42972222222222,rule_v1
kettle,1454150476000000,1454150565000000,89.0,64.01861111111111,rule_v1
kettle,1454175005000000,1454175077000000,72.0,54.72888888888889,rule_v1
kettle,1454175211000000,1454175294000000,83.0,57.8125,rule_v1
kettle,1454230647000000,1454230748000000,101.0,71.18472222222222,rule_v1
kettle,1454231463000000,1454231495000000,32.0,24.567222222222224,rule_v1
kettle,1454253710000000,1454253811000000,101.0,70.66555555555556,rule_v1
kettle,1454262311000000,1454262478000000,167.0,116.89472222222223,rule_v1
kettle,1454311812000000,1454311927000000,115.0,82.56777777777778,rule_v1
kettle,1454312897000000,1454312955000000,58.0,43.80972222222222,rule_v1
kettle,1454323573000000,1454323636000000,63.0,46.8475,rule_v1
kettle,1454325664000000,1454325766000000,102.0,70.95416666666667,rule_v1
kettle,1454329592000000,1454329638000000,46.0,33.50055555555556,rule_v1
kettle,1454330550000000,1454330641000000,91.0,61.89138888888889,rule_v1
kettle,1454334254000000,1454334317000000,63.0,48.138333333333335,rule_v1
kettle,1454343454000000,1454343576000000,122.0,90.97833333333334,rule_v1
kettle,1454345767000000,1454345872000000,105.0,70.40527777777778,rule_v1
kettle,1454353951000000,1454354092000000,141.0,96.42194444444445,rule_v1
kettle,1454364453000000,1454364526000000,73.0,51.955,rule_v1
kettle,1454400350000000,1454400440000000,90.0,62.05027777777778,rule_v1
kettle,1454408995000000,1454409090000000,95.0,66.87027777777777,rule_v1
kettle,1454433375000000,1454433513000000,138.0,99.18305555555555,rule_v1
kettle,1454434420000000,1454434460000000,40.0,30.209444444444443,rule_v1
kettle,1454447796000000,1454447891000000,95.0,65.86111111111111,rule_v1
kettle,1454483218000000,1454483288000000,70.0,51.78138888888889,rule_v1
kettle,1454486278000000,1454486388000000,110.0,73.8375,rule_v1
kettle,1454504283000000,1454504401000000,118.0,83.96416666666667,rule_v1
kettle,1454514323000000,1454514559000000,236.0,160.96333333333334,rule_v1
kettle,1454518359000000,1454518469000000,110.0,75.16638888888889,rule_v1
kettle,1454526155000000,1454526214000000,59.0,42.52472222222222,rule_v1
kettle,1454535679000000,1454535742000000,63.0,65.06555555555556,rule_v1
kettle,1454570075000000,1454570163000000,88.0,62.44555555555556,rule_v1
kettle,1454572809000000,1454572883000000,74.0,54.0,rule_v1
kettle,1454585102000000,1454585203000000,101.0,72.43277777777777,rule_v1
kettle,1454602307000000,1454602539000000,232.0,153.31722222222223,rule_v1
kettle,1454609024000000,1454609119000000,95.0,66.93555555555555,rule_v1
kettle,1454659185000000,1454659303000000,118.0,78.24888888888889,rule_v1
kettle,1454678262000000,1454678392000000,130.0,89.10111111111111,rule_v1
kettle,1454692617000000,1454692747000000,130.0,88.32555555555555,rule_v1
kettle,1454695277000000,1454695333000000,56.0,40.6475,rule_v1
kettle,1454746382000000,1454746455000000,73.0,52.7175,rule_v1
kettle,1454749654000000,1454749748000000,94.0,65.14833333333333,rule_v1
kettle,1454761882000000,1454762071000000,189.0,123.51194444444444,rule_v1
kettle,1454762887000000,1454762964000000,77.0,54.47888888888889,rule_v1
kettle,1454766082000000,1454766184000000,102.0,71.00361111111111,rule_v1
kettle,1454833967000000,1454834100000000,133.0,89.49805555555555,rule_v1
kettle,1454837698000000,1454837763000000,65.0,48.151944444444446,rule_v1
kettle,1454848465000000,1454848558000000,93.0,66.23583333333333,rule_v1
kettle,1454917707000000,1454917818000000,111.0,79.11777777777777,rule_v1
kettle,1454926565000000,1454926672000000,107.0,75.57277777777777,rule_v1
kettle,1454929841000000,1454929887000000,46.0,34.32833333333333,rule_v1
kettle,1454937251000000,1454937515000000,264.0,140.32916666666665,rule_v1
kettle,1454949039000000,1454949137000000,98.0,67.96972222222222,rule_v1
kettle,1454950879000000,1454950980000000,101.0,69.16583333333334,rule_v1
kettle,1454965133000000,1454965215000000,82.0,59.87777777777778,rule_v1
kettle,1455001998000000,1455002095000000,97.0,68.7525,rule_v1
kettle,1455005138000000,1455005212000000,74.0,56.305277777777775,rule_v1
kettle,1455013447000000,1455013527000000,80.0,56.57361111111111,rule_v1
kettle,1455018646000000,1455018780000000,134.0,93.93277777777777,rule_v1
kettle,1455020378000000,1455020449000000,71.0,52.335,rule_v1
kettle,1455054644000000,1455054711000000,67.0,46.89833333333333,rule_v1
kettle,1455087897000000,1455087992000000,95.0,66.71777777777778,rule_v1
kettle,1455090804000000,1455090921000000,117.0,82.64833333333333,rule_v1
kettle,1455099406000000,1455099520000000,114.0,79.20027777777777,rule_v1
kettle,1455118742000000,1455118870000000,128.0,92.355,rule_v1
kettle,1455119181000000,1455119270000000,89.0,63.61611111111111,rule_v1
kettle,1455133712000000,1455133783000000,71.0,48.68361111111111,rule_v1
kettle,1455138242000000,1455138319000000,77.0,54.1225,rule_v1
kettle,1455174009000000,1455174073000000,64.0,58.83166666666666,rule_v1
kettle,1455176959000000,1455177056000000,97.0,68.97638888888889,rule_v1
kettle,1455193055000000,1455193167000000,112.0,78.53861111111111,rule_v1
kettle,1455193392000000,1455193442000000,50.0,39.785555555555554,rule_v1
kettle,1455195211000000,1455195287000000,76.0,55.7075,rule_v1
kettle,1455207578000000,1455207774000000,196.0,131.07972222222222,rule_v1
kettle,1455210668000000,1455210752000000,84.0,58.35583333333334,rule_v1
kettle,1455214030000000,1455214102000000,72.0,51.05777777777778,rule_v1
kettle,1455218949000000,1455219040000000,91.0,63.290277777777774,rule_v1
kettle,1455226726000000,1455226795000000,69.0,51.659166666666664,rule_v1
kettle,1455259313000000,1455259428000000,115.0,79.11416666666666,rule_v1
kettle,1455263679000000,1455263735000000,56.0,39.045833333333334,rule_v1
kettle,1455277677000000,1455277791000000,114.0,81.86222222222223,rule_v1
kettle,1455280510000000,1455280596000000,86.0,63.14333333333333,rule_v1
kettle,1455298508000000,1455298604000000,96.0,66.64694444444444,rule_v1
kettle,1455353390000000,1455353527000000,137.0,92.3575,rule_v1
kettle,1455354561000000,1455354648000000,87.0,59.38361111111111,rule_v1
kettle,1455356623000000,1455356705000000,82.0,58.60527777777778,rule_v1
kettle,1455375254000000,1455375389000000,135.0,92.26722222222222,rule_v1
kettle,1455377387000000,1455377445000000,58.0,41.7525,rule_v1
kettle,1455382298000000,1455382357000000,59.0,41.698055555555555,rule_v1
kettle,1455385736000000,1455385943000000,207.0,146.0011111111111,rule_v1
kettle,1455387248000000,1455387286000000,38.0,28.225277777777777,rule_v1
kettle,1455392299000000,1455392479000000,180.0,118.71,rule_v1
kettle,1455437078000000,1455437202000000,124.0,83.33,rule_v1
kettle,1455440587000000,1455440699000000,112.0,77.48833333333333,rule_v1
kettle,1455454005000000,1455454149000000,144.0,101.865,rule_v1
kettle,1455454432000000,1455454515000000,83.0,58.454166666666666,rule_v1
kettle,1455454626000000,1455454716000000,90.0,66.71527777777777,rule_v1
kettle,1455462755000000,1455462861000000,106.0,71.75333333333333,rule_v1
kettle,1455462979000000,1455463025000000,46.0,33.66416666666667,rule_v1
kettle,1455524122000000,1455524248000000,126.0,85.96555555555555,rule_v1
kettle,1455539089000000,1455539284000000,195.0,132.28944444444446,rule_v1
kettle,1455543499000000,1455543609000000,110.0,77.97555555555556,rule_v1
kettle,1455553768000000,1455553853000000,85.0,64.06972222222223,rule_v1
kettle,1455555393000000,1455555630000000,237.0,157.0661111111111,rule_v1
kettle,1455565496000000,1455565580000000,84.0,58.874722222222225,rule_v1
kettle,1455608507000000,1455608618000000,111.0,78.61361111111111,rule_v1
kettle,1455610809000000,1455610886000000,77.0,64.78916666666667,rule_v1
kettle,1455628181000000,1455628317000000,136.0,93.65833333333333,rule_v1
kettle,1455644950000000,1455645054000000,104.0,71.70444444444445,rule_v1
kettle,1455646557000000,1455646651000000,94.0,66.17972222222222,rule_v1
kettle,1455695386000000,1455695496000000,110.0,76.87388888888889,rule_v1
kettle,1455697396000000,1455697590000000,194.0,136.4777777777778,rule_v1
kettle,1455734152000000,1455734245000000,93.0,65.47166666666666,rule_v1
kettle,1455741296000000,1455741445000000,149.0,101.80583333333334,rule_v1
kettle,1455742446000000,1455742527000000,81.0,57.70666666666666,rule_v1
kettle,1455786027000000,1455786138000000,111.0,76.51222222222222,rule_v1
kettle,1455816812000000,1455816899000000,87.0,65.54083333333334,rule_v1
kettle,1455822575000000,1455822745000000,170.0,114.82027777777778,rule_v1
kettle,1455862931000000,1455863030000000,99.0,69.73527777777778,rule_v1
kettle,1456041910000000,1456041995000000,85.0,59.84916666666667,rule_v1
kettle,1456042233000000,1456042306000000,73.0,51.10166666666667,rule_v1
kettle,1456043826000000,1456043871000000,45.0,34.91444444444444,rule_v1
kettle,1456072187000000,1456072355000000,168.0,112.70361111111112,rule_v1
kettle,1456075051000000,1456075223000000,172.0,124.44555555555556,rule_v1
kettle,1456077268000000,1456077338000000,70.0,50.89833333333333,rule_v1
kettle,1456126765000000,1456126908000000,143.0,98.7425,rule_v1
kettle,1456133480000000,1456133544000000,64.0,50.47472222222222,rule_v1
kettle,1456139559000000,1456139644000000,85.0,62.693333333333335,rule_v1
kettle,1456143838000000,1456143928000000,90.0,61.948055555555555,rule_v1
kettle,1456156883000000,1456156997000000,114.0,76.73944444444444,rule_v1
kettle,1456158433000000,1456158601000000,168.0,114.21333333333334,rule_v1
kettle,1456169470000000,1456169635000000,165.0,112.09416666666667,rule_v1
kettle,1456172306000000,1456172398000000,92.0,64.58777777777777,rule_v1
kettle,1456210900000000,1456210997000000,97.0,66.82694444444445,rule_v1
kettle,1456212776000000,1456212881000000,105.0,73.46972222222222,rule_v1
kettle,1456223554000000,1456223695000000,141.0,98.74527777777777,rule_v1
kettle,1456228246000000,1456228384000000,138.0,95.49222222222222,rule_v1
kettle,1456229032000000,1456229100000000,68.0,48.44861111111111,rule_v1
kettle,1456248059000000,1456248175000000,116.0,80.69583333333334,rule_v1
kettle,1456251968000000,1456252065000000,97.0,66.78527777777778,rule_v1
kettle,1456296020000000,1456296138000000,118.0,81.16472222222222,rule_v1
kettle,1456299192000000,1456299296000000,104.0,70.36694444444444,rule_v1
kettle,1456320882000000,1456320957000000,75.0,54.4975,rule_v1
kettle,1456330194000000,1456330413000000,219.0,146.8575,rule_v1
kettle,1456332837000000,1456332926000000,89.0,62.23972222222222,rule_v1
kettle,1456340132000000,1456340221000000,89.0,64.13722222222222,rule_v1
kettle,1456340677000000,1456340804000000,127.0,89.63944444444445,rule_v1
kettle,1456342291000000,1456342337000000,46.0,33.12722222222222,rule_v1
kettle,1456346054000000,1456346123000000,69.0,51.13166666666667,rule_v1
kettle,1456386404000000,1456386545000000,141.0,97.59055555555555,rule_v1
kettle,1456387985000000,1456388032000000,47.0,34.99888888888889,rule_v1
kettle,1456407274000000,1456407374000000,100.0,72.0675,rule_v1
kettle,1456408112000000,1456408175000000,63.0,46.00222222222222,rule_v1
kettle,1456423886000000,1456423976000000,90.0,71.14444444444445,rule_v1
kettle,1456425689000000,1456425766000000,77.0,58.034166666666664,rule_v1
kettle,1456426288000000,1456426320000000,32.0,23.415555555555557,rule_v1
kettle,1456431433000000,1456431538000000,105.0,72.23916666666666,rule_v1
kettle,1456473336000000,1456473476000000,140.0,119.36138888888888,rule_v1
kettle,1456487709000000,1456487807000000,98.0,68.10777777777778,rule_v1
kettle,1456510290000000,1456510420000000,130.0,89.08444444444444,rule_v1
kettle,1456561472000000,1456561611000000,139.0,96.28694444444444,rule_v1
kettle,1456589999000000,1456590171000000,172.0,116.4713888888889,rule_v1
kettle,1456596523000000,1456596609000000,86.0,58.215555555555554,rule_v1
kettle,1456597770000000,1456597847000000,77.0,56.0625,rule_v1
kettle,1456646492000000,1456646604000000,112.0,78.30111111111111,rule_v1
kettle,1456670849000000,1456670959000000,110.0,78.14694444444444,rule_v1
kettle,1456676791000000,1456676848000000,57.0,53.221666666666664,rule_v1
kettle,1456679105000000,1456679144000000,39.0,30.691944444444445,rule_v1
kettle,1456688053000000,1456688209000000,156.0,118.91277777777778,rule_v1
kettle,1456774400000000,1456774536000000,136.0,93.53666666666666,rule_v1
kettle,1456775672000000,1456775769000000,97.0,68.8625,rule_v1
kettle,1456814311000000,1456814412000000,101.0,68.68638888888889,rule_v1
kettle,1456818116000000,1456818211000000,95.0,65.06666666666666,rule_v1
kettle,1456819010000000,1456819042000000,32.0,23.913333333333334,rule_v1
kettle,1456851102000000,1456851344000000,242.0,162.46166666666667,rule_v1
kettle,1456860386000000,1456860496000000,110.0,75.0825,rule_v1
kettle,1456903000000000,1456903071000000,71.0,50.77722222222222,rule_v1
kettle,1456942094000000,1456942225000000,131.0,89.20611111111111,rule_v1
kettle,1456947823000000,1456947899000000,76.0,54.30777777777778,rule_v1
kettle,1456953223000000,1456953304000000,81.0,58.54555555555555,rule_v1
kettle,1456989822000000,1456989934000000,112.0,78.87305555555555,rule_v1
kettle,1456991424000000,1456991482000000,58.0,42.341388888888886,rule_v1
kettle,1457020945000000,1457021038000000,93.0,65.01805555555555,rule_v1
kettle,1457075599000000,1457075709000000,110.0,72.50555555555556,rule_v1
kettle,1457077115000000,1457077162000000,47.0,34.28333333333333,rule_v1
kettle,1457098122000000,1457098239000000,117.0,80.75416666666666,rule_v1
kettle,1457099925000000,1457099970000000,45.0,33.056111111111115,rule_v1
kettle,1457111000000000,1457111110000000,110.0,73.9563888888889,rule_v1
kettle,1457112394000000,1457112473000000,79.0,56.72972222222222,rule_v1
kettle,1457122552000000,1457122647000000,95.0,66.77,rule_v1
kettle,1457164420000000,1457164555000000,135.0,90.81444444444445,rule_v1
kettle,1457168344000000,1457168408000000,64.0,45.5725,rule_v1
kettle,1457175484000000,1457175561000000,77.0,56.00472222222222,rule_v1
kettle,1457191521000000,1457191613000000,92.0,65.71222222222222,rule_v1
kettle,1457202539000000,1457202604000000,65.0,48.4375,rule_v1
kettle,1457204071000000,1457204141000000,70.0,52.246944444444445,rule_v1
kettle,1457250602000000,1457250712000000,110.0,75.66,rule_v1
kettle,1457286441000000,1457286564000000,123.0,84.04,rule_v1
kettle,1457337183000000,1457337266000000,83.0,56.87,rule_v1
kettle,1457375167000000,1457375270000000,103.0,70.915,rule_v1
kettle,1457381001000000,1457381135000000,134.0,90.4811111111111,rule_v1
kettle,1457383535000000,1457383606000000,71.0,48.83083333333333,rule_v1
kettle,1457423358000000,1457423507000000,149.0,101.925,rule_v1
kettle,1457448067000000,1457448220000000,153.0,105.23583333333333,rule_v1
kettle,1457454158000000,1457454297000000,139.0,94.13472222222222,rule_v1
kettle,1457472587000000,1457472645000000,58.0,42.34027777777778,rule_v1
kettle,1457509659000000,1457509768000000,109.0,73.75722222222223,rule_v1
kettle,1457530123000000,1457530215000000,92.0,65.56583333333333,rule_v1
kettle,1457540446000000,1457540539000000,93.0,68.19722222222222,rule_v1
kettle,1457542912000000,1457543085000000,173.0,118.35416666666667,rule_v1
kettle,1457552108000000,1457552257000000,149.0,102.90388888888889,rule_v1
kettle,1457594788000000,1457594877000000,89.0,64.495,rule_v1
kettle,1457595698000000,1457595780000000,82.0,58.25611111111111,rule_v1
kettle,1457634918000000,1457635006000000,88.0,65.8525,rule_v1
kettle,1457682284000000,1457682398000000,114.0,79.65083333333334,rule_v1
kettle,1457697171000000,1457697280000000,109.0,76.94083333333333,rule_v1
kettle,1457697989000000,1457698054000000,65.0,47.12083333333333,rule_v1
kettle,1457716513000000,1457716604000000,91.0,63.94777777777778,rule_v1
kettle,1457722496000000,1457722580000000,84.0,59.18333333333333,rule_v1
kettle,1457773847000000,1457773965000000,118.0,81.53222222222222,rule_v1
kettle,1457775349000000,1457775429000000,80.0,55.20444444444445,rule_v1
kettle,1457790716000000,1457790810000000,94.0,66.275,rule_v1
kettle,1457800361000000,1457800443000000,82.0,59.07833333333333,rule_v1
kettle,1457802533000000,1457802688000000,155.0,106.85138888888889,rule_v1
kettle,1457803144000000,1457803221000000,77.0,53.87694444444445,rule_v1
kettle,1457811741000000,1457811848000000,107.0,81.56333333333333,rule_v1
kettle,1457812390000000,1457812434000000,44.0,37.541111111111114,rule_v1
kettle,1457857522000000,1457857604000000,82.0,57.55777777777778,rule_v1
kettle,1457859524000000,1457859611000000,87.0,65.23305555555555,rule_v1
kettle,1457887612000000,1457887713000000,101.0,71.71833333333333,rule_v1
kettle,1457889224000000,1457889295000000,71.0,51.526666666666664,rule_v1
kettle,1457890437000000,1457890477000000,40.0,30.523888888888887,rule_v1
kettle,1457897671000000,1457897794000000,123.0,84.88666666666667,rule_v1
kettle,1457897868000000,1457897932000000,64.0,53.60638888888889,rule_v1
kettle,1457898050000000,1457898139000000,89.0,64.69111111111111,rule_v1
kettle,1457942655000000,1457942767000000,112.0,78.27416666666667,rule_v1
kettle,1457954261000000,1457954382000000,121.0,85.5075,rule_v1
kettle,1457974373000000,1457974504000000,131.0,91.45388888888888,rule_v1
kettle,1457980685000000,1457980764000000,79.0,59.75555555555555,rule_v1
kettle,1457983555000000,1457983655000000,100.0,72.77555555555556,rule_v1
kettle,1457989176000000,1457989262000000,86.0,61.23444444444444,rule_v1
kettle,1458026317000000,1458026466000000,149.0,101.29305555555555,rule_v1
kettle,1458027081000000,1458027114000000,33.0,25.95638888888889,rule_v1
kettle,1458037810000000,1458037923000000,113.0,79.75444444444445,rule_v1
kettle,1458053739000000,1458053842000000,103.0,71.45805555555556,rule_v1
kettle,1458058117000000,1458058267000000,150.0,101.59333333333333,rule_v1
kettle,1458058800000000,1458058832000000,32.0,25.04888888888889,rule_v1
kettle,1458062060000000,1458062190000000,130.0,88.56083333333333,rule_v1
kettle,1458073059000000,1458073121000000,62.0,45.05444444444444,rule_v1
kettle,1458111374000000,1458111459000000,85.0,60.20583333333333,rule_v1
kettle,1458114906000000,1458115025000000,119.0,83.40583333333333,rule_v1
kettle,1458123910000000,1458123994000000,84.0,60.72694444444444,rule_v1
kettle,1458159288000000,1458159419000000,131.0,89.64694444444444,rule_v1
kettle,1458162645000000,1458162710000000,65.0,48.275,rule_v1
kettle,1458200851000000,1458200948000000,97.0,71.61277777777778,rule_v1
kettle,1458231420000000,1458231500000000,80.0,62.321666666666665,rule_v1
kettle,1458238730000000,1458238817000000,87.0,60.27444444444444,rule_v1
kettle,1458247501000000,1458247591000000,90.0,63.716944444444444,rule_v1
kettle,1458285993000000,1458286137000000,144.0,96.72944444444444,rule_v1
kettle,1458287195000000,1458287243000000,48.0,35.56805555555555,rule_v1
kettle,1458308236000000,1458308353000000,117.0,82.90722222222222,rule_v1
kettle,1458323775000000,1458323851000000,76.0,55.45166666666667,rule_v1
kettle,1458374034000000,1458374126000000,92.0,65.23694444444445,rule_v1
kettle,1458378218000000,1458378288000000,70.0,49.86194444444445,rule_v1
kettle,1458388970000000,1458389047000000,77.0,56.285833333333336,rule_v1
kettle,1458462539000000,1458462660000000,121.0,86.37305555555555,rule_v1
kettle,1458492999000000,1458493101000000,102.0,70.08194444444445,rule_v1
kettle,1458494845000000,1458495014000000,169.0,111.61777777777777,rule_v1
kettle,1458497853000000,1458497933000000,80.0,55.356944444444444,rule_v1
kettle,1458540828000000,1458540905000000,77.0,57.2875,rule_v1
kettle,1458546784000000,1458546907000000,123.0,81.71138888888889,rule_v1
kettle,1458589574000000,1458589777000000,203.0,136.60611111111112,rule_v1
kettle,1458590779000000,1458590856000000,77.0,54.42777777777778,rule_v1
kettle,1458631408000000,1458631519000000,111.0,76.84277777777778,rule_v1
kettle,1458632532000000,1458632564000000,32.0,24.780833333333334,rule_v1
kettle,1458638275000000,1458638353000000,78.0,54.906666666666666,rule_v1
kettle,1458652522000000,1458652574000000,52.0,39.50666666666667,rule_v1
kettle,1458664698000000,1458665016000000,318.0,210.2325,rule_v1
kettle,1458669904000000,1458670000000000,96.0,67.37916666666666,rule_v1
kettle,1458676029000000,1458676130000000,101.0,71.13916666666667,rule_v1
kettle,1458715872000000,1458715955000000,83.0,54.886388888888895,rule_v1
kettle,1458718860000000,1458718958000000,98.0,67.96555555555555,rule_v1
kettle,1458723921000000,1458723968000000,47.0,39.992777777777775,rule_v1
kettle,1458751609000000,1458751772000000,163.0,112.46666666666667,rule_v1
kettle,1458802002000000,1458802112000000,110.0,75.7538888888889,rule_v1
kettle,1458806648000000,1458806715000000,67.0,48.73416666666667,rule_v1
kettle,1458807007000000,1458807153000000,146.0,100.24138888888889,rule_v1
kettle,1458809614000000,1458809672000000,58.0,41.98583333333333,rule_v1
kettle,1458811547000000,1458811622000000,75.0,58.55361111111111,rule_v1
kettle,1458818284000000,1458818365000000,81.0,58.3375,rule_v1
kettle,1458826315000000,1458826457000000,142.0,100.65583333333333,rule_v1
kettle,1458843001000000,1458843177000000,176.0,120.41722222222222,rule_v1
kettle,1458847941000000,1458848076000000,135.0,91.3125,rule_v1
kettle,1458891268000000,1458891392000000,124.0,88.58638888888889,rule_v1
kettle,1459235742000000,1459235870000000,128.0,87.66222222222223,rule_v1
kettle,1459237066000000,1459237140000000,74.0,51.711666666666666,rule_v1
kettle,1459246896000000,1459246991000000,95.0,65.93333333333334,rule_v1
kettle,1459248419000000,1459248496000000,77.0,56.21944444444444,rule_v1
kettle,1459256369000000,1459256481000000,112.0,77.33611111111111,rule_v1
kettle,1459267993000000,1459268225000000,232.0,126.88527777777779,rule_v1
kettle,1459268878000000,1459268994000000,116.0,81.98638888888888,rule_v1
kettle,1459270285000000,1459270324000000,39.0,29.151944444444446,rule_v1
kettle,1459271430000000,1459271470000000,40.0,29.558055555555555,rule_v1
kettle,1459275100000000,1459275293000000,193.0,127.92361111111111,rule_v1
kettle,1459277383000000,1459277453000000,70.0,50.00416666666667,rule_v1
kettle,1459322492000000,1459322580000000,88.0,62.41638888888889,rule_v1
kettle,1459324609000000,1459324717000000,108.0,74.15916666666666,rule_v1
kettle,1459324986000000,1459325023000000,37.0,29.725555555555555,rule_v1
kettle,1459331563000000,1459331616000000,53.0,39.82666666666667,rule_v1
kettle,1459337304000000,1459337472000000,168.0,123.11527777777778,rule_v1
kettle,1459338621000000,1459338690000000,69.0,50.30416666666667,rule_v1
kettle,1459348837000000,1459348944000000,107.0,74.41527777777777,rule_v1
kettle,1459351757000000,1459351841000000,84.0,60.52111111111111,rule_v1
kettle,1459357389000000,1459357447000000,58.0,42.331944444444446,rule_v1
kettle,1459409923000000,1459410072000000,149.0,100.58222222222223,rule_v1
kettle,1459435663000000,1459435771000000,108.0,76.22638888888889,rule_v1
kettle,1459446432000000,1459446510000000,78.0,55.8025,rule_v1
kettle,1459449010000000,1459449246000000,236.0,156.17833333333334,rule_v1
kettle,1459479292000000,1459479387000000,95.0,68.72222222222223,rule_v1
kettle,1459494545000000,1459494667000000,122.0,84.39222222222222,rule_v1
kettle,1459495217000000,1459495275000000,58.0,46.575,rule_v1
kettle,1459519474000000,1459519609000000,135.0,98.94611111111111,rule_v1
kettle,1459527787000000,1459527977000000,190.0,129.11944444444444,rule_v1
kettle,1459530103000000,1459530148000000,45.0,46.166666666666664,rule_v1
kettle,1459538812000000,1459538923000000,111.0,75.30305555555556,rule_v1
kettle,1459577921000000,1459578118000000,197.0,132.35361111111112,rule_v1
kettle,1459580001000000,1459580089000000,88.0,62.39694444444444,rule_v1
kettle,1459583896000000,1459584032000000,136.0,95.70388888888888,rule_v1
kettle,1459586822000000,1459586905000000,83.0,57.51888888888889,rule_v1
kettle,1459596304000000,1459596423000000,119.0,83.63972222222222,rule_v1
kettle,1459600992000000,1459601154000000,162.0,109.44194444444445,rule_v1
kettle,1459613190000000,1459613373000000,183.0,126.45777777777778,rule_v1
kettle,1459613466000000,1459613573000000,107.0,74.43138888888889,rule_v1
kettle,1459666733000000,1459666929000000,196.0,131.80333333333334,rule_v1
kettle,1459668984000000,1459669066000000,82.0,58.58444444444444,rule_v1
kettle,1459673115000000,1459673207000000,92.0,65.56888888888889,rule_v1
kettle,1459682266000000,1459682378000000,112.0,76.96694444444445,rule_v1
kettle,1459690159000000,1459690294000000,135.0,91.45777777777778,rule_v1
kettle,1459697288000000,1459697396000000,108.0,74.37,rule_v1
kettle,1459699823000000,1459700002000000,179.0,120.36222222222223,rule_v1
kettle,1459708579000000,1459708741000000,162.0,109.22777777777777,rule_v1
kettle,1459752580000000,1459752668000000,88.0,61.327777777777776,rule_v1
kettle,1459753077000000,1459753152000000,75.0,56.68611111111112,rule_v1
kettle,1459755462000000,1459755507000000,45.0,34.49111111111111,rule_v1
kettle,1459762197000000,1459762267000000,70.0,49.78111111111111,rule_v1
kettle,1459773869000000,1459773969000000,100.0,66.54333333333334,rule_v1
kettle,1459776218000000,1459776303000000,85.0,60.80777777777778,rule_v1
kettle,1459781260000000,1459781340000000,80.0,54.58083333333333,rule_v1
kettle,1459788725000000,1459788843000000,118.0,80.52388888888889,rule_v1
kettle,1459795652000000,1459795819000000,167.0,115.9263888888889,rule_v1
kettle,1459837533000000,1459837641000000,108.0,73.7388888888889,rule_v1
kettle,1459853981000000,1459854080000000,99.0,73.40277777777777,rule_v1
kettle,1459871632000000,1459871818000000,186.0,126.30805555555555,rule_v1
kettle,1459875017000000,1459875100000000,83.0,59.460277777777776,rule_v1
kettle,1459883008000000,1459883123000000,115.0,79.47527777777778,rule_v1
kettle,1459926944000000,1459927125000000,181.0,95.9538888888889,rule_v1
kettle,1459953013000000,1459953142000000,129.0,87.88416666666667,rule_v1
kettle,1459955969000000,1459956027000000,58.0,41.82861111111111,rule_v1
kettle,1460220810000000,1460221045000000,235.0,159.18416666666667,rule_v1
kettle,1460224105000000,1460224182000000,77.0,54.035,rule_v1
kettle,1460273767000000,1460273886000000,119.0,80.82638888888889,rule_v1
kettle,1460274432000000,1460274521000000,89.0,46.3125,rule_v1
kettle,1460276764000000,1460276873000000,109.0,76.14555555555556,rule_v1
kettle,1460286251000000,1460286344000000,93.0,63.41138888888889,rule_v1
kettle,1460307763000000,1460307898000000,135.0,89.40694444444445,rule_v1
kettle,1460314576000000,1460314673000000,97.0,66.71083333333333,rule_v1
kettle,1460354842000000,1460354932000000,90.0,63.780833333333334,rule_v1
kettle,1460358322000000,1460358419000000,97.0,67.74666666666667,rule_v1
kettle,1460392049000000,1460392128000000,79.0,57.36944444444445,rule_v1
kettle,1460401257000000,1460401308000000,51.0,37.12722222222222,rule_v1
kettle,1460403991000000,1460404093000000,102.0,69.6975,rule_v1
kettle,1460443892000000,1460444027000000,135.0,94.02583333333334,rule_v1
kettle,1460475094000000,1460475308000000,214.0,146.44,rule_v1
kettle,1460480525000000,1460480603000000,78.0,55.672222222222224,rule_v1
kettle,1460531298000000,1460531447000000,149.0,101.6075,rule_v1
kettle,1460535288000000,1460535349000000,61.0,46.75361111111111,rule_v1
kettle,1460536640000000,1460536711000000,71.0,67.3025,rule_v1
kettle,1460615022000000,1460615171000000,149.0,112.8025,rule_v1
kettle,1460617837000000,1460617900000000,63.0,46.93861111111111,rule_v1
kettle,1460658577000000,1460658694000000,117.0,79.16555555555556,rule_v1
kettle,1460703603000000,1460703745000000,142.0,96.26361111111112,rule_v1
kettle,1460708522000000,1460708578000000,56.0,41.70111111111111,rule_v1
kettle,1460726569000000,1460726638000000,69.0,49.586666666666666,rule_v1
kettle,1460739840000000,1460739912000000,72.0,51.674166666666665,rule_v1
kettle,1460743195000000,1460743335000000,140.0,97.95833333333333,rule_v1
kettle,1460745787000000,1460745904000000,117.0,79.31027777777778,rule_v1
kettle,1460792247000000,1460792344000000,97.0,66.09805555555556,rule_v1
kettle,1460794291000000,1460794373000000,82.0,56.64472222222222,rule_v1
kettle,1460799355000000,1460799440000000,85.0,59.92472222222222,rule_v1
kettle,1460806242000000,1460806423000000,181.0,123.77055555555556,rule_v1
kettle,1460808065000000,1460808176000000,111.0,79.32388888888889,rule_v1
kettle,1460823458000000,1460823562000000,104.0,71.12027777777777,rule_v1
kettle,1460824517000000,1460824631000000,114.0,79.49638888888889,rule_v1
kettle,1460877025000000,1460877122000000,97.0,66.66,rule_v1
kettle,1460879916000000,1460879974000000,58.0,44.839166666666664,rule_v1
kettle,1460892923000000,1460893012000000,89.0,61.173611111111114,rule_v1
kettle,1460899957000000,1460900058000000,101.0,69.47611111111111,rule_v1
kettle,1460903302000000,1460903390000000,88.0,61.751666666666665,rule_v1
kettle,1460907599000000,1460907656000000,57.0,41.49611111111111,rule_v1
kettle,1460961713000000,1460961808000000,95.0,65.73333333333333,rule_v1
kettle,1460963349000000,1460963453000000,104.0,71.8725,rule_v1
kettle,1460996826000000,1460996914000000,88.0,62.46861111111111,rule_v1
kettle,1461003817000000,1461003938000000,121.0,82.68027777777777,rule_v1
kettle,1461046326000000,1461046416000000,90.0,67.55055555555556,rule_v1
kettle,1461049134000000,1461049218000000,84.0,58.835,rule_v1
kettle,1461079484000000,1461079787000000,303.0,203.3111111111111,rule_v1
kettle,1461086692000000,1461086789000000,97.0,66.62416666666667,rule_v1
kettle,1461130231000000,1461130314000000,83.0,59.525,rule_v1
kettle,1461135882000000,1461135978000000,96.0,66.99638888888889,rule_v1
kettle,1461172719000000,1461172808000000,89.0,62.77305555555556,rule_v1
kettle,1461181495000000,1461181604000000,109.0,76.0975,rule_v1
kettle,1461219337000000,1461219409000000,72.0,52.19138888888889,rule_v1
kettle,1461221926000000,1461222012000000,86.0,59.044444444444444,rule_v1
kettle,1461234043000000,1461234143000000,100.0,70.73583333333333,rule_v1
kettle,1461238806000000,1461238915000000,109.0,76.38555555555556,rule_v1
kettle,1461241063000000,1461241108000000,45.0,34.51083333333333,rule_v1
kettle,1461263534000000,1461263687000000,153.0,102.15805555555555,rule_v1
kettle,1461263782000000,1461263863000000,81.0,57.0325,rule_v1
kettle,1461307195000000,1461307317000000,122.0,85.05638888888889,rule_v1
kettle,1461308948000000,1461309026000000,78.0,54.849444444444444,rule_v1
kettle,1461319446000000,1461319561000000,115.0,78.25,rule_v1
kettle,1461322179000000,1461322256000000,77.0,54.62416666666667,rule_v1
kettle,1461353649000000,1461353739000000,90.0,63.33083333333333,rule_v1
kettle,1461354256000000,1461354379000000,123.0,85.2825,rule_v1
kettle,1461396943000000,1461397106000000,163.0,111.42861111111111,rule_v1
kettle,1461485995000000,1461486112000000,117.0,80.79888888888888,rule_v1
kettle,1461505307000000,1461505449000000,142.0,99.125,rule_v1
kettle,1461515486000000,1461515626000000,140.0,94.86638888888889,rule_v1
kettle,1461522847000000,1461522917000000,70.0,50.084722222222226,rule_v1
kettle,1461565498000000,1461565589000000,91.0,61.77722222222222,rule_v1
kettle,1461568204000000,1461568313000000,109.0,75.51333333333334,rule_v1
kettle,1461600875000000,1461600958000000,83.0,59.93861111111111,rule_v1
kettle,1461608603000000,1461608772000000,169.0,119.46138888888889,rule_v1
kettle,1461610436000000,1461610562000000,126.0,84.14916666666667,rule_v1
kettle,1461650648000000,1461650734000000,86.0,61.625277777777775,rule_v1
kettle,1461653840000000,1461653939000000,99.0,68.19916666666667,rule_v1
kettle,1461690426000000,1461690510000000,84.0,61.19916666666666,rule_v1
kettle,1461691212000000,1461691244000000,32.0,24.932777777777776,rule_v1
kettle,1461697755000000,1461697904000000,149.0,101.14861111111111,rule_v1
kettle,1461737453000000,1461737550000000,97.0,72.74833333333333,rule_v1
kettle,1461739124000000,1461739235000000,111.0,76.78944444444444,rule_v1
kettle,1461777025000000,1461777116000000,91.0,90.0725,rule_v1
kettle,1461826554000000,1461826646000000,92.0,64.13583333333334,rule_v1
kettle,1461831807000000,1461831895000000,88.0,62.952222222222225,rule_v1
kettle,1461834576000000,1461834634000000,58.0,41.715,rule_v1
kettle,1461846158000000,1461846289000000,131.0,91.98722222222223,rule_v1
kettle,1461868457000000,1461868559000000,102.0,72.16888888888889,rule_v1
kettle,1461872366000000,1461872545000000,179.0,122.17472222222223,rule_v1
kettle,1461911222000000,1461911336000000,114.0,79.68111111111111,rule_v1
kettle,1461929789000000,1461929888000000,99.0,71.55666666666667,rule_v1
kettle,1461939867000000,1461939970000000,103.0,74.81138888888889,rule_v1
kettle,1461951872000000,1461951945000000,73.0,51.919444444444444,rule_v1
kettle,1462000049000000,1462000184000000,135.0,89.085,rule_v1
kettle,1462003495000000,1462003631000000,136.0,91.36222222222223,rule_v1
kettle,1462016492000000,1462016595000000,103.0,74.2525,rule_v1
kettle,1462034764000000,1462034944000000,180.0,121.45805555555556,rule_v1
kettle,1462035786000000,1462035876000000,90.0,64.38055555555556,rule_v1
kettle,1462048055000000,1462048146000000,91.0,56.29694444444445,rule_v1
kettle,1462087850000000,1462087991000000,141.0,98.53,rule_v1
kettle,1462093245000000,1462093336000000,91.0,62.415277777777774,rule_v1
kettle,1462094581000000,1462094672000000,91.0,63.573055555555555,rule_v1
kettle,1462177426000000,1462177535000000,109.0,74.84055555555555,rule_v1
kettle,1462202664000000,1462202797000000,133.0,91.41277777777778,rule_v1
kettle,1462203662000000,1462203888000000,226.0,153.37416666666667,rule_v1
kettle,1462254569000000,1462254664000000,95.0,64.96083333333333,rule_v1
kettle,1462258199000000,1462258275000000,76.0,56.37888888888889,rule_v1
kettle,1462258924000000,1462258956000000,32.0,24.999166666666667,rule_v1
kettle,1462290641000000,1462290773000000,132.0,91.85833333333333,rule_v1
kettle,1462296949000000,1462297038000000,89.0,62.916111111111114,rule_v1
kettle,1462297791000000,1462297868000000,77.0,58.680277777777775,rule_v1
kettle,1462344702000000,1462344837000000,135.0,91.35805555555555,rule_v1
kettle,1462377316000000,1462377447000000,131.0,91.59916666666666,rule_v1
kettle,1462387995000000,1462388081000000,86.0,60.051944444444445,rule_v1
kettle,1462388166000000,1462388223000000,57.0,41.260555555555555,rule_v1
kettle,1462389295000000,1462389331000000,36.0,26.90111111111111,rule_v1
kettle,1462395541000000,1462395609000000,68.0,49.18083333333333,rule_v1
kettle,1462428723000000,1462428854000000,131.0,91.61,rule_v1
kettle,1462431889000000,1462431979000000,90.0,63.968333333333334,rule_v1
kettle,1462467398000000,1462467468000000,70.0,49.0075,rule_v1
kettle,1462467731000000,1462467802000000,71.0,48.54833333333333,rule_v1
kettle,1462467959000000,1462468060000000,101.0,70.35888888888888,rule_v1
kettle,1462468782000000,1462468839000000,57.0,42.35388888888889,rule_v1
kettle,1462471976000000,1462472086000000,110.0,78.31416666666667,rule_v1
kettle,1462475350000000,1462475416000000,66.0,46.81388888888889,rule_v1
kettle,1462516634000000,1462516758000000,124.0,85.55277777777778,rule_v1
kettle,1462517184000000,1462517273000000,89.0,60.410555555555554,rule_v1
kettle,1462559380000000,1462559486000000,106.0,75.27388888888889,rule_v1
kettle,1462601152000000,1462601230000000,78.0,54.17944444444444,rule_v1
kettle,1462605366000000,1462605459000000,93.0,64.5363888888889,rule_v1
kettle,1462606413000000,1462606505000000,92.0,63.90416666666667,rule_v1
kettle,1462612136000000,1462612214000000,78.0,51.66638888888889,rule_v1
kettle,1462620025000000,1462620125000000,100.0,67.93666666666667,rule_v1
kettle,1462628020000000,1462628104000000,84.0,59.19277777777778,rule_v1
kettle,1462638364000000,1462638506000000,142.0,96.5325,rule_v1
kettle,1462638748000000,1462638833000000,85.0,61.341944444444444,rule_v1
kettle,1462640088000000,1462640146000000,58.0,41.925555555555555,rule_v1
kettle,1462644411000000,1462644509000000,98.0,66.865,rule_v1
kettle,1462694136000000,1462694253000000,117.0,83.11666666666666,rule_v1
kettle,1462696345000000,1462696396000000,51.0,37.354166666666664,rule_v1
kettle,1462700047000000,1462700118000000,71.0,49.95,rule_v1
kettle,1462706740000000,1462706840000000,100.0,69.16388888888889,rule_v1
kettle,1462710309000000,1462710355000000,46.0,35.38916666666667,rule_v1
kettle,1462719259000000,1462719342000000,83.0,58.695277777777775,rule_v1
kettle,1462735065000000,1462735156000000,91.0,63.66388888888889,rule_v1
kettle,1462773763000000,1462773855000000,92.0,66.06722222222223,rule_v1
kettle,1462777678000000,1462777763000000,85.0,59.15888888888889,rule_v1
kettle,1462807579000000,1462807672000000,93.0,65.14666666666666,rule_v1
kettle,1462819523000000,1462819610000000,87.0,58.10111111111111,rule_v1
kettle,1462862305000000,1462862410000000,105.0,73.01444444444445,rule_v1
kettle,1462863016000000,1462863063000000,47.0,34.91416666666667,rule_v1
kettle,1462874020000000,1462874092000000,72.0,52.14611111111111,rule_v1
kettle,1462877437000000,1462877585000000,148.0,103.11416666666666,rule_v1
kettle,1462880570000000,1462880657000000,87.0,62.40888888888889,rule_v1
kettle,1462894106000000,1462894210000000,104.0,73.4113888888889,rule_v1
kettle,1462900923000000,1462901002000000,79.0,56.778333333333336,rule_v1
kettle,1462946500000000,1462946604000000,104.0,72.39111111111112,rule_v1
kettle,1462949977000000,1462950075000000,98.0,67.40277777777777,rule_v1
kettle,1462962426000000,1462962543000000,117.0,80.88583333333334,rule_v1
kettle,1462973765000000,1462973880000000,115.0,78.5261111111111,rule_v1
kettle,1462981834000000,1462981951000000,117.0,80.19194444444445,rule_v1
kettle,1463026512000000,1463026602000000,90.0,64.0425,rule_v1
kettle,1463035262000000,1463035390000000,128.0,85.41694444444444,rule_v1
kettle,1463062517000000,1463062677000000,160.0,110.42305555555555,rule_v1
kettle,1463073538000000,1463073664000000,126.0,86.84777777777778,rule_v1
kettle,1463078412000000,1463078517000000,105.0,71.3875,rule_v1
kettle,1463079506000000,1463079539000000,33.0,26.88388888888889,rule_v1
kettle,1463079615000000,1463079661000000,46.0,30.361944444444443,rule_v1
kettle,1463122657000000,1463122765000000,108.0,74.40333333333334,rule_v1
kettle,1463132637000000,1463132732000000,95.0,65.93666666666667,rule_v1
kettle,1463136518000000,1463136781000000,263.0,150.58527777777778,rule_v1
kettle,1463138834000000,1463138902000000,68.0,49.25944444444445,rule_v1
kettle,1463381186000000,1463381272000000,86.0,60.81027777777778,rule_v1
kettle,1463382135000000,1463382167000000,32.0,26.043055555555554,rule_v1
kettle,1463468048000000,1463468153000000,105.0,75.07305555555556,rule_v1
kettle,1463503331000000,1463503490000000,159.0,117.79194444444444,rule_v1
kettle,1463552735000000,1463552869000000,134.0,91.83722222222222,rule_v1
kettle,1463553758000000,1463553848000000,90.0,63.75416666666667,rule_v1
kettle,1463600963000000,1463601154000000,191.0,130.7375,rule_v1
kettle,1463638342000000,1463638464000000,122.0,84.70694444444445,rule_v1
kettle,1463640452000000,1463640536000000,84.0,56.71222222222222,rule_v1
kettle,1463674749000000,1463674833000000,84.0,61.24861111111111,rule_v1
kettle,1463721018000000,1463721114000000,96.0,67.6225,rule_v1
kettle,1463727090000000,1463727240000000,150.0,100.96027777777778,rule_v1
kettle,1463728456000000,1463728496000000,40.0,29.936944444444446,rule_v1
kettle,1463731249000000,1463731313000000,64.0,45.507777777777775,rule_v1
kettle,1463742637000000,1463742714000000,77.0,54.713055555555556,rule_v1
kettle,1463749137000000,1463749241000000,104.0,72.70444444444445,rule_v1
kettle,1463771770000000,1463771907000000,137.0,94.25055555555555,rule_v1
kettle,1463803314000000,1463803449000000,135.0,93.43888888888888,rule_v1
kettle,1463815074000000,1463815158000000,84.0,62.52361111111111,rule_v1
kettle,1463829181000000,1463829259000000,78.0,54.176944444444445,rule_v1
kettle,1463849749000000,1463849857000000,108.0,74.56055555555555,rule_v1
kettle,1463901738000000,1463901816000000,78.0,55.268055555555556,rule_v1
kettle,1463914887000000,1463914964000000,77.0,55.05833333333333,rule_v1
kettle,1463933761000000,1463933882000000,121.0,86.44555555555556,rule_v1
kettle,1463935568000000,1463935690000000,122.0,90.21638888888889,rule_v1
kettle,1463983848000000,1463983938000000,90.0,63.33888888888889,rule_v1
kettle,1464000818000000,1464000895000000,77.0,55.77194444444444,rule_v1
kettle,1464005468000000,1464005526000000,58.0,44.091944444444444,rule_v1
kettle,1464019772000000,1464019864000000,92.0,65.46166666666667,rule_v1
kettle,1464070166000000,1464070259000000,93.0,66.2238888888889,rule_v1
kettle,1464110056000000,1464110155000000,99.0,69.61305555555556,rule_v1
kettle,1464115487000000,1464115585000000,98.0,68.52722222222222,rule_v1
kettle,1464156205000000,1464156312000000,107.0,73.70777777777778,rule_v1
kettle,1464188066000000,1464188270000000,204.0,139.88583333333332,rule_v1
kettle,1464241752000000,1464241836000000,84.0,60.065,rule_v1
kettle,1464241923000000,1464241955000000,32.0,24.849722222222223,rule_v1
kettle,1464245280000000,1464245360000000,80.0,56.753055555555555,rule_v1
kettle,1464284017000000,1464284135000000,118.0,82.82388888888889,rule_v1
kettle,1464284569000000,1464284690000000,121.0,85.435,rule_v1
kettle,1464288601000000,1464288757000000,156.0,105.96861111111112,rule_v1
kettle,1464290885000000,1464290961000000,76.0,55.403333333333336,rule_v1
kettle,1464329530000000,1464329659000000,129.0,91.12805555555556,rule_v1
kettle,1465020377000000,1465020486000000,109.0,76.27722222222222,rule_v1
kettle,1465020573000000,1465020624000000,51.0,37.34388888888889,rule_v1
kettle,1465071535000000,1465071663000000,128.0,86.39361111111111,rule_v1
kettle,1465113756000000,1465113877000000,121.0,82.5338888888889,rule_v1
kettle,1465127562000000,1465127872000000,310.0,180.4886111111111,rule_v1
kettle,1465128262000000,1465128340000000,78.0,54.35472222222222,rule_v1
kettle,1465142722000000,1465142839000000,117.0,81.92694444444444,rule_v1
kettle,1465143229000000,1465143312000000,83.0,58.653333333333336,rule_v1
kettle,1465194531000000,1465194711000000,180.0,120.78361111111111,rule_v1
kettle,1465195460000000,1465195499000000,39.0,31.235833333333332,rule_v1
kettle,1465200839000000,1465200903000000,64.0,45.80444444444444,rule_v1
kettle,1465211073000000,1465211156000000,83.0,61.39944444444444,rule_v1
kettle,1465233188000000,1465233277000000,89.0,64.79166666666667,rule_v1
kettle,1465245855000000,1465245974000000,119.0,89.6825,rule_v1
kettle,1465281153000000,1465281283000000,130.0,90.74555555555555,rule_v1
kettle,1465282325000000,1465282381000000,56.0,40.46388888888889,rule_v1
kettle,1465297193000000,1465297295000000,102.0,70.75083333333333,rule_v1
kettle,1465306537000000,1465306640000000,103.0,71.38444444444444,rule_v1
kettle,1465316348000000,1465316447000000,99.0,69.22027777777778,rule_v1
kettle,1465320035000000,1465320170000000,135.0,93.69722222222222,rule_v1
kettle,1465324558000000,1465324681000000,123.0,83.88083333333333,rule_v1
kettle,1465368006000000,1465368150000000,144.0,99.08638888888889,rule_v1
kettle,1465386314000000,1465386410000000,96.0,68.16222222222223,rule_v1
kettle,1465393917000000,1465394028000000,111.0,77.83111111111111,rule_v1
kettle,1465403020000000,1465403181000000,161.0,110.28861111111111,rule_v1
kettle,1465407264000000,1465407316000000,52.0,38.458333333333336,rule_v1
kettle,1465454257000000,1465454361000000,104.0,73.6288888888889,rule_v1
kettle,1465460794000000,1465460863000000,69.0,50.2775,rule_v1
kettle,1465470466000000,1465470552000000,86.0,60.16138888888889,rule_v1
kettle,1465475264000000,1465475332000000,68.0,48.12166666666667,rule_v1
kettle,1465539553000000,1465539674000000,121.0,79.46527777777777,rule_v1
kettle,1465540305000000,1465540337000000,32.0,25.33111111111111,rule_v1
kettle,1465559112000000,1465559232000000,120.0,82.125,rule_v1
kettle,1465586308000000,1465586411000000,103.0,71.60888888888888,rule_v1
kettle,1465591040000000,1465591143000000,103.0,71.33583333333333,rule_v1
kettle,1465630580000000,1465630664000000,84.0,62.077222222222225,rule_v1
kettle,1465630737000000,1465630775000000,38.0,29.775833333333335,rule_v1
kettle,1465632491000000,1465632570000000,79.0,55.169444444444444,rule_v1
kettle,1465643720000000,1465643752000000,32.0,24.685277777777777,rule_v1
kettle,1465666454000000,1465666562000000,108.0,73.22555555555556,rule_v1
kettle,1465670846000000,1465671009000000,163.0,111.3025,rule_v1
kettle,1465717904000000,1465718014000000,110.0,75.99333333333334,rule_v1
kettle,1465733238000000,1465733303000000,65.0,45.4675,rule_v1
kettle,1465742714000000,1465742795000000,81.0,60.21,rule_v1
kettle,1465749523000000,1465749658000000,135.0,92.37833333333333,rule_v1
kettle,1465800879000000,1465800977000000,98.0,69.34555555555555,rule_v1
kettle,1465824274000000,1465824428000000,154.0,120.56388888888888,rule_v1
kettle,1465825214000000,1465825285000000,71.0,51.365833333333335,rule_v1
kettle,1465826168000000,1465826207000000,39.0,37.26166666666666,rule_v1
kettle,1465828018000000,1465828065000000,47.0,34.888888888888886,rule_v1
kettle,1465843564000000,1465843656000000,92.0,63.33861111111111,rule_v1
kettle,1465884986000000,1465885102000000,116.0,79.00138888888888,rule_v1
kettle,1465886805000000,1465886888000000,83.0,59.19416666666667,rule_v1
kettle,1465897238000000,1465897330000000,92.0,64.78722222222223,rule_v1
kettle,1465919344000000,1465919434000000,90.0,62.93888888888889,rule_v1
kettle,1465973208000000,1465973305000000,97.0,79.34305555555555,rule_v1
kettle,1466009311000000,1466009508000000,197.0,135.5261111111111,rule_v1
kettle,1466020068000000,1466020120000000,52.0,43.955,rule_v1
kettle,1466058799000000,1466058906000000,107.0,72.26694444444445,rule_v1
kettle,1466060435000000,1466060498000000,63.0,46.623333333333335,rule_v1
kettle,1466071526000000,1466071610000000,84.0,58.7625,rule_v1
kettle,1466078433000000,1466078523000000,90.0,64.94916666666667,rule_v1
kettle,1466082109000000,1466082209000000,100.0,72.59833333333333,rule_v1
kettle,1466096921000000,1466097029000000,108.0,72.7688888888889,rule_v1
kettle,1466100265000000,1466100404000000,139.0,95.56555555555556,rule_v1
kettle,1466101373000000,1466101553000000,180.0,117.69527777777778,rule_v1
kettle,1466144791000000,1466144946000000,155.0,106.94527777777778,rule_v1
kettle,1466146383000000,1466146428000000,45.0,33.96527777777778,rule_v1
kettle,1466153425000000,1466153502000000,77.0,55.227777777777774,rule_v1
kettle,1466160677000000,1466160832000000,155.0,109.65444444444445,rule_v1
kettle,1466168975000000,1466169077000000,102.0,71.42805555555556,rule_v1
kettle,1466184505000000,1466184611000000,106.0,74.65166666666667,rule_v1
kettle,1466185492000000,1466185607000000,115.0,80.52833333333334,rule_v1
kettle,1466233596000000,1466233718000000,122.0,82.4875,rule_v1
kettle,1466240747000000,1466240844000000,97.0,71.88972222222222,rule_v1
kettle,1466268735000000,1466268921000000,186.0,121.84027777777777,rule_v1
kettle,1466275887000000,1466276073000000,186.0,128.0511111111111,rule_v1
kettle,1466309946000000,1466310086000000,140.0,98.15555555555555,rule_v1
kettle,1466318733000000,1466318843000000,110.0,90.06611111111111,rule_v1
kettle,1466342735000000,1466342820000000,85.0,59.528888888888886,rule_v1
kettle,1466353833000000,1466353951000000,118.0,80.685,rule_v1
kettle,1466406357000000,1466406465000000,108.0,74.31416666666667,rule_v1
kettle,1466432815000000,1466432892000000,77.0,55.05888888888889,rule_v1
kettle,1466444618000000,1466444805000000,187.0,127.30083333333333,rule_v1
kettle,1466490868000000,1466490995000000,127.0,89.74916666666667,rule_v1
kettle,1466491763000000,1466491840000000,77.0,53.684444444444445,rule_v1
kettle,1466517041000000,1466517158000000,117.0,79.17916666666666,rule_v1
kettle,1466522122000000,1466522280000000,158.0,108.82472222222222,rule_v1
kettle,1466529346000000,1466529432000000,86.0,71.5475,rule_v1
kettle,1466534572000000,1466534654000000,82.0,57.90472222222222,rule_v1
kettle,1466537750000000,1466537795000000,45.0,33.08222222222222,rule_v1
kettle,1466578002000000,1466578102000000,100.0,92.31444444444445,rule_v1
kettle,1466579020000000,1466579092000000,72.0,51.81361111111111,rule_v1
kettle,1466590504000000,1466590587000000,83.0,60.39861111111111,rule_v1
kettle,1466597573000000,1466597714000000,141.0,96.19472222222223,rule_v1
kettle,1466610505000000,1466610696000000,191.0,130.52777777777777,rule_v1
kettle,1466614452000000,1466614546000000,94.0,65.37388888888889,rule_v1
kettle,1466618943000000,1466619121000000,178.0,119.00527777777778,rule_v1
kettle,1466663470000000,1466663583000000,113.0,77.96638888888889,rule_v1
kettle,1466665309000000,1466665354000000,45.0,38.76416666666667,rule_v1
kettle,1466698986000000,1466699097000000,111.0,78.48638888888888,rule_v1
kettle,1466748240000000,1466748356000000,116.0,83.63083333333333,rule_v1
kettle,1466749600000000,1466749657000000,57.0,58.68833333333333,rule_v1
kettle,1466765223000000,1466765373000000,150.0,105.74916666666667,rule_v1
kettle,1466778158000000,1466778249000000,91.0,72.36027777777778,rule_v1
kettle,1466787413000000,1466787497000000,84.0,57.678333333333335,rule_v1
kettle,1466844535000000,1466844651000000,116.0,82.02805555555555,rule_v1
kettle,1466856275000000,1466856443000000,168.0,114.88472222222222,rule_v1
kettle,1466856632000000,1466856748000000,116.0,79.33,rule_v1
kettle,1466859760000000,1466859844000000,84.0,60.291111111111114,rule_v1
kettle,1466870157000000,1466870253000000,96.0,70.0975,rule_v1
kettle,1466871283000000,1466871337000000,54.0,39.9475,rule_v1
kettle,1466926160000000,1466926287000000,127.0,91.44777777777777,rule_v1
kettle,1466927886000000,1466927946000000,60.0,44.710277777777776,rule_v1
kettle,1466931890000000,1466931961000000,71.0,51.178333333333335,rule_v1
kettle,1467010758000000,1467010871000000,113.0,77.86194444444445,rule_v1
kettle,1467095461000000,1467095526000000,65.0,46.388333333333335,rule_v1
kettle,1467095702000000,1467095753000000,51.0,39.765,rule_v1
kettle,1467128260000000,1467128386000000,126.0,85.56888888888889,rule_v1
kettle,1467129610000000,1467129652000000,42.0,31.79083333333333,rule_v1
kettle,1467131285000000,1467131324000000,39.0,29.5775,rule_v1
kettle,1467131473000000,1467131552000000,79.0,60.97027777777778,rule_v1
kettle,1467134177000000,1467134318000000,141.0,99.22583333333333,rule_v1
kettle,1467139722000000,1467139810000000,88.0,62.38027777777778,rule_v1
kettle,1467184016000000,1467184127000000,111.0,78.97666666666667,rule_v1
kettle,1467194045000000,1467194174000000,129.0,90.53611111111111,rule_v1
kettle,1467212448000000,1467212568000000,120.0,84.28694444444444,rule_v1
kettle,1467215340000000,1467215415000000,75.0,53.76888888888889,rule_v1
kettle,1467215853000000,1467215899000000,46.0,35.190555555555555,rule_v1
kettle,1467221381000000,1467221509000000,128.0,87.58111111111111,rule_v1
kettle,1467230122000000,1467230216000000,94.0,68.01305555555555,rule_v1
kettle,1467269834000000,1467269942000000,108.0,76.63527777777777,rule_v1
kettle,1467284966000000,1467285076000000,110.0,76.73638888888888,rule_v1
kettle,1467287397000000,1467287504000000,107.0,77.06222222222222,rule_v1
kettle,1467321652000000,1467321728000000,76.0,71.50916666666667,rule_v1
kettle,1467356986000000,1467357077000000,91.0,68.82388888888889,rule_v1
kettle,1467369158000000,1467369276000000,118.0,85.98,rule_v1
kettle,1467379453000000,1467379544000000,91.0,64.00833333333334,rule_v1
kettle,1467392669000000,1467392754000000,85.0,60.288333333333334,rule_v1
kettle,1467397473000000,1467397596000000,123.0,85.27944444444445,rule_v1
kettle,1467400510000000,1467400589000000,79.0,55.736111111111114,rule_v1
kettle,1467607335000000,1467607425000000,90.0,67.60305555555556,rule_v1
kettle,1467616737000000,1467616834000000,97.0,103.09666666666666,rule_v1
kettle,1467620543000000,1467620631000000,88.0,74.21166666666667,rule_v1
kettle,1467630232000000,1467630356000000,124.0,99.0175,rule_v1
kettle,1467659435000000,1467659564000000,129.0,88.52388888888889,rule_v1
kettle,1467698216000000,1467698294000000,78.0,55.57805555555556,rule_v1
kettle,1467749541000000,1467749653000000,112.0,74.88666666666667,rule_v1
kettle,1467790962000000,1467791068000000,106.0,72.51,rule_v1
kettle,1467791604000000,1467791649000000,45.0,33.23138888888889,rule_v1
kettle,1467792654000000,1467792705000000,51.0,39.52111111111111,rule_v1
kettle,1467811784000000,1467811979000000,195.0,134.36222222222221,rule_v1
kettle,1467825515000000,1467825623000000,108.0,76.56527777777778,rule_v1
kettle,1467837962000000,1467838027000000,65.0,47.85861111111111,rule_v1
kettle,1467874421000000,1467874488000000,67.0,47.84444444444444,rule_v1
kettle,1467874639000000,1467874696000000,57.0,41.28722222222222,rule_v1
kettle,1467882924000000,1467882979000000,55.0,40.98388888888889,rule_v1
kettle,1467894091000000,1467894174000000,83.0,60.67472222222222,rule_v1
kettle,1467909931000000,1467910016000000,85.0,60.75694444444444,rule_v1
kettle,1467921390000000,1467921482000000,92.0,64.98361111111112,rule_v1
kettle,1467962813000000,1467962937000000,124.0,84.54527777777778,rule_v1
kettle,1467964741000000,1467964799000000,58.0,42.30694444444445,rule_v1
kettle,1467973129000000,1467973219000000,90.0,66.34388888888888,rule_v1
kettle,1467982119000000,1467982238000000,119.0,83.68083333333334,rule_v1
kettle,1467995173000000,1467995290000000,117.0,82.07527777777777,rule_v1
kettle,1467997319000000,1467997371000000,52.0,38.60055555555556,rule_v1
kettle,1467998550000000,1467998583000000,33.0,61.124722222222225,rule_v1
kettle,1468046578000000,1468046681000000,103.0,72.26027777777777,rule_v1
kettle,1468049063000000,1468049142000000,79.0,56.55888888888889,rule_v1
kettle,1468079005000000,1468079104000000,99.0,74.115,rule_v1
kettle,1468085261000000,1468085372000000,111.0,76.53527777777778,rule_v1
kettle,1468090345000000,1468090456000000,111.0,76.75861111111111,rule_v1
kettle,1468134279000000,1468134363000000,84.0,57.47555555555556,rule_v1
kettle,1468137242000000,1468137346000000,104.0,72.64694444444444,rule_v1
kettle,1468137452000000,1468137517000000,65.0,46.47,rule_v1
kettle,1468144178000000,1468144262000000,84.0,57.00277777777778,rule_v1
kettle,1468161057000000,1468161142000000,85.0,60.80583333333333,rule_v1
kettle,1468165366000000,1468165493000000,127.0,87.98055555555555,rule_v1
kettle,1468168162000000,1468168274000000,112.0,76.52555555555556,rule_v1
kettle,1468169187000000,1468169237000000,50.0,34.97083333333333,rule_v1
kettle,1468176765000000,1468176914000000,149.0,102.81472222222222,rule_v1
kettle,1468182675000000,1468182736000000,61.0,43.389722222222225,rule_v1
kettle,1468214240000000,1468214332000000,92.0,64.71694444444445,rule_v1
kettle,1468220300000000,1468220402000000,102.0,72.29694444444445,rule_v1
kettle,1468227101000000,1468227159000000,58.0,43.120555555555555,rule_v1
kettle,1468257351000000,1468257478000000,127.0,85.91416666666667,rule_v1
kettle,1468263732000000,1468263876000000,144.0,98.53722222222223,rule_v1
kettle,1468301681000000,1468301772000000,91.0,64.28805555555556,rule_v1
kettle,1468307182000000,1468307233000000,51.0,38.41305555555556,rule_v1
kettle,1468389275000000,1468389369000000,94.0,65.945,rule_v1
kettle,1468392598000000,1468392687000000,89.0,63.191944444444445,rule_v1
kettle,1468431651000000,1468431742000000,91.0,61.39388888888889,rule_v1
kettle,1468442522000000,1468442691000000,169.0,118.64527777777778,rule_v1
kettle,1468480229000000,1468480355000000,126.0,88.02444444444444,rule_v1
kettle,1468523433000000,1468523601000000,168.0,114.32555555555555,rule_v1
kettle,1468564490000000,1468564567000000,77.0,59.92333333333333,rule_v1
kettle,1468565079000000,1468565131000000,52.0,37.60166666666667,rule_v1
kettle,1468570091000000,1468570164000000,73.0,52.28388888888889,rule_v1
kettle,1468570999000000,1468571052000000,53.0,39.331944444444446,rule_v1
kettle,1468581094000000,1468581190000000,96.0,67.2225,rule_v1
kettle,1468602803000000,1468602893000000,90.0,63.764722222222225,rule_v1
kettle,1468652346000000,1468652450000000,104.0,76.1475,rule_v1
kettle,1468666151000000,1468666190000000,39.0,29.191666666666666,rule_v1
kettle,1468687855000000,1468688011000000,156.0,106.16194444444444,rule_v1
kettle,1468741238000000,1468741330000000,92.0,69.09305555555555,rule_v1
kettle,1468752603000000,1468752699000000,96.0,73.99638888888889,rule_v1
kettle,1468778914000000,1468779069000000,155.0,107.86583333333333,rule_v1
kettle,1468781003000000,1468781103000000,100.0,75.88138888888889,rule_v1
kettle,1468824718000000,1468824783000000,65.0,61.26083333333333,rule_v1
kettle,1468911510000000,1468911613000000,103.0,71.63694444444444,rule_v1
kettle,1468995330000000,1468995427000000,97.0,68.52222222222223,rule_v1
kettle,1469039791000000,1469039879000000,88.0,61.440555555555555,rule_v1
kettle,1469082476000000,1469082566000000,90.0,61.620555555555555,rule_v1
kettle,1469088908000000,1469088993000000,85.0,59.02333333333333,rule_v1
kettle,1469123359000000,1469123453000000,94.0,70.035,rule_v1
kettle,1469867109000000,1469867200000000,91.0,67.34305555555555,rule_v1
kettle,1469871746000000,1469871802000000,56.0,40.80083333333334,rule_v1
kettle,1469872754000000,1469872786000000,32.0,25.15972222222222,rule_v1
kettle,1469897796000000,1469897941000000,145.0,98.175,rule_v1
kettle,1469953953000000,1469954062000000,109.0,93.87944444444445,rule_v1
kettle,1469954576000000,1469954616000000,40.0,30.517222222222223,rule_v1
kettle,1469966554000000,1469966807000000,253.0,171.28166666666667,rule_v1
kettle,1469966873000000,1469967002000000,129.0,88.29944444444445,rule_v1
kettle,1469971449000000,1469971511000000,62.0,45.044444444444444,rule_v1
kettle,1470031951000000,1470032029000000,78.0,57.02,rule_v1
kettle,1470069003000000,1470069104000000,101.0,71.61583333333333,rule_v1
kettle,1470079613000000,1470079683000000,70.0,57.770833333333336,rule_v1
kettle,1470122521000000,1470122646000000,125.0,86.37138888888889,rule_v1
kettle,1470137569000000,1470137701000000,132.0,91.41194444444444,rule_v1
kettle,1470142495000000,1470142566000000,71.0,68.9961111111111,rule_v1
kettle,1470153583000000,1470153795000000,212.0,146.48444444444445,rule_v1
kettle,1470156008000000,1470156065000000,57.0,42.783055555555556,rule_v1
kettle,1470162025000000,1470162142000000,117.0,81.09472222222222,rule_v1
kettle,1470204549000000,1470204647000000,98.0,69.89194444444445,rule_v1
kettle,1470290115000000,1470290179000000,64.0,46.69861111111111,rule_v1
kettle,1470316553000000,1470316634000000,81.0,56.37972222222222,rule_v1
kettle,1470381036000000,1470381127000000,91.0,66.2863888888889,rule_v1
kettle,1470430146000000,1470430307000000,161.0,109.67166666666667,rule_v1
kettle,1470430629000000,1470430757000000,128.0,92.71333333333334,rule_v1
kettle,1470466163000000,1470466239000000,76.0,55.564166666666665,rule_v1
kettle,1470501989000000,1470502163000000,174.0,122.38388888888889,rule_v1
kettle,1470506145000000,1470506352000000,207.0,126.29805555555555,rule_v1
kettle,1470551920000000,1470552030000000,110.0,82.10416666666667,rule_v1
kettle,1470582744000000,1470582832000000,88.0,63.61222222222222,rule_v1
kettle,1470636778000000,1470636889000000,111.0,76.84083333333334,rule_v1
kettle,1470651396000000,1470651497000000,101.0,75.11361111111111,rule_v1
kettle,1470662826000000,1470662921000000,95.0,66.6125,rule_v1
kettle,1470676379000000,1470676569000000,190.0,129.83805555555554,rule_v1
kettle,1470722486000000,1470722592000000,106.0,76.20111111111112,rule_v1
kettle,1470723578000000,1470723616000000,38.0,29.39138888888889,rule_v1
kettle,1470810317000000,1470810437000000,120.0,83.6913888888889,rule_v1
kettle,1470854566000000,1470854657000000,91.0,67.03083333333333,rule_v1
kettle,1470897000000000,1470897083000000,83.0,66.7225,rule_v1
kettle,1470927175000000,1470927318000000,143.0,84.54805555555556,rule_v1
kettle,1470933256000000,1470933454000000,198.0,133.42555555555555,rule_v1
kettle,1470935266000000,1470935422000000,156.0,109.62277777777778,rule_v1
kettle,1471069449000000,1471069530000000,81.0,57.28,rule_v1
kettle,1471101794000000,1471101872000000,78.0,57.14222222222222,rule_v1
kettle,1471104209000000,1471104353000000,144.0,99.52361111111111,rule_v1
kettle,1471105506000000,1471105623000000,117.0,78.29694444444445,rule_v1
kettle,1471118143000000,1471118246000000,103.0,72.86527777777778,rule_v1
kettle,1471155225000000,1471155306000000,81.0,56.469166666666666,rule_v1
kettle,1471163636000000,1471163707000000,71.0,52.204166666666666,rule_v1
kettle,1471178930000000,1471179022000000,92.0,63.91888888888889,rule_v1
kettle,1471183963000000,1471184029000000,66.0,47.37611111111111,rule_v1
kettle,1471190353000000,1471190504000000,151.0,101.42194444444445,rule_v1
kettle,1471190619000000,1471190729000000,110.0,75.93972222222222,rule_v1
kettle,1471195502000000,1471195594000000,92.0,64.27472222222222,rule_v1
kettle,1471242428000000,1471242504000000,76.0,52.16722222222222,rule_v1
kettle,1471246065000000,1471246139000000,74.0,54.583333333333336,rule_v1
kettle,1471254917000000,1471255023000000,106.0,74.00666666666666,rule_v1
kettle,1471280352000000,1471280464000000,112.0,78.29833333333333,rule_v1
kettle,1471329600000000,1471329696000000,96.0,67.15083333333334,rule_v1
kettle,1471334956000000,1471335010000000,54.0,39.59972222222222,rule_v1
kettle,1471363420000000,1471363498000000,78.0,55.503055555555555,rule_v1
kettle,1471371999000000,1471372145000000,146.0,100.54694444444445,rule_v1
kettle,1471373165000000,1471373244000000,79.0,55.759166666666665,rule_v1
kettle,1471416127000000,1471416235000000,108.0,74.51722222222222,rule_v1
kettle,1471453941000000,1471454099000000,158.0,109.46083333333333,rule_v1
kettle,1471454778000000,1471454861000000,83.0,58.071666666666665,rule_v1
kettle,1471504750000000,1471504840000000,90.0,63.327222222222225,rule_v1
kettle,1471592112000000,1471592202000000,90.0,63.12111111111111,rule_v1
kettle,1471611526000000,1471611632000000,106.0,74.17,rule_v1
kettle,1471626102000000,1471626219000000,117.0,82.00638888888889,rule_v1
kettle,1471674827000000,1471674922000000,95.0,65.33,rule_v1
kettle,1471677089000000,1471677172000000,83.0,58.136944444444445,rule_v1
kettle,1471682336000000,1471682416000000,80.0,57.345555555555556,rule_v1
kettle,1471692445000000,1471692522000000,77.0,52.715,rule_v1
kettle,1471695969000000,1471696028000000,59.0,47.62,rule_v1
kettle,1471710511000000,1471710600000000,89.0,61.835277777777776,rule_v1
kettle,1471713176000000,1471713349000000,173.0,116.77972222222222,rule_v1
kettle,1471764498000000,1471764613000000,115.0,80.73833333333333,rule_v1
kettle,1471766992000000,1471767062000000,70.0,51.305277777777775,rule_v1
kettle,1471780500000000,1471780561000000,61.0,49.91361111111111,rule_v1
kettle,1471787928000000,1471788021000000,93.0,64.42222222222222,rule_v1
kettle,1471798096000000,1471798245000000,149.0,98.7,rule_v1
kettle,1471798852000000,1471798911000000,59.0,45.35777777777778,rule_v1
kettle,1471804615000000,1471804712000000,97.0,69.41416666666667,rule_v1
kettle,1471850089000000,1471850162000000,73.0,52.397222222222226,rule_v1
kettle,1471853697000000,1471853800000000,103.0,71.90611111111112,rule_v1
kettle,1471862602000000,1471862663000000,61.0,48.3275,rule_v1
kettle,1471867617000000,1471867729000000,112.0,78.94027777777778,rule_v1
kettle,1471879726000000,1471879809000000,83.0,59.93638888888889,rule_v1
kettle,1471883056000000,1471883177000000,121.0,84.44722222222222,rule_v1
kettle,1471889649000000,1471889777000000,128.0,88.28888888888889,rule_v1
kettle,1471931905000000,1471931994000000,89.0,63.82111111111111,rule_v1
kettle,1471936732000000,1471936844000000,112.0,76.54527777777778,rule_v1
kettle,1471953990000000,1471954091000000,101.0,70.26361111111112,rule_v1
kettle,1471955705000000,1471955769000000,64.0,47.58277777777778,rule_v1
kettle,1471970704000000,1471970927000000,223.0,153.63694444444445,rule_v1
kettle,1472022584000000,1472022652000000,68.0,53.76777777777778,rule_v1
kettle,1472025016000000,1472025103000000,87.0,61.20305555555556,rule_v1
kettle,1472031819000000,1472031910000000,91.0,65.59555555555555,rule_v1
kettle,1472034301000000,1472034394000000,93.0,64.90472222222222,rule_v1
kettle,1472045144000000,1472045220000000,76.0,53.515,rule_v1
kettle,1472055659000000,1472055804000000,145.0,81.15055555555556,rule_v1
kettle,1472107166000000,1472107295000000,129.0,90.6925,rule_v1
kettle,1472196548000000,1472196665000000,117.0,81.17861111111111,rule_v1
kettle,1472211174000000,1472211329000000,155.0,106.19055555555556,rule_v1
kettle,1472213937000000,1472214071000000,134.0,90.16972222222222,rule_v1
kettle,1472228578000000,1472228892000000,314.0,209.8997222222222,rule_v1
kettle,1472236481000000,1472236679000000,198.0,137.49277777777777,rule_v1
kettle,1472278871000000,1472279033000000,162.0,111.26027777777777,rule_v1
kettle,1472281252000000,1472281352000000,100.0,71.04666666666667,rule_v1
kettle,1472321768000000,1472321972000000,204.0,149.81527777777777,rule_v1
kettle,1472364602000000,1472364751000000,149.0,106.76388888888889,rule_v1
kettle,1472365356000000,1472365445000000,89.0,64.5411111111111,rule_v1
kettle,1472367229000000,1472367324000000,95.0,65.57527777777777,rule_v1
kettle,1472367735000000,1472367804000000,69.0,58.150555555555556,rule_v1
kettle,1472370087000000,1472370165000000,78.0,41.754444444444445,rule_v1
kettle,1472370512000000,1472370655000000,143.0,96.78611111111111,rule_v1
kettle,1472382447000000,1472382596000000,149.0,103.17916666666666,rule_v1
kettle,1472390124000000,1472390200000000,76.0,54.16722222222222,rule_v1
kettle,1472405727000000,1472405829000000,102.0,70.12361111111112,rule_v1
kettle,1472455805000000,1472455903000000,98.0,68.26611111111112,rule_v1
kettle,1472460799000000,1472460879000000,80.0,56.73777777777778,rule_v1
kettle,1472473461000000,1472473550000000,89.0,62.97666666666667,rule_v1
kettle,1472484622000000,1472484677000000,55.0,40.103611111111114,rule_v1
kettle,1472536980000000,1472537080000000,100.0,68.44388888888889,rule_v1
kettle,1472623646000000,1472623748000000,102.0,72.67888888888889,rule_v1
kettle,1472670494000000,1472670670000000,176.0,120.44083333333333,rule_v1
kettle,1472717936000000,1472718044000000,108.0,77.31111111111112,rule_v1
kettle,1472740697000000,1472740794000000,97.0,74.56777777777778,rule_v1
kettle,1472803622000000,1472803876000000,254.0,155.70277777777778,rule_v1
kettle,1472805318000000,1472805383000000,65.0,46.67333333333333,rule_v1
kettle,1472806948000000,1472806994000000,46.0,40.12388888888889,rule_v1
kettle,1472829812000000,1472829903000000,91.0,66.13111111111111,rule_v1
kettle,1472831440000000,1472831555000000,115.0,81.54611111111112,rule_v1
kettle,1472831643000000,1472831682000000,39.0,33.185833333333335,rule_v1
kettle,1472833677000000,1472833801000000,124.0,84.28083333333333,rule_v1
kettle,1472834434000000,1472834467000000,33.0,25.21527777777778,rule_v1
kettle,1472886923000000,1472887031000000,108.0,77.38388888888889,rule_v1
kettle,1472888013000000,1472888048000000,35.0,30.565555555555555,rule_v1
kettle,1472895816000000,1472895873000000,57.0,42.098333333333336,rule_v1
kettle,1472905391000000,1472905463000000,72.0,54.352222222222224,rule_v1
kettle,1472907872000000,1472907924000000,52.0,38.87583333333333,rule_v1
kettle,1472927614000000,1472927731000000,117.0,80.98166666666667,rule_v1
kettle,1472977815000000,1472977905000000,90.0,63.58972222222222,rule_v1
kettle,1472985449000000,1472985578000000,129.0,86.60666666666667,rule_v1
kettle,1472986492000000,1472986525000000,33.0,25.15,rule_v1
kettle,1472988956000000,1472989144000000,188.0,122.52472222222222,rule_v1
kettle,1472989226000000,1472989328000000,102.0,70.66361111111111,rule_v1
kettle,1472992477000000,1472992521000000,44.0,41.25555555555555,rule_v1
kettle,1473008041000000,1473008225000000,184.0,125.705,rule_v1
kettle,1473008502000000,1473008578000000,76.0,53.00527777777778,rule_v1
kettle,1473060481000000,1473060570000000,89.0,63.345555555555556,rule_v1
kettle,1473061327000000,1473061378000000,51.0,36.95916666666667,rule_v1
kettle,1473079966000000,1473080075000000,109.0,75.80166666666666,rule_v1
kettle,1473087973000000,1473088040000000,67.0,49.78611111111111,rule_v1
kettle,1473094521000000,1473094631000000,110.0,77.0363888888889,rule_v1
kettle,1473102919000000,1473103035000000,116.0,80.92666666666666,rule_v1
kettle,1473145006000000,1473145101000000,95.0,67.23583333333333,rule_v1
kettle,1473145528000000,1473145600000000,72.0,51.35444444444445,rule_v1
kettle,1473149042000000,1473149145000000,103.0,71.42944444444444,rule_v1
kettle,1473153454000000,1473153525000000,71.0,52.68527777777778,rule_v1
kettle,1473183324000000,1473183427000000,103.0,71.54222222222222,rule_v1
kettle,1473230839000000,1473230944000000,105.0,73.73972222222223,rule_v1
kettle,1473236138000000,1473236216000000,78.0,55.51361111111111,rule_v1
kettle,1473264307000000,1473264399000000,92.0,64.16694444444444,rule_v1
kettle,1473316713000000,1473316836000000,123.0,84.33972222222222,rule_v1
kettle,1473318527000000,1473318580000000,53.0,38.68555555555555,rule_v1
kettle,1473347610000000,1473347703000000,93.0,68.50027777777778,rule_v1
kettle,1473354546000000,1473354655000000,109.0,76.62138888888889,rule_v1
kettle,1473355550000000,1473355596000000,46.0,33.97416666666667,rule_v1
kettle,1473402404000000,1473402514000000,110.0,76.59805555555556,rule_v1
kettle,1473409311000000,1473409402000000,91.0,62.55361111111111,rule_v1
kettle,1473410466000000,1473410499000000,33.0,25.58861111111111,rule_v1
kettle,1473492066000000,1473492157000000,91.0,63.79888888888889,rule_v1
kettle,1473498492000000,1473498583000000,91.0,61.99805555555555,rule_v1
kettle,1473505107000000,1473505223000000,116.0,79.79833333333333,rule_v1
kettle,1473510092000000,1473510155000000,63.0,45.09388888888889,rule_v1
kettle,1473529258000000,1473529330000000,72.0,54.34444444444444,rule_v1
kettle,1473533305000000,1473533444000000,139.0,101.81222222222222,rule_v1
kettle,1473533718000000,1473533794000000,76.0,59.30861111111111,rule_v1
kettle,1473578660000000,1473578781000000,121.0,85.41638888888889,rule_v1
kettle,1473589649000000,1473589729000000,80.0,61.20444444444445,rule_v1
kettle,1473594963000000,1473595064000000,101.0,70.08888888888889,rule_v1
kettle,1473658594000000,1473658705000000,111.0,82.25555555555556,rule_v1
kettle,1473661402000000,1473661460000000,58.0,60.5125,rule_v1
kettle,1473703860000000,1473704012000000,152.0,102.88833333333334,rule_v1
kettle,1473704092000000,1473704177000000,85.0,63.505,rule_v1
kettle,1473748070000000,1473748174000000,104.0,74.28416666666666,rule_v1
kettle,1473749836000000,1473749921000000,85.0,59.533055555555556,rule_v1
kettle,1473771099000000,1473771200000000,101.0,69.41416666666667,rule_v1
kettle,1473772342000000,1473772414000000,72.0,50.547777777777775,rule_v1
kettle,1473787530000000,1473787629000000,99.0,79.86833333333334,rule_v1
kettle,1473833722000000,1473833843000000,121.0,81.46444444444444,rule_v1
kettle,1473835288000000,1473835327000000,39.0,28.69638888888889,rule_v1
kettle,1473875882000000,1473876046000000,164.0,111.79305555555555,rule_v1
kettle,1473879349000000,1473879511000000,162.0,111.64111111111112,rule_v1
kettle,1473920690000000,1473920781000000,91.0,64.04277777777777,rule_v1
kettle,1473922127000000,1473922169000000,42.0,33.09527777777778,rule_v1
kettle,1473966735000000,1473966812000000,77.0,53.15611111111111,rule_v1
kettle,1474006236000000,1474006378000000,142.0,97.69083333333333,rule_v1
kettle,1474006997000000,1474007059000000,62.0,16.318055555555556,rule_v1
kettle,1474021305000000,1474021389000000,84.0,59.3275,rule_v1
kettle,1474023139000000,1474023267000000,128.0,88.91,rule_v1
kettle,1474023505000000,1474023595000000,90.0,64.12666666666667,rule_v1
kettle,1474053904000000,1474053992000000,88.0,61.19861111111111,rule_v1
kettle,1474097810000000,1474097894000000,84.0,58.835277777777776,rule_v1
kettle,1474103075000000,1474103174000000,99.0,68.4875,rule_v1
kettle,1474114983000000,1474115076000000,93.0,65.45416666666667,rule_v1
kettle,1474119043000000,1474119147000000,104.0,70.89138888888888,rule_v1
kettle,1474120186000000,1474120226000000,40.0,35.490833333333335,rule_v1
kettle,1474122008000000,1474122145000000,137.0,93.60944444444445,rule_v1
kettle,1474179648000000,1474179799000000,151.0,103.48388888888888,rule_v1
kettle,1474182098000000,1474182170000000,72.0,49.221944444444446,rule_v1
kettle,1474183098000000,1474183132000000,34.0,26.8975,rule_v1
kettle,1474185148000000,1474185221000000,73.0,50.85194444444444,rule_v1
kettle,1474188353000000,1474188453000000,100.0,69.40944444444445,rule_v1
kettle,1474200463000000,1474200539000000,76.0,54.992222222222225,rule_v1
kettle,1474209177000000,1474209306000000,129.0,88.12861111111111,rule_v1
kettle,1474211286000000,1474211396000000,110.0,75.61638888888889,rule_v1
kettle,1474267073000000,1474267200000000,127.0,89.71166666666667,rule_v1
kettle,1474268463000000,1474268508000000,45.0,34.361111111111114,rule_v1
kettle,1474304638000000,1474304801000000,163.0,109.70111111111112,rule_v1
kettle,1474351750000000,1474351858000000,108.0,74.86527777777778,rule_v1
kettle,1474353384000000,1474353463000000,79.0,57.026944444444446,rule_v1
kettle,1474360123000000,1474360227000000,104.0,73.59055555555555,rule_v1
kettle,1474369793000000,1474369877000000,84.0,59.15416666666667,rule_v1
kettle,1474370984000000,1474371055000000,71.0,51.8875,rule_v1
kettle,1474395529000000,1474395594000000,65.0,47.02333333333333,rule_v1
kettle,1474437848000000,1474437933000000,85.0,60.14333333333333,rule_v1
kettle,1474441066000000,1474441151000000,85.0,59.536944444444444,rule_v1
kettle,1474450037000000,1474450148000000,111.0,77.32555555555555,rule_v1
kettle,1474477502000000,1474477580000000,78.0,54.27722222222222,rule_v1
kettle,1474521757000000,1474521845000000,88.0,72.24527777777777,rule_v1
kettle,1474527347000000,1474527455000000,108.0,77.42,rule_v1
kettle,1474563936000000,1474564126000000,190.0,131.38861111111112,rule_v1
kettle,1474573126000000,1474573283000000,157.0,109.34555555555555,rule_v1
kettle,1474613667000000,1474613764000000,97.0,68.85444444444444,rule_v1
kettle,1474613858000000,1474613949000000,91.0,71.59222222222222,rule_v1
kettle,1474620801000000,1474620891000000,90.0,63.6275,rule_v1
kettle,1474626344000000,1474626464000000,120.0,84.70027777777777,rule_v1
kettle,1474629162000000,1474629260000000,98.0,67.8536111111111,rule_v1
kettle,1474630706000000,1474630799000000,93.0,66.0525,rule_v1
kettle,1474634068000000,1474634183000000,115.0,89.2425,rule_v1
kettle,1474651844000000,1474651954000000,110.0,78.88666666666667,rule_v1
kettle,1474701920000000,1474702041000000,121.0,84.45138888888889,rule_v1
kettle,1474704388000000,1474704466000000,78.0,55.150555555555556,rule_v1
kettle,1474711677000000,1474711775000000,98.0,68.2575,rule_v1
kettle,1474787078000000,1474787188000000,110.0,75.66666666666667,rule_v1
kettle,1474789836000000,1474789933000000,97.0,65.2875,rule_v1
kettle,1474790989000000,1474791046000000,57.0,40.90027777777778,rule_v1
kettle,1474804786000000,1474804905000000,119.0,80.315,rule_v1
kettle,1474829377000000,1474829546000000,169.0,112.70166666666667,rule_v1
kettle,1474871854000000,1474871985000000,131.0,89.3463888888889,rule_v1
kettle,1474872623000000,1474872661000000,38.0,29.16777777777778,rule_v1
kettle,1474873301000000,1474873334000000,33.0,27.204166666666666,rule_v1
kettle,1474881685000000,1474881785000000,100.0,68.39833333333333,rule_v1
kettle,1474903224000000,1474903326000000,102.0,71.78888888888889,rule_v1
kettle,1474908668000000,1474908736000000,68.0,56.690555555555555,rule_v1
kettle,1474916600000000,1474916786000000,186.0,124.30444444444444,rule_v1
kettle,1474956818000000,1474956961000000,143.0,104.92138888888888,rule_v1
kettle,1474958257000000,1474958290000000,33.0,34.10527777777778,rule_v1
kettle,1474999232000000,1474999356000000,124.0,87.12027777777777,rule_v1
kettle,1474999826000000,1474999962000000,136.0,110.56277777777778,rule_v1
kettle,1475000702000000,1475000734000000,32.0,29.265,rule_v1
kettle,1475003628000000,1475003745000000,117.0,78.54138888888889,rule_v1
kettle,1475043944000000,1475044028000000,84.0,59.7425,rule_v1
kettle,1475044519000000,1475044586000000,67.0,45.461666666666666,rule_v1
kettle,1475063564000000,1475063656000000,92.0,66.82277777777777,rule_v1
kettle,1475080931000000,1475081160000000,229.0,151.69194444444443,rule_v1
kettle,1475082303000000,1475082436000000,133.0,85.64583333333333,rule_v1
kettle,1475089380000000,1475089520000000,140.0,95.81916666666666,rule_v1
kettle,1475129179000000,1475129281000000,102.0,72.43916666666667,rule_v1
kettle,1475131447000000,1475131525000000,78.0,54.24888888888889,rule_v1
kettle,1475175537000000,1475175625000000,88.0,64.97361111111111,rule_v1
kettle,1475218124000000,1475218246000000,122.0,86.38277777777778,rule_v1
kettle,1475219068000000,1475219113000000,45.0,34.18694444444444,rule_v1
kettle,1475227081000000,1475227147000000,66.0,46.99138888888889,rule_v1
kettle,1475233055000000,1475233261000000,206.0,140.38166666666666,rule_v1
kettle,1475249895000000,1475250026000000,131.0,93.45472222222222,rule_v1
kettle,1475259708000000,1475259886000000,178.0,123.48583333333333,rule_v1
kettle,1475303379000000,1475303457000000,78.0,55.46138888888889,rule_v1
kettle,1475305696000000,1475305812000000,116.0,81.09416666666667,rule_v1
kettle,1475312038000000,1475312126000000,88.0,61.54805555555556,rule_v1
kettle,1475316471000000,1475316544000000,73.0,50.49722222222222,rule_v1
kettle,1475319581000000,1475319779000000,198.0,132.28916666666666,rule_v1
kettle,1475320209000000,1475320318000000,109.0,74.32611111111112,rule_v1
kettle,1475325584000000,1475325677000000,93.0,65.77722222222222,rule_v1
kettle,1475337084000000,1475337208000000,124.0,82.14111111111112,rule_v1
kettle,1475342111000000,1475342322000000,211.0,176.0738888888889,rule_v1
kettle,1475391265000000,1475391394000000,129.0,89.11,rule_v1
kettle,1475392185000000,1475392223000000,38.0,28.962222222222223,rule_v1
kettle,1475393578000000,1475393709000000,131.0,89.56444444444445,rule_v1
kettle,1475407189000000,1475407297000000,108.0,76.28416666666666,rule_v1
kettle,1475418858000000,1475418987000000,129.0,87.86638888888889,rule_v1
kettle,1475424515000000,1475424669000000,154.0,103.1361111111111,rule_v1
kettle,1475475564000000,1475475655000000,91.0,64.4011111111111,rule_v1
kettle,1475476766000000,1475476838000000,72.0,50.860277777777775,rule_v1
kettle,1475496125000000,1475496250000000,125.0,86.165,rule_v1
kettle,1475512826000000,1475512938000000,112.0,94.09138888888889,rule_v1
kettle,1475514735000000,1475514820000000,85.0,59.35055555555556,rule_v1
kettle,1475519842000000,1475519939000000,97.0,66.69583333333334,rule_v1
kettle,1475522197000000,1475522275000000,78.0,59.16111111111111,rule_v1
kettle,1475563132000000,1475563366000000,234.0,160.27166666666668,rule_v1
kettle,1475568778000000,1475568857000000,79.0,56.12083333333333,rule_v1
kettle,1475571720000000,1475571811000000,91.0,65.49027777777778,rule_v1
kettle,1475586584000000,1475586694000000,110.0,76.85027777777778,rule_v1
kettle,1475588196000000,1475588242000000,46.0,35.615,rule_v1
kettle,1475597741000000,1475597976000000,235.0,157.18944444444443,rule_v1
kettle,1475607065000000,1475607162000000,97.0,72.36805555555556,rule_v1
kettle,1475624209000000,1475624321000000,112.0,69.98666666666666,rule_v1
kettle,1475649486000000,1475649588000000,102.0,84.14222222222222,rule_v1
kettle,1475651194000000,1475651260000000,66.0,49.477777777777774,rule_v1
kettle,1475652513000000,1475652584000000,71.0,50.60194444444444,rule_v1
kettle,1475656874000000,1475656958000000,84.0,64.16583333333334,rule_v1
kettle,1475666219000000,1475666324000000,105.0,72.63444444444444,rule_v1
kettle,1475682468000000,1475682640000000,172.0,118.70861111111111,rule_v1
kettle,1475695214000000,1475695304000000,90.0,62.58222222222222,rule_v1
kettle,1475696842000000,1475696920000000,78.0,54.49,rule_v1
kettle,1475734816000000,1475734943000000,127.0,91.34805555555556,rule_v1
kettle,1475736692000000,1475736732000000,40.0,30.243055555555557,rule_v1
kettle,1475752513000000,1475752657000000,144.0,99.28722222222223,rule_v1
kettle,1475774392000000,1475774507000000,115.0,76.75083333333333,rule_v1
kettle,1475778284000000,1475778466000000,182.0,123.07666666666667,rule_v1
kettle,1475822312000000,1475822478000000,166.0,112.82611111111112,rule_v1
kettle,1475823911000000,1475824001000000,90.0,61.54833333333333,rule_v1
kettle,1475855708000000,1475855854000000,146.0,99.28722222222223,rule_v1
kettle,1475860576000000,1475860652000000,76.0,54.651666666666664,rule_v1
kettle,1475864824000000,1475865049000000,225.0,151.60333333333332,rule_v1
kettle,1475869566000000,1475869676000000,110.0,75.92694444444444,rule_v1
kettle,1475908368000000,1475908538000000,170.0,122.48638888888888,rule_v1
kettle,1475910431000000,1475910577000000,146.0,99.71333333333334,rule_v1
kettle,1475916613000000,1475916703000000,90.0,62.41222222222222,rule_v1
kettle,1475932584000000,1475932804000000,220.0,152.13666666666666,rule_v1
kettle,1475933859000000,1475933905000000,46.0,33.9675,rule_v1
kettle,1475945215000000,1475945441000000,226.0,147.87083333333334,rule_v1
kettle,1475945587000000,1475945734000000,147.0,103.55361111111111,rule_v1
kettle,1475998298000000,1475998428000000,130.0,98.0825,rule_v1
kettle,1476012606000000,1476012768000000,162.0,111.12472222222222,rule_v1
kettle,1476013286000000,1476013317000000,31.0,23.829722222222223,rule_v1
kettle,1476023446000000,1476023540000000,94.0,101.3775,rule_v1
kettle,1476032002000000,1476032146000000,144.0,96.76277777777777,rule_v1
kettle,1476082546000000,1476082660000000,114.0,80.38333333333334,rule_v1
kettle,1476082763000000,1476082846000000,83.0,66.34666666666666,rule_v1
kettle,1476087277000000,1476087345000000,68.0,51.60888888888889,rule_v1
kettle,1476090021000000,1476090085000000,64.0,49.43472222222222,rule_v1
kettle,1476111410000000,1476111508000000,98.0,67.3463888888889,rule_v1
kettle,1476112738000000,1476112872000000,134.0,93.17083333333333,rule_v1
kettle,1476117234000000,1476117330000000,96.0,65.42111111111112,rule_v1
kettle,1476122190000000,1476122375000000,185.0,117.92694444444444,rule_v1
kettle,1476124127000000,1476124211000000,84.0,62.99027777777778,rule_v1
kettle,1476167969000000,1476168095000000,126.0,85.68861111111111,rule_v1
kettle,1476168736000000,1476168769000000,33.0,29.638055555555557,rule_v1
kettle,1476182562000000,1476182725000000,163.0,111.16888888888889,rule_v1
kettle,1476195882000000,1476196059000000,177.0,122.0425,rule_v1
kettle,1476201704000000,1476201946000000,242.0,160.96194444444444,rule_v1
kettle,1476206586000000,1476206682000000,96.0,68.34972222222223,rule_v1
kettle,1476252279000000,1476252435000000,156.0,107.03972222222222,rule_v1
kettle,1476252984000000,1476253077000000,93.0,64.78805555555556,rule_v1
kettle,1476255588000000,1476255657000000,69.0,50.07111111111111,rule_v1
kettle,1476260584000000,1476260671000000,87.0,62.215,rule_v1
kettle,1476272252000000,1476272449000000,197.0,131.56222222222223,rule_v1
kettle,1476274340000000,1476274464000000,124.0,86.68027777777777,rule_v1
kettle,1476284490000000,1476284574000000,84.0,62.67111111111111,rule_v1
kettle,1476289337000000,1476289574000000,237.0,160.06722222222223,rule_v1
kettle,1476340627000000,1476340794000000,167.0,113.14916666666667,rule_v1
kettle,1476341946000000,1476342060000000,114.0,77.98611111111111,rule_v1
kettle,1476348279000000,1476348369000000,90.0,68.64694444444444,rule_v1
kettle,1476355283000000,1476355405000000,122.0,83.31694444444445,rule_v1
kettle,1476380782000000,1476380979000000,197.0,134.43166666666667,rule_v1
kettle,1476383817000000,1476383887000000,70.0,49.44972222222222,rule_v1
kettle,1476427343000000,1476427514000000,171.0,124.8875,rule_v1
kettle,1476434327000000,1476434449000000,122.0,83.9661111111111,rule_v1
kettle,1476470808000000,1476471046000000,238.0,140.0625,rule_v1
kettle,1476515906000000,1476515986000000,80.0,58.58555555555556,rule_v1
kettle,1476516060000000,1476516184000000,124.0,84.17555555555556,rule_v1
kettle,1476516391000000,1476516462000000,71.0,19.371388888888887,rule_v1
kettle,1476546075000000,1476546223000000,148.0,104.46333333333334,rule_v1
kettle,1476549669000000,1476549927000000,258.0,163.92277777777778,rule_v1
kettle,1476552566000000,1476552708000000,142.0,96.96777777777778,rule_v1
kettle,1476602318000000,1476602460000000,142.0,100.01916666666666,rule_v1
kettle,1476603278000000,1476603352000000,74.0,52.256388888888885,rule_v1
kettle,1476607383000000,1476607469000000,86.0,60.44722222222222,rule_v1
kettle,1476619899000000,1476619995000000,96.0,67.90833333333333,rule_v1
kettle,1476625238000000,1476625347000000,109.0,74.89916666666667,rule_v1
kettle,1476633240000000,1476633444000000,204.0,136.87527777777777,rule_v1
kettle,1476642380000000,1476642522000000,142.0,98.30111111111111,rule_v1
kettle,1476683395000000,1476683540000000,145.0,99.74361111111111,rule_v1
kettle,1476686306000000,1476686423000000,117.0,78.84972222222223,rule_v1
kettle,1476696396000000,1476696499000000,103.0,69.9425,rule_v1
kettle,1476771720000000,1476771832000000,112.0,79.25833333333334,rule_v1
kettle,1476772531000000,1476772596000000,65.0,45.54222222222222,rule_v1
kettle,1476860316000000,1476860463000000,147.0,101.62805555555556,rule_v1
kettle,1476861613000000,1476861644000000,31.0,25.03388888888889,rule_v1
kettle,1476866367000000,1476866456000000,89.0,63.85472222222222,rule_v1
kettle,1476877038000000,1476877097000000,59.0,42.68361111111111,rule_v1
kettle,1476893697000000,1476893820000000,123.0,84.24388888888889,rule_v1
kettle,1476945228000000,1476945365000000,137.0,91.90055555555556,rule_v1
kettle,1476945776000000,1476945827000000,51.0,37.04666666666667,rule_v1
kettle,1476962532000000,1476962716000000,184.0,123.34583333333333,rule_v1
kettle,1476966186000000,1476966269000000,83.0,58.187777777777775,rule_v1
kettle,1476980436000000,1476980531000000,95.0,68.20194444444445,rule_v1
kettle,1476980885000000,1476980936000000,51.0,39.46277777777778,rule_v1
kettle,1477031933000000,1477032042000000,109.0,74.06472222222222,rule_v1
kettle,1477052331000000,1477052477000000,146.0,101.42027777777778,rule_v1
kettle,1477383480000000,1477383699000000,219.0,146.86,rule_v1
kettle,1477411977000000,1477412070000000,93.0,65.91916666666667,rule_v1
kettle,1477463082000000,1477463185000000,103.0,70.94972222222222,rule_v1
kettle,1477463800000000,1477463964000000,164.0,85.32444444444444,rule_v1
kettle,1477472497000000,1477472583000000,86.0,61.05972222222222,rule_v1
kettle,1477510836000000,1477510957000000,121.0,83.37916666666666,rule_v1
kettle,1477557883000000,1477557970000000,87.0,62.35916666666667,rule_v1
kettle,1477571629000000,1477571738000000,109.0,77.21111111111111,rule_v1
kettle,1477586626000000,1477586794000000,168.0,114.42277777777778,rule_v1
kettle,1477641360000000,1477641456000000,96.0,66.11083333333333,rule_v1
kettle,1477676612000000,1477676756000000,144.0,105.28833333333333,rule_v1
kettle,1477676991000000,1477677032000000,41.0,31.15888888888889,rule_v1
kettle,1477677419000000,1477677476000000,57.0,48.29805555555556,rule_v1
kettle,1477728367000000,1477728466000000,99.0,69.14111111111112,rule_v1
kettle,1477731024000000,1477731100000000,76.0,54.408611111111114,rule_v1
kettle,1477733407000000,1477733475000000,68.0,48.61361111111111,rule_v1
kettle,1477748677000000,1477748782000000,105.0,75.46,rule_v1
kettle,1477753981000000,1477754064000000,83.0,62.84916666666667,rule_v1
kettle,1477757481000000,1477757571000000,90.0,62.705555555555556,rule_v1
kettle,1477759681000000,1477759846000000,165.0,111.24666666666667,rule_v1
kettle,1477814476000000,1477814590000000,114.0,80.04972222222223,rule_v1
kettle,1477819821000000,1477819977000000,156.0,106.75416666666666,rule_v1
kettle,1477829905000000,1477830009000000,104.0,72.02055555555556,rule_v1
kettle,1477845879000000,1477846009000000,130.0,91.0911111111111,rule_v1
kettle,1477847073000000,1477847170000000,97.0,68.32583333333334,rule_v1
kettle,1477903200000000,1477903362000000,162.0,115.9675,rule_v1
kettle,1477905999000000,1477906056000000,57.0,41.096944444444446,rule_v1
kettle,1477906440000000,1477906492000000,52.0,38.67333333333333,rule_v1
kettle,1477919415000000,1477919596000000,181.0,124.10638888888889,rule_v1
kettle,1477928441000000,1477928562000000,121.0,85.235,rule_v1
kettle,1477937762000000,1477937862000000,100.0,72.14722222222223,rule_v1
kettle,1477984110000000,1477984248000000,138.0,91.86194444444445,rule_v1
kettle,1477985761000000,1477985807000000,46.0,38.93277777777778,rule_v1
kettle,1477987081000000,1477987132000000,51.0,39.6975,rule_v1
kettle,1477991968000000,1477992074000000,106.0,73.30444444444444,rule_v1
kettle,1478011019000000,1478011142000000,123.0,89.06,rule_v1
kettle,1478015170000000,1478015303000000,133.0,97.44916666666667,rule_v1
kettle,1478016540000000,1478016629000000,89.0,67.24,rule_v1
kettle,1478073339000000,1478073470000000,131.0,90.13361111111111,rule_v1
kettle,1478079208000000,1478079286000000,78.0,53.73027777777778,rule_v1
kettle,1478083914000000,1478083984000000,70.0,50.257777777777775,rule_v1
kettle,1478087726000000,1478087927000000,201.0,137.3827777777778,rule_v1
kettle,1478089460000000,1478089499000000,39.0,29.45722222222222,rule_v1
kettle,1478103010000000,1478103184000000,174.0,127.98222222222222,rule_v1
kettle,1478104483000000,1478104557000000,74.0,53.833888888888886,rule_v1
kettle,1478109533000000,1478109608000000,75.0,53.21,rule_v1
kettle,1478111545000000,1478111741000000,196.0,131.2302777777778,rule_v1
kettle,1478114250000000,1478114383000000,133.0,90.83333333333333,rule_v1
kettle,1478158293000000,1478158432000000,139.0,92.11361111111111,rule_v1
kettle,1478159872000000,1478159971000000,99.0,73.35916666666667,rule_v1
kettle,1478160863000000,1478160903000000,40.0,29.430833333333332,rule_v1
kettle,1478166459000000,1478166546000000,87.0,61.923611111111114,rule_v1
kettle,1478172017000000,1478172149000000,132.0,92.89972222222222,rule_v1
kettle,1478178590000000,1478178667000000,77.0,56.91222222222222,rule_v1
kettle,1478182858000000,1478182960000000,102.0,72.88111111111111,rule_v1
kettle,1478192819000000,1478192905000000,86.0,62.16416666666667,rule_v1
kettle,1478199322000000,1478199512000000,190.0,128.54194444444445,rule_v1
kettle,1478201774000000,1478201842000000,68.0,48.44027777777778,rule_v1
kettle,1478245837000000,1478245946000000,109.0,77.83694444444444,rule_v1
kettle,1478246010000000,1478246147000000,137.0,94.03138888888888,rule_v1
kettle,1478250831000000,1478250924000000,93.0,64.71777777777778,rule_v1
kettle,1478262317000000,1478262524000000,207.0,143.61166666666668,rule_v1
kettle,1478270478000000,1478270632000000,154.0,104.7713888888889,rule_v1
kettle,1478333549000000,1478333666000000,117.0,81.42361111111111,rule_v1
kettle,1478336533000000,1478336660000000,127.0,88.64444444444445,rule_v1
kettle,1478340971000000,1478341035000000,64.0,45.051944444444445,rule_v1
kettle,1478362660000000,1478362775000000,115.0,78.06777777777778,rule_v1
kettle,1478366797000000,1478366979000000,182.0,124.07388888888889,rule_v1
kettle,1478420984000000,1478421115000000,131.0,89.90777777777778,rule_v1
kettle,1478422710000000,1478422813000000,103.0,70.51166666666667,rule_v1
kettle,1478436929000000,1478437037000000,108.0,75.19444444444444,rule_v1
kettle,1478440013000000,1478440109000000,96.0,68.18722222222222,rule_v1
kettle,1478443294000000,1478443353000000,59.0,44.943333333333335,rule_v1
kettle,1478503547000000,1478503720000000,173.0,117.24138888888889,rule_v1
kettle,1478519574000000,1478519666000000,92.0,65.68722222222222,rule_v1
kettle,1478533454000000,1478533561000000,107.0,74.88861111111112,rule_v1
kettle,1478533943000000,1478534025000000,82.0,58.9725,rule_v1
kettle,1478541189000000,1478541306000000,117.0,80.71888888888888,rule_v1
kettle,1478547823000000,1478548001000000,178.0,119.82861111111112,rule_v1
kettle,1478588788000000,1478588970000000,182.0,125.83694444444444,rule_v1
kettle,1478589557000000,1478589625000000,68.0,29.579722222222223,rule_v1
kettle,1478599665000000,1478599759000000,94.0,66.8861111111111,rule_v1
kettle,1478607748000000,1478607860000000,112.0,77.58361111111111,rule_v1
kettle,1478608902000000,1478609009000000,107.0,75.12555555555555,rule_v1
kettle,1478610407000000,1478610500000000,93.0,66.31222222222222,rule_v1
kettle,1478624350000000,1478624493000000,143.0,99.25055555555555,rule_v1
kettle,1478625528000000,1478625590000000,62.0,57.181111111111115,rule_v1
kettle,1478634032000000,1478634145000000,113.0,76.06583333333333,rule_v1
kettle,1478637263000000,1478637327000000,64.0,44.33638888888889,rule_v1
kettle,1478677653000000,1478677852000000,199.0,104.43138888888889,rule_v1
kettle,1478677995000000,1478678042000000,47.0,17.360833333333332,rule_v1
kettle,1478696739000000,1478696893000000,154.0,106.49,rule_v1
kettle,1478708752000000,1478708941000000,189.0,128.49777777777777,rule_v1
kettle,1478718983000000,1478719171000000,188.0,127.63111111111111,rule_v1
kettle,1478762270000000,1478762385000000,115.0,83.13305555555556,rule_v1
kettle,1478762924000000,1478762957000000,33.0,26.747777777777777,rule_v1
kettle,1478763043000000,1478763133000000,90.0,63.219722222222224,rule_v1
kettle,1478773850000000,1478773993000000,143.0,101.63833333333334,rule_v1
kettle,1478782466000000,1478782554000000,88.0,62.41583333333333,rule_v1
kettle,1478783255000000,1478783285000000,30.0,24.331944444444446,rule_v1
kettle,1478805636000000,1478805899000000,263.0,178.39777777777778,rule_v1
kettle,1478850013000000,1478850147000000,134.0,93.65777777777778,rule_v1
kettle,1478850605000000,1478850636000000,31.0,30.41611111111111,rule_v1
kettle,1478859927000000,1478860017000000,90.0,61.102222222222224,rule_v1
kettle,1478866328000000,1478866440000000,112.0,78.51555555555555,rule_v1
kettle,1478875168000000,1478875272000000,104.0,73.61027777777778,rule_v1
kettle,1478892544000000,1478892707000000,163.0,110.93222222222222,rule_v1
kettle,1478939243000000,1478939392000000,149.0,103.13722222222222,rule_v1
kettle,1478946345000000,1478946445000000,100.0,67.42944444444444,rule_v1
kettle,1478947417000000,1478947488000000,71.0,50.65833333333333,rule_v1
kettle,1479026053000000,1479026183000000,130.0,93.21166666666667,rule_v1
kettle,1479029874000000,1479029968000000,94.0,65.7136111111111,rule_v1
kettle,1479043931000000,1479044042000000,111.0,79.44388888888889,rule_v1
kettle,1479109168000000,1479109347000000,179.0,119.82444444444444,rule_v1
kettle,1479123554000000,1479123688000000,134.0,92.19805555555556,rule_v1
kettle,1479127238000000,1479127406000000,168.0,113.83416666666666,rule_v1
kettle,1479129911000000,1479130015000000,104.0,74.11861111111111,rule_v1
kettle,1479144993000000,1479145233000000,240.0,160.05555555555554,rule_v1
kettle,1479194684000000,1479194773000000,89.0,64.20916666666666,rule_v1
kettle,1479195722000000,1479195782000000,60.0,47.97694444444444,rule_v1
kettle,1479202331000000,1479202435000000,104.0,79.41194444444444,rule_v1
kettle,1479214957000000,1479215084000000,127.0,92.54555555555555,rule_v1
kettle,1479228613000000,1479228793000000,180.0,124.2611111111111,rule_v1
kettle,1479230568000000,1479230611000000,43.0,33.602777777777774,rule_v1
kettle,1479282694000000,1479282825000000,131.0,90.55361111111111,rule_v1
kettle,1479314721000000,1479314885000000,164.0,112.22777777777777,rule_v1
kettle,1479324973000000,1479325163000000,190.0,125.70694444444445,rule_v1
kettle,1479369362000000,1479369509000000,147.0,100.30888888888889,rule_v1
kettle,1479377203000000,1479377294000000,91.0,61.9175,rule_v1
kettle,1479455852000000,1479455982000000,130.0,93.84361111111112,rule_v1
kettle,1479460581000000,1479460653000000,72.0,52.31805555555555,rule_v1
kettle,1479471350000000,1479471459000000,109.0,75.48972222222223,rule_v1
kettle,1479482039000000,1479482118000000,79.0,57.525555555555556,rule_v1
kettle,1479483200000000,1479483310000000,110.0,81.28611111111111,rule_v1
kettle,1479542424000000,1479542528000000,104.0,75.18027777777777,rule_v1
kettle,1479546217000000,1479546354000000,137.0,97.62388888888889,rule_v1
kettle,1479548296000000,1479548368000000,72.0,52.07388888888889,rule_v1
kettle,1479562860000000,1479563007000000,147.0,96.45527777777778,rule_v1
kettle,1479565406000000,1479565457000000,51.0,37.115833333333335,rule_v1
kettle,1479577853000000,1479577950000000,97.0,64.99861111111112,rule_v1
kettle,1479588197000000,1479588314000000,117.0,79.65777777777778,rule_v1
kettle,1479630571000000,1479630688000000,117.0,82.03833333333333,rule_v1
kettle,1479632514000000,1479632596000000,82.0,58.41361111111111,rule_v1
kettle,1479643619000000,1479643756000000,137.0,92.07611111111112,rule_v1
kettle,1479713990000000,1479714174000000,184.0,119.35805555555555,rule_v1
kettle,1479714560000000,1479714643000000,83.0,42.09,rule_v1
kettle,1479734648000000,1479734784000000,136.0,95.74972222222222,rule_v1
kettle,1479750449000000,1479750633000000,184.0,116.94527777777778,rule_v1
kettle,1479751939000000,1479752087000000,148.0,104.76694444444445,rule_v1
kettle,1479752183000000,1479752228000000,45.0,28.61138888888889,rule_v1
kettle,1479756023000000,1479756122000000,99.0,71.24277777777777,rule_v1
kettle,1479801014000000,1479801152000000,138.0,96.06777777777778,rule_v1
kettle,1479801869000000,1479801900000000,31.0,25.322222222222223,rule_v1
kettle,1479804342000000,1479804399000000,57.0,42.834722222222226,rule_v1
kettle,1479833104000000,1479833249000000,145.0,100.00277777777778,rule_v1
kettle,1479835913000000,1479835972000000,59.0,46.65638888888889,rule_v1
kettle,1479886924000000,1479887067000000,143.0,96.4275,rule_v1
kettle,1479887713000000,1479887777000000,64.0,45.71333333333333,rule_v1
kettle,1479907169000000,1479907287000000,118.0,83.92138888888888,rule_v1
kettle,1479920595000000,1479920809000000,214.0,145.71805555555557,rule_v1
kettle,1479923850000000,1479923935000000,85.0,60.45194444444444,rule_v1
kettle,1479941967000000,1479942030000000,63.0,47.937777777777775,rule_v1
kettle,1479974488000000,1479974640000000,152.0,107.68055555555556,rule_v1
kettle,1479985817000000,1479985907000000,90.0,62.65833333333333,rule_v1
kettle,1479991571000000,1479991700000000,129.0,90.22916666666667,rule_v1
kettle,1480001879000000,1480001966000000,87.0,62.19638888888889,rule_v1
kettle,1480057497000000,1480057620000000,123.0,84.9636111111111,rule_v1
kettle,1480057709000000,1480057773000000,64.0,46.55388888888889,rule_v1
kettle,1480065395000000,1480065543000000,148.0,102.53694444444444,rule_v1
kettle,1480076803000000,1480076943000000,140.0,96.2075,rule_v1
kettle,1480078701000000,1480078759000000,58.0,41.285,rule_v1
kettle,1480145125000000,1480145241000000,116.0,80.33,rule_v1
kettle,1480148648000000,1480148771000000,123.0,83.58083333333333,rule_v1
kettle,1480158775000000,1480158873000000,98.0,68.145,rule_v1
kettle,1480161860000000,1480161917000000,57.0,42.28388888888889,rule_v1
kettle,1480166520000000,1480166670000000,150.0,103.42388888888888,rule_v1
kettle,1480172484000000,1480172568000000,84.0,59.291666666666664,rule_v1
kettle,1480181016000000,1480181224000000,208.0,138.39222222222222,rule_v1
kettle,1480184194000000,1480184279000000,85.0,60.14055555555556,rule_v1
kettle,1480233803000000,1480233842000000,39.0,29.379722222222224,rule_v1
kettle,1480237853000000,1480238001000000,148.0,98.91111111111111,rule_v1
kettle,1480275851000000,1480276038000000,187.0,126.49472222222222,rule_v1
kettle,1480317694000000,1480317792000000,98.0,68.19833333333334,rule_v1
kettle,1480317877000000,1480317911000000,34.0,28.266666666666666,rule_v1
kettle,1480319709000000,1480319784000000,75.0,53.297777777777775,rule_v1
kettle,1480325626000000,1480325787000000,161.0,109.465,rule_v1
kettle,1480405884000000,1480405998000000,114.0,80.43527777777778,rule_v1
kettle,1480406384000000,1480406441000000,57.0,42.88722222222222,rule_v1
kettle,1480426721000000,1480426879000000,158.0,109.28027777777778,rule_v1
kettle,1480436397000000,1480436480000000,83.0,58.53,rule_v1
kettle,1480436598000000,1480436675000000,77.0,57.358333333333334,rule_v1
kettle,1480442894000000,1480442976000000,82.0,59.284166666666664,rule_v1
kettle,1480443771000000,1480443815000000,44.0,33.17888888888889,rule_v1
kettle,1480447993000000,1480448157000000,164.0,110.24583333333334,rule_v1
kettle,1480448568000000,1480448709000000,141.0,119.11833333333334,rule_v1
kettle,1480449985000000,1480450036000000,51.0,41.221111111111114,rule_v1
kettle,1480490351000000,1480490503000000,152.0,107.11666666666666,rule_v1
kettle,1480491662000000,1480491773000000,111.0,77.11638888888889,rule_v1
kettle,1480493857000000,1480493921000000,64.0,48.49805555555555,rule_v1
kettle,1480501957000000,1480502050000000,93.0,67.80083333333333,rule_v1
kettle,1480506966000000,1480507121000000,155.0,110.0925,rule_v1
kettle,1480507523000000,1480507679000000,156.0,110.59666666666666,rule_v1
kettle,1480510095000000,1480510218000000,123.0,85.89027777777778,rule_v1
kettle,1480526038000000,1480526160000000,122.0,83.2238888888889,rule_v1
kettle,1480577121000000,1480577288000000,167.0,112.87916666666666,rule_v1
kettle,1480578755000000,1480578794000000,39.0,29.923055555555557,rule_v1
kettle,1480586306000000,1480586371000000,65.0,47.65888888888889,rule_v1
kettle,1480596826000000,1480597025000000,199.0,136.71305555555554,rule_v1
kettle,1480597147000000,1480597244000000,97.0,71.25805555555556,rule_v1
kettle,1480599315000000,1480599384000000,69.0,50.35055555555556,rule_v1
kettle,1480601976000000,1480602092000000,116.0,80.91388888888889,rule_v1
kettle,1480926723000000,1480926893000000,170.0,114.93277777777777,rule_v1
kettle,1480934295000000,1480934393000000,98.0,68.35777777777778,rule_v1
kettle,1480934999000000,1480935070000000,71.0,52.42888888888889,rule_v1
kettle,1480944187000000,1480944293000000,106.0,80.365,rule_v1
kettle,1480957990000000,1480958069000000,79.0,55.55833333333333,rule_v1
kettle,1480960670000000,1480960767000000,97.0,66.84861111111111,rule_v1
kettle,1480967329000000,1480967524000000,195.0,134.82361111111112,rule_v1
kettle,1481011498000000,1481011639000000,141.0,96.40083333333334,rule_v1
kettle,1481014681000000,1481014747000000,66.0,49.403055555555554,rule_v1
kettle,1481028745000000,1481028969000000,224.0,149.19722222222222,rule_v1
kettle,1481046605000000,1481046814000000,209.0,140.9886111111111,rule_v1
kettle,1481052313000000,1481052537000000,224.0,151.67055555555555,rule_v1
kettle,1481097190000000,1481097244000000,54.0,39.859722222222224,rule_v1
kettle,1481097342000000,1481097415000000,73.0,52.89,rule_v1
kettle,1481098476000000,1481098568000000,92.0,64.99583333333334,rule_v1
kettle,1481103700000000,1481103796000000,96.0,61.71472222222222,rule_v1
kettle,1481112190000000,1481112310000000,120.0,83.35277777777777,rule_v1
kettle,1481115189000000,1481115248000000,59.0,43.11472222222222,rule_v1
kettle,1481116889000000,1481117051000000,162.0,114.33472222222223,rule_v1
kettle,1481137020000000,1481137139000000,119.0,93.27444444444444,rule_v1
kettle,1481138999000000,1481139102000000,103.0,72.3938888888889,rule_v1
kettle,1481183383000000,1481183553000000,170.0,112.98666666666666,rule_v1
kettle,1481189848000000,1481189931000000,83.0,59.721111111111114,rule_v1
kettle,1481193006000000,1481193112000000,106.0,74.39138888888888,rule_v1
kettle,1481200528000000,1481200621000000,93.0,67.26527777777778,rule_v1
kettle,1481200701000000,1481200784000000,83.0,60.646388888888886,rule_v1
kettle,1481201645000000,1481201698000000,53.0,40.68083333333333,rule_v1
kettle,1481213137000000,1481213241000000,104.0,73.36611111111111,rule_v1
kettle,1481268610000000,1481268720000000,110.0,78.93861111111111,rule_v1
kettle,1481269339000000,1481269372000000,33.0,25.282777777777778,rule_v1
kettle,1481278331000000,1481278433000000,102.0,70.67944444444444,rule_v1
kettle,1481282718000000,1481282785000000,67.0,48.09972222222222,rule_v1
kettle,1481287507000000,1481287623000000,116.0,80.95916666666666,rule_v1
kettle,1481315215000000,1481315407000000,192.0,126.81,rule_v1
kettle,1481353067000000,1481353163000000,96.0,69.61638888888889,rule_v1
kettle,1481360175000000,1481360272000000,97.0,68.40805555555555,rule_v1
kettle,1481362583000000,1481362675000000,92.0,63.88527777777778,rule_v1
kettle,1481369733000000,1481369854000000,121.0,84.40166666666667,rule_v1
kettle,1481371565000000,1481371632000000,67.0,48.61611111111111,rule_v1
kettle,1481376801000000,1481376890000000,89.0,63.63166666666667,rule_v1
kettle,1481377779000000,1481377846000000,67.0,48.950833333333335,rule_v1
kettle,1481378391000000,1481378478000000,87.0,61.12416666666667,rule_v1
kettle,1481378660000000,1481378738000000,78.0,55.75194444444445,rule_v1
kettle,1481387473000000,1481387566000000,93.0,70.67277777777778,rule_v1
kettle,1481444553000000,1481444714000000,161.0,108.26083333333334,rule_v1
kettle,1481457984000000,1481458138000000,154.0,104.89361111111111,rule_v1
kettle,1481458277000000,1481458382000000,105.0,56.47694444444445,rule_v1
kettle,1481467054000000,1481467116000000,62.0,47.312222222222225,rule_v1
kettle,1481477561000000,1481477654000000,93.0,69.18722222222222,rule_v1
kettle,1481527646000000,1481527860000000,214.0,143.92694444444444,rule_v1
kettle,1481528927000000,1481528973000000,46.0,50.55638888888889,rule_v1
kettle,1481529553000000,1481529618000000,65.0,45.69888888888889,rule_v1
kettle,1481538897000000,1481539022000000,125.0,89.79472222222222,rule_v1
kettle,1481545147000000,1481545286000000,139.0,97.07916666666667,rule_v1
kettle,1481547175000000,1481547252000000,77.0,53.61611111111111,rule_v1
kettle,1481565153000000,1481565298000000,145.0,106.66388888888889,rule_v1
kettle,1481614622000000,1481614798000000,176.0,117.19361111111111,rule_v1
kettle,1481628275000000,1481628365000000,90.0,64.07777777777778,rule_v1
kettle,1481636861000000,1481636899000000,38.0,28.656111111111112,rule_v1
kettle,1481649009000000,1481649312000000,303.0,181.06611111111113,rule_v1
kettle,1481654972000000,1481655119000000,147.0,99.6975,rule_v1
kettle,1481656553000000,1481656647000000,94.0,65.58833333333334,rule_v1
kettle,1481700635000000,1481700758000000,123.0,87.59861111111111,rule_v1
kettle,1481702020000000,1481702109000000,89.0,64.56666666666666,rule_v1
kettle,1481718625000000,1481718792000000,167.0,112.17777777777778,rule_v1
kettle,1481735175000000,1481735292000000,117.0,81.69833333333334,rule_v1
kettle,1481743373000000,1481743506000000,133.0,90.0963888888889,rule_v1
kettle,1481788112000000,1481788253000000,141.0,95.74666666666667,rule_v1
kettle,1481788339000000,1481788422000000,83.0,57.77305555555556,rule_v1
kettle,1481798803000000,1481798866000000,63.0,44.73277777777778,rule_v1
kettle,1481805734000000,1481805819000000,85.0,61.30222222222222,rule_v1
kettle,1481807394000000,1481807459000000,65.0,48.36361111111111,rule_v1
kettle,1481873716000000,1481873879000000,163.0,111.36833333333334,rule_v1
kettle,1481875357000000,1481875443000000,86.0,60.85138888888889,rule_v1
kettle,1481882974000000,1481883066000000,92.0,67.0,rule_v1
kettle,1481884802000000,1481884885000000,83.0,58.6,rule_v1
kettle,1481891623000000,1481891722000000,99.0,74.09361111111112,rule_v1
kettle,1481910086000000,1481910160000000,74.0,53.36055555555556,rule_v1
kettle,1481916235000000,1481916346000000,111.0,77.69222222222223,rule_v1
kettle,1481963434000000,1481963571000000,137.0,92.77333333333333,rule_v1
kettle,1481967248000000,1481967313000000,65.0,42.83694444444444,rule_v1
kettle,1481968807000000,1481968923000000,116.0,79.3313888888889,rule_v1
kettle,1482004543000000,1482004732000000,189.0,126.91555555555556,rule_v1
kettle,1482045075000000,1482045233000000,158.0,106.1375,rule_v1
kettle,1482132997000000,1482133104000000,107.0,74.20194444444445,rule_v1
kettle,1482164148000000,1482164325000000,177.0,121.5775,rule_v1
kettle,1482171070000000,1482171162000000,92.0,67.16388888888889,rule_v1
kettle,1482176857000000,1482177099000000,242.0,162.8825,rule_v1
kettle,1482220637000000,1482220810000000,173.0,119.38194444444444,rule_v1
kettle,1482235465000000,1482235588000000,123.0,85.19222222222223,rule_v1
kettle,1482238903000000,1482238970000000,67.0,47.344166666666666,rule_v1
kettle,1482246549000000,1482246648000000,99.0,70.53472222222223,rule_v1
kettle,1482253413000000,1482253635000000,222.0,151.67361111111111,rule_v1
kettle,1482261260000000,1482261430000000,170.0,116.97027777777778,rule_v1
kettle,1482305156000000,1482305317000000,161.0,111.06666666666666,rule_v1
kettle,1482306740000000,1482306823000000,83.0,60.54222222222222,rule_v1
kettle,1482322510000000,1482322662000000,152.0,104.79277777777777,rule_v1
kettle,1482347169000000,1482347330000000,161.0,111.07166666666667,rule_v1
kettle,1482348733000000,1482348884000000,151.0,100.74138888888889,rule_v1
kettle,1482352629000000,1482352707000000,78.0,56.33083333333333,rule_v1
kettle,1482391736000000,1482391919000000,183.0,125.58361111111111,rule_v1
kettle,1482394461000000,1482394508000000,47.0,35.165277777777774,rule_v1
kettle,1482399209000000,1482399288000000,79.0,55.50194444444445,rule_v1
kettle,1482408636000000,1482408765000000,129.0,86.6925,rule_v1
kettle,1482411494000000,1482411566000000,72.0,52.25361111111111,rule_v1
kettle,1482411821000000,1482411993000000,172.0,114.29194444444444,rule_v1
kettle,1482412427000000,1482412482000000,55.0,40.28388888888889,rule_v1
kettle,1482414297000000,1482414478000000,181.0,122.5586111111111,rule_v1
kettle,1482428761000000,1482428873000000,112.0,74.37944444444445,rule_v1
kettle,1482429060000000,1482429237000000,177.0,114.76416666666667,rule_v1
kettle,1482474407000000,1482474494000000,87.0,62.08083333333333,rule_v1
kettle,1482480189000000,1482480308000000,119.0,82.69722222222222,rule_v1
kettle,1482481451000000,1482481496000000,45.0,33.28666666666667,rule_v1
kettle,1482495993000000,1482496156000000,163.0,109.19694444444444,rule_v1
kettle,1482565786000000,1482565901000000,115.0,79.79833333333333,rule_v1
kettle,1482565992000000,1482566063000000,71.0,50.37138888888889,rule_v1
kettle,1482566744000000,1482566776000000,32.0,25.3425,rule_v1
kettle,1482574505000000,1482574601000000,96.0,67.38888888888889,rule_v1
kettle,1482590403000000,1482590519000000,116.0,81.48166666666667,rule_v1
kettle,1482602086000000,1482602158000000,72.0,52.97888888888889,rule_v1
kettle,1482651413000000,1482651550000000,137.0,95.12777777777778,rule_v1
kettle,1482656156000000,1482656302000000,146.0,99.1925,rule_v1
kettle,1482662415000000,1482662511000000,96.0,69.08583333333333,rule_v1
kettle,1482740223000000,1482740353000000,130.0,90.52527777777777,rule_v1
kettle,1482740982000000,1482741088000000,106.0,75.34694444444445,rule_v1
kettle,1482742314000000,1482742410000000,96.0,67.2311111111111,rule_v1
kettle,1482752829000000,1482752921000000,92.0,62.26861111111111,rule_v1
kettle,1482753338000000,1482753456000000,118.0,87.17194444444445,rule_v1
kettle,1482754148000000,1482754253000000,105.0,73.73611111111111,rule_v1
kettle,1483175137000000,1483175261000000,124.0,82.87388888888889,rule_v1
kettle,1483176456000000,1483176557000000,101.0,67.19916666666667,rule_v1
kettle,1483262939000000,1483263059000000,120.0,82.82166666666667,rule_v1
kettle,1483267041000000,1483267162000000,121.0,84.74944444444445,rule_v1
kettle,1483268040000000,1483268076000000,36.0,28.328333333333333,rule_v1
kettle,1483612882000000,1483613012000000,130.0,94.77916666666667,rule_v1
kettle,1483633165000000,1483633329000000,164.0,107.77666666666667,rule_v1
kettle,1483644193000000,1483644400000000,207.0,144.39222222222222,rule_v1
kettle,1483688556000000,1483688706000000,150.0,103.00722222222223,rule_v1
kettle,1483695037000000,1483695134000000,97.0,69.30722222222222,rule_v1
kettle,1483697890000000,1483697992000000,102.0,76.23722222222223,rule_v1
kettle,1483705934000000,1483706058000000,124.0,85.6325,rule_v1
kettle,1483719753000000,1483719875000000,122.0,88.32277777777777,rule_v1
kettle,1483726836000000,1483726981000000,145.0,100.745,rule_v1
kettle,1483728219000000,1483728292000000,73.0,52.0475,rule_v1
kettle,1483779488000000,1483779599000000,111.0,78.01305555555555,rule_v1
kettle,1483779774000000,1483779852000000,78.0,55.17138888888889,rule_v1
kettle,1483787053000000,1483787147000000,94.0,65.95916666666666,rule_v1
kettle,1483799846000000,1483799973000000,127.0,86.6575,rule_v1
kettle,1483808565000000,1483808662000000,97.0,68.31416666666667,rule_v1
kettle,1483811713000000,1483811871000000,158.0,104.57111111111111,rule_v1
kettle,1483862564000000,1483862670000000,106.0,75.4975,rule_v1
kettle,1483867305000000,1483867413000000,108.0,74.43388888888889,rule_v1
kettle,1483882795000000,1483883014000000,219.0,148.23888888888888,rule_v1
kettle,1483885877000000,1483885948000000,71.0,49.306666666666665,rule_v1
kettle,1483892849000000,1483892927000000,78.0,54.44305555555555,rule_v1
kettle,1483947275000000,1483947385000000,110.0,79.56916666666666,rule_v1
kettle,1483948135000000,1483948205000000,70.0,51.550555555555555,rule_v1
kettle,1483957348000000,1483957476000000,128.0,89.57472222222222,rule_v1
kettle,1483963955000000,1483964041000000,86.0,60.36333333333334,rule_v1
kettle,1483967807000000,1483967924000000,117.0,72.78222222222222,rule_v1
kettle,1483979679000000,1483979794000000,115.0,77.5663888888889,rule_v1
kettle,1483982887000000,1483983039000000,152.0,105.14833333333333,rule_v1
kettle,1483983725000000,1483983995000000,270.0,147.36277777777778,rule_v1
kettle,1484033489000000,1484033601000000,112.0,78.37805555555556,rule_v1
kettle,1484034598000000,1484034654000000,56.0,44.718333333333334,rule_v1
kettle,1484048665000000,1484048814000000,149.0,103.19166666666666,rule_v1
kettle,1484061099000000,1484061208000000,109.0,76.19638888888889,rule_v1
kettle,1484119236000000,1484119356000000,120.0,84.42305555555555,rule_v1
kettle,1484120243000000,1484120274000000,31.0,28.532777777777778,rule_v1
kettle,1484148900000000,1484149029000000,129.0,90.31861111111111,rule_v1
kettle,1484153674000000,1484153799000000,125.0,87.07722222222222,rule_v1
kettle,1484161964000000,1484162092000000,128.0,88.8463888888889,rule_v1
kettle,1484163330000000,1484163393000000,63.0,50.034444444444446,rule_v1
kettle,1484208423000000,1484208552000000,129.0,89.1825,rule_v1
kettle,1484213228000000,1484213301000000,73.0,55.70583333333333,rule_v1
kettle,1484225717000000,1484225874000000,157.0,107.33472222222223,rule_v1
kettle,1484226938000000,1484226976000000,38.0,29.408333333333335,rule_v1
kettle,1484236421000000,1484236532000000,111.0,76.77638888888889,rule_v1
kettle,1484244012000000,1484244186000000,174.0,115.0286111111111,rule_v1
kettle,1484292246000000,1484292391000000,145.0,99.93,rule_v1
kettle,1484293897000000,1484293986000000,89.0,64.76694444444445,rule_v1
kettle,1484298676000000,1484298780000000,104.0,76.29194444444444,rule_v1
kettle,1484310951000000,1484311123000000,172.0,122.63805555555555,rule_v1
kettle,1484314957000000,1484315142000000,185.0,129.10555555555555,rule_v1
kettle,1484315293000000,1484315396000000,103.0,53.794444444444444,rule_v1
kettle,1484315753000000,1484315849000000,96.0,69.66111111111111,rule_v1
kettle,1484335343000000,1484335452000000,109.0,75.42944444444444,rule_v1
kettle,1484381673000000,1484381835000000,162.0,114.73,rule_v1
kettle,1484385381000000,1484385550000000,169.0,118.2725,rule_v1
kettle,1484402251000000,1484402412000000,161.0,108.78138888888888,rule_v1
kettle,1484404421000000,1484404501000000,80.0,55.549166666666665,rule_v1
kettle,1484468032000000,1484468175000000,143.0,96.77222222222223,rule_v1
kettle,1484471402000000,1484471497000000,95.0,66.50194444444445,rule_v1
kettle,1484473522000000,1484473573000000,51.0,36.199444444444445,rule_v1
kettle,1484481183000000,1484481257000000,74.0,51.07333333333333,rule_v1
kettle,1484484812000000,1484484884000000,72.0,53.70777777777778,rule_v1
kettle,1484494716000000,1484494798000000,82.0,59.04833333333333,rule_v1
kettle,1484552074000000,1484552210000000,136.0,95.93694444444445,rule_v1
kettle,1484552981000000,1484553015000000,34.0,27.310555555555556,rule_v1
kettle,1484561850000000,1484561958000000,108.0,73.40805555555555,rule_v1
kettle,1484563951000000,1484564054000000,103.0,73.28694444444444,rule_v1
kettle,1484569639000000,1484569816000000,177.0,122.48388888888888,rule_v1
kettle,1484572420000000,1484572484000000,64.0,47.49388888888889,rule_v1
kettle,1484580843000000,1484580919000000,76.0,54.5175,rule_v1
kettle,1484587652000000,1484587768000000,116.0,80.78361111111111,rule_v1
kettle,1484593336000000,1484593494000000,158.0,104.68333333333334,rule_v1
kettle,1484594452000000,1484594587000000,135.0,87.60916666666667,rule_v1
kettle,1484638786000000,1484638935000000,149.0,102.56722222222223,rule_v1
kettle,1484640289000000,1484640366000000,77.0,53.514722222222225,rule_v1
kettle,1484644731000000,1484644785000000,54.0,44.511944444444445,rule_v1
kettle,1484646346000000,1484646425000000,79.0,54.70777777777778,rule_v1
kettle,1484647197000000,1484647230000000,33.0,25.2425,rule_v1
kettle,1484655316000000,1484655464000000,148.0,101.82333333333334,rule_v1
kettle,1484655528000000,1484655628000000,100.0,74.55972222222222,rule_v1
kettle,1484657745000000,1484657817000000,72.0,52.01166666666666,rule_v1
kettle,1484672188000000,1484672398000000,210.0,141.2213888888889,rule_v1
kettle,1484676495000000,1484676577000000,82.0,58.62388888888889,rule_v1
kettle,1484724760000000,1484724916000000,156.0,104.56166666666667,rule_v1
kettle,1484727650000000,1484727709000000,59.0,42.50972222222222,rule_v1
kettle,1484742400000000,1484742575000000,175.0,120.38555555555556,rule_v1
kettle,1484753208000000,1484753321000000,113.0,82.21444444444444,rule_v1
kettle,1484759467000000,1484759684000000,217.0,146.37055555555557,rule_v1
kettle,1484810498000000,1484810647000000,149.0,100.47583333333333,rule_v1
kettle,1484811764000000,1484811801000000,37.0,29.2175,rule_v1
kettle,1484843748000000,1484843895000000,147.0,103.39694444444444,rule_v1
kettle,1484851587000000,1484851706000000,119.0,79.39805555555556,rule_v1
kettle,1484897722000000,1484897825000000,103.0,72.19611111111111,rule_v1
kettle,1484898551000000,1484898589000000,38.0,28.886944444444445,rule_v1
kettle,1484899201000000,1484899319000000,118.0,84.06222222222222,rule_v1
kettle,1484904059000000,1484904142000000,83.0,58.21222222222222,rule_v1
kettle,1484913015000000,1484913124000000,109.0,80.64111111111112,rule_v1
kettle,1484913200000000,1484913290000000,90.0,63.08277777777778,rule_v1
kettle,1484926799000000,1484926941000000,142.0,96.95361111111112,rule_v1
kettle,1484931300000000,1484931364000000,64.0,45.83861111111111,rule_v1
kettle,1484935878000000,1484935944000000,66.0,48.278333333333336,rule_v1
kettle,1484988403000000,1484988545000000,142.0,99.20805555555556,rule_v1
kettle,1484990274000000,1484990396000000,122.0,83.30277777777778,rule_v1
kettle,1485010459000000,1485010572000000,113.0,78.79388888888889,rule_v1
kettle,1485015397000000,1485015451000000,54.0,72.67861111111111,rule_v1
kettle,1485015839000000,1485015970000000,131.0,92.13444444444444,rule_v1
kettle,1485025785000000,1485025844000000,59.0,42.228611111111114,rule_v1
kettle,1485033486000000,1485033558000000,72.0,50.12222222222222,rule_v1
kettle,1485072834000000,1485072932000000,98.0,67.35416666666667,rule_v1
kettle,1485081414000000,1485081527000000,113.0,76.91805555555555,rule_v1
kettle,1485085581000000,1485085696000000,115.0,76.89361111111111,rule_v1
kettle,1485087798000000,1485087903000000,105.0,73.13222222222223,rule_v1
kettle,1485088199000000,1485088374000000,175.0,118.10861111111112,rule_v1
kettle,1485090131000000,1485090183000000,52.0,37.70444444444445,rule_v1
kettle,1485092125000000,1485092209000000,84.0,60.0375,rule_v1
kettle,1485103353000000,1485103456000000,103.0,68.66833333333334,rule_v1
kettle,1485105716000000,1485105812000000,96.0,69.62,rule_v1
kettle,1485157004000000,1485157152000000,148.0,105.88138888888889,rule_v1
kettle,1485158420000000,1485158465000000,45.0,36.07888888888889,rule_v1
kettle,1485166922000000,1485167046000000,124.0,89.13777777777777,rule_v1
kettle,1485174898000000,1485175426000000,528.0,294.53527777777776,rule_v1
kettle,1485176541000000,1485176667000000,126.0,88.8463888888889,rule_v1
kettle,1485183026000000,1485183132000000,106.0,76.68388888888889,rule_v1
kettle,1485191048000000,1485191132000000,84.0,60.43666666666667,rule_v1
kettle,1485193188000000,1485193277000000,89.0,64.15222222222222,rule_v1
kettle,1485195428000000,1485195481000000,53.0,38.724444444444444,rule_v1
kettle,1485242345000000,1485242471000000,126.0,86.36138888888888,rule_v1
kettle,1485251604000000,1485251721000000,117.0,82.85416666666667,rule_v1
kettle,1485263189000000,1485263301000000,112.0,78.99333333333334,rule_v1
kettle,1485274196000000,1485274285000000,89.0,63.1925,rule_v1
kettle,1485277536000000,1485277740000000,204.0,139.12166666666667,rule_v1
kettle,1485281563000000,1485281636000000,73.0,51.408055555555556,rule_v1
kettle,1485328647000000,1485328773000000,126.0,87.91111111111111,rule_v1
kettle,1485358627000000,1485358768000000,141.0,95.01361111111112,rule_v1
kettle,1485359360000000,1485359391000000,31.0,25.25,rule_v1
kettle,1485361101000000,1485361211000000,110.0,76.83416666666666,rule_v1
kettle,1485414715000000,1485414863000000,148.0,99.90666666666667,rule_v1
kettle,1485416123000000,1485416169000000,46.0,33.45666666666666,rule_v1
kettle,1485417547000000,1485417626000000,79.0,56.07805555555556,rule_v1
kettle,1485426251000000,1485426331000000,80.0,57.18555555555555,rule_v1
kettle,1485458195000000,1485458536000000,341.0,191.9972222222222,rule_v1
kettle,1485460157000000,1485460211000000,54.0,39.38444444444445,rule_v1
kettle,1485497461000000,1485497589000000,128.0,90.25611111111111,rule_v1
kettle,1485501391000000,1485501462000000,71.0,49.65361111111111,rule_v1
kettle,1485509454000000,1485509570000000,116.0,82.64972222222222,rule_v1
kettle,1485518426000000,1485518490000000,64.0,46.70444444444445,rule_v1
kettle,1485524217000000,1485524414000000,197.0,136.75305555555556,rule_v1
kettle,1485526183000000,1485526243000000,60.0,45.095555555555556,rule_v1
kettle,1485533997000000,1485534076000000,79.0,55.8525,rule_v1
kettle,1485535622000000,1485535667000000,45.0,32.98583333333333,rule_v1
kettle,1485592531000000,1485592629000000,98.0,73.71888888888888,rule_v1
kettle,1485599341000000,1485599424000000,83.0,60.20444444444445,rule_v1
kettle,1485678454000000,1485678578000000,124.0,87.87638888888888,rule_v1
kettle,1485689069000000,1485689171000000,102.0,71.32277777777777,rule_v1
kettle,1485694525000000,1485694620000000,95.0,65.34722222222223,rule_v1
kettle,1485711107000000,1485711236000000,129.0,84.99361111111111,rule_v1
kettle,1485711342000000,1485711446000000,104.0,70.03861111111111,rule_v1
kettle,1485716283000000,1485716450000000,167.0,114.05888888888889,rule_v1
kettle,1485717966000000,1485718064000000,98.0,66.73527777777778,rule_v1
kettle,1485761786000000,1485761926000000,140.0,95.6425,rule_v1
kettle,1485764459000000,1485764530000000,71.0,51.463055555555556,rule_v1
kettle,1485773418000000,1485773543000000,125.0,84.3225,rule_v1
kettle,1485779110000000,1485779436000000,326.0,205.18111111111114,rule_v1
kettle,1485779595000000,1485779655000000,60.0,21.560277777777777,rule_v1
kettle,1485787382000000,1485787449000000,67.0,47.66722222222222,rule_v1
kettle,1485789748000000,1485789821000000,73.0,53.29472222222222,rule_v1
kettle,1485794160000000,1485794268000000,108.0,76.57083333333334,rule_v1
kettle,1485847969000000,1485848095000000,126.0,90.08527777777778,rule_v1
kettle,1485849417000000,1485849468000000,51.0,37.718333333333334,rule_v1
kettle,1485854002000000,1485854096000000,94.0,67.28527777777778,rule_v1
kettle,1485866475000000,1485866710000000,235.0,157.76472222222222,rule_v1
kettle,1485878511000000,1485878645000000,134.0,91.87138888888889,rule_v1
kettle,1485892820000000,1485892930000000,110.0,74.7538888888889,rule_v1
kettle,1485893383000000,1485893418000000,35.0,26.996388888888887,rule_v1
kettle,1485931205000000,1485931355000000,150.0,103.59027777777777,rule_v1
kettle,1485935635000000,1485935712000000,77.0,53.028055555555554,rule_v1
kettle,1485963085000000,1485963216000000,131.0,91.06138888888889,rule_v1
kettle,1485967762000000,1485968025000000,263.0,177.48638888888888,rule_v1
kettle,1485969522000000,1485969630000000,108.0,73.1625,rule_v1
kettle,1485970813000000,1485970850000000,37.0,28.07111111111111,rule_v1
kettle,1485978425000000,1485978505000000,80.0,60.047222222222224,rule_v1
kettle,1486021757000000,1486021881000000,124.0,86.4563888888889,rule_v1
kettle,1486022912000000,1486022950000000,38.0,28.3775,rule_v1
kettle,1486027376000000,1486027453000000,77.0,54.532222222222224,rule_v1
kettle,1486034899000000,1486035028000000,129.0,95.47666666666667,rule_v1
kettle,1486035828000000,1486035893000000,65.0,46.819722222222225,rule_v1
kettle,1486045849000000,1486045974000000,125.0,84.22749999999999,rule_v1
kettle,1486056963000000,1486057068000000,105.0,73.50722222222223,rule_v1
kettle,1486061011000000,1486061182000000,171.0,115.52638888888889,rule_v1
kettle,1486063932000000,1486064078000000,146.0,100.33638888888889,rule_v1
kettle,1486067447000000,1486067546000000,99.0,67.45527777777778,rule_v1
kettle,1486108217000000,1486108338000000,121.0,83.69222222222223,rule_v1
kettle,1486113479000000,1486113537000000,58.0,47.175555555555555,rule_v1
kettle,1486122519000000,1486122691000000,172.0,119.285,rule_v1
kettle,1486124613000000,1486124703000000,90.0,64.0436111111111,rule_v1
kettle,1486134104000000,1486134201000000,97.0,68.13,rule_v1
kettle,1486144349000000,1486144436000000,87.0,62.60472222222222,rule_v1
kettle,1486195369000000,1486195542000000,173.0,116.305,rule_v1
kettle,1486198766000000,1486198827000000,61.0,48.14388888888889,rule_v1
kettle,1486199958000000,1486200000000000,42.0,30.7125,rule_v1
kettle,1486204290000000,1486204373000000,83.0,58.007777777777775,rule_v1
kettle,1486212450000000,1486212568000000,118.0,84.5225,rule_v1
kettle,1486213125000000,1486213310000000,185.0,122.0275,rule_v1
kettle,1486213829000000,1486214050000000,221.0,128.92638888888888,rule_v1
kettle,1486214969000000,1486215008000000,39.0,28.965555555555557,rule_v1
kettle,1486216742000000,1486216820000000,78.0,55.325,rule_v1
kettle,1486217429000000,1486217474000000,45.0,34.43805555555556,rule_v1
kettle,1486237118000000,1486237343000000,225.0,146.12416666666667,rule_v1
kettle,1486282111000000,1486282249000000,138.0,97.10583333333334,rule_v1
kettle,1486284583000000,1486284705000000,122.0,87.16583333333334,rule_v1
kettle,1486294190000000,1486294263000000,73.0,52.55861111111111,rule_v1
kettle,1486309554000000,1486309690000000,136.0,94.21861111111112,rule_v1
kettle,1486365434000000,1486365545000000,111.0,77.95444444444445,rule_v1
kettle,1486366746000000,1486366829000000,83.0,58.55888888888889,rule_v1
kettle,1486372073000000,1486372132000000,59.0,43.18611111111111,rule_v1
kettle,1486382689000000,1486382816000000,127.0,89.74083333333333,rule_v1
kettle,1486383848000000,1486383919000000,71.0,51.75861111111111,rule_v1
kettle,1486386395000000,1486386551000000,156.0,110.22333333333333,rule_v1
kettle,1486393422000000,1486393521000000,99.0,69.145,rule_v1
kettle,1486394820000000,1486394897000000,77.0,54.45444444444445,rule_v1
kettle,1486451437000000,1486451556000000,119.0,83.89027777777778,rule_v1
kettle,1486453635000000,1486453730000000,95.0,67.17,rule_v1
kettle,1486486401000000,1486486573000000,172.0,115.45555555555555,rule_v1
kettle,1486487295000000,1486487372000000,77.0,54.94777777777778,rule_v1
kettle,1486496280000000,1486496542000000,262.0,174.54916666666668,rule_v1
kettle,1486539066000000,1486539184000000,118.0,81.69027777777778,rule_v1
kettle,1486541163000000,1486541206000000,43.0,32.27166666666667,rule_v1
kettle,1486546949000000,1486547038000000,89.0,64.91361111111111,rule_v1
kettle,1486548082000000,1486548114000000,32.0,25.282222222222224,rule_v1
kettle,1486556071000000,1486556295000000,224.0,155.38972222222222,rule_v1
kettle,1486557783000000,1486557869000000,86.0,63.32138888888889,rule_v1
kettle,1486559821000000,1486559887000000,66.0,48.4475,rule_v1
kettle,1486569591000000,1486569723000000,132.0,92.80888888888889,rule_v1
kettle,1486575284000000,1486575475000000,191.0,127.97638888888889,rule_v1
kettle,1486625017000000,1486625142000000,125.0,86.7325,rule_v1
kettle,1486626417000000,1486626517000000,100.0,68.92611111111111,rule_v1
kettle,1486634551000000,1486634630000000,79.0,57.025,rule_v1
kettle,1486639575000000,1486639655000000,80.0,57.24805555555555,rule_v1
kettle,1486642365000000,1486642469000000,104.0,85.69666666666667,rule_v1
kettle,1486643666000000,1486643717000000,51.0,38.428333333333335,rule_v1
kettle,1486658016000000,1486658112000000,96.0,85.81444444444445,rule_v1
kettle,1486664278000000,1486664419000000,141.0,96.60944444444445,rule_v1
kettle,1486712579000000,1486712708000000,129.0,90.24722222222222,rule_v1
kettle,1486713983000000,1486714028000000,45.0,32.575833333333335,rule_v1
kettle,1486730219000000,1486730341000000,122.0,85.63888888888889,rule_v1
kettle,1486732622000000,1486732718000000,96.0,67.30666666666667,rule_v1
kettle,1486741380000000,1486741465000000,85.0,61.04972222222222,rule_v1
kettle,1487320708000000,1487320874000000,166.0,117.44638888888889,rule_v1
kettle,1487326547000000,1487326638000000,91.0,63.611666666666665,rule_v1
kettle,1487348179000000,1487348252000000,73.0,51.24944444444444,rule_v1
kettle,1487407434000000,1487407557000000,123.0,84.97583333333333,rule_v1
kettle,1487411297000000,1487411407000000,110.0,74.86888888888889,rule_v1
kettle,1487413644000000,1487413734000000,90.0,61.61833333333333,rule_v1
kettle,1487441925000000,1487442093000000,168.0,111.00027777777778,rule_v1
kettle,1487444590000000,1487444674000000,84.0,57.88194444444444,rule_v1
kettle,1487493405000000,1487493508000000,103.0,71.59722222222223,rule_v1
kettle,1487496001000000,1487496083000000,82.0,58.49,rule_v1
kettle,1487500548000000,1487500651000000,103.0,72.87388888888889,rule_v1
kettle,1487502108000000,1487502180000000,72.0,51.55638888888889,rule_v1
kettle,1487509287000000,1487509404000000,117.0,81.03944444444444,rule_v1
kettle,1487510352000000,1487510412000000,60.0,44.07416666666666,rule_v1
kettle,1487521381000000,1487521497000000,116.0,79.24527777777777,rule_v1
kettle,1487523808000000,1487523879000000,71.0,49.80416666666667,rule_v1
kettle,1487576866000000,1487577005000000,139.0,95.09861111111111,rule_v1
kettle,1487578478000000,1487578522000000,44.0,33.89944444444444,rule_v1
kettle,1487579075000000,1487579159000000,84.0,57.036944444444444,rule_v1
kettle,1487586863000000,1487586986000000,123.0,85.6325,rule_v1
kettle,1487588375000000,1487588419000000,44.0,34.07555555555555,rule_v1
kettle,1487607486000000,1487607597000000,111.0,76.77277777777778,rule_v1
kettle,1487613495000000,1487613687000000,192.0,126.26972222222223,rule_v1
kettle,1487617502000000,1487617642000000,140.0,92.14861111111111,rule_v1
kettle,1487619166000000,1487619307000000,141.0,92.68666666666667,rule_v1
kettle,1487662277000000,1487662374000000,97.0,70.515,rule_v1
kettle,1487663882000000,1487663960000000,78.0,55.30722222222222,rule_v1
kettle,1487697772000000,1487697961000000,189.0,127.0586111111111,rule_v1
kettle,1487749431000000,1487749561000000,130.0,90.67,rule_v1
kettle,1487750808000000,1487750882000000,74.0,51.939166666666665,rule_v1
kettle,1487758458000000,1487758539000000,81.0,58.13722222222222,rule_v1
kettle,1487777874000000,1487778016000000,142.0,98.56833333333333,rule_v1
kettle,1487781615000000,1487781681000000,66.0,48.058055555555555,rule_v1
kettle,1487783651000000,1487783849000000,198.0,136.7786111111111,rule_v1
kettle,1487784035000000,1487784164000000,129.0,88.82861111111112,rule_v1
kettle,1487790067000000,1487790185000000,118.0,78.65527777777778,rule_v1
kettle,1487836464000000,1487836556000000,92.0,63.977222222222224,rule_v1
kettle,1487845847000000,1487845953000000,106.0,73.21138888888889,rule_v1
kettle,1487853955000000,1487854025000000,70.0,49.941944444444445,rule_v1
kettle,1487873860000000,1487874065000000,205.0,137.7175,rule_v1
kettle,1487876339000000,1487876467000000,128.0,86.82416666666667,rule_v1
kettle,1487921583000000,1487921684000000,101.0,70.08777777777777,rule_v1
kettle,1487928243000000,1487928338000000,95.0,70.11611111111111,rule_v1
kettle,1488009325000000,1488009473000000,148.0,95.07472222222222,rule_v1
kettle,1488013721000000,1488013820000000,99.0,70.03916666666667,rule_v1
kettle,1488017792000000,1488017885000000,93.0,64.4636111111111,rule_v1
kettle,1488042878000000,1488043035000000,157.0,107.51972222222223,rule_v1
kettle,1488049208000000,1488049293000000,85.0,56.854166666666664,rule_v1
kettle,1488096751000000,1488096825000000,74.0,53.50055555555556,rule_v1
kettle,1488104328000000,1488104438000000,110.0,72.97944444444444,rule_v1
kettle,1488107565000000,1488107661000000,96.0,66.29138888888889,rule_v1
kettle,1488113456000000,1488113620000000,164.0,112.33444444444444,rule_v1
kettle,1488125134000000,1488125223000000,89.0,60.52638888888889,rule_v1
kettle,1488131860000000,1488132014000000,154.0,101.98388888888888,rule_v1
kettle,1488182648000000,1488182764000000,116.0,79.025,rule_v1
kettle,1488202497000000,1488202644000000,147.0,103.00805555555556,rule_v1
kettle,1488212687000000,1488212777000000,90.0,63.415277777777774,rule_v1
kettle,1488224490000000,1488224678000000,188.0,128.0525,rule_v1
kettle,1488266182000000,1488266296000000,114.0,80.29333333333334,rule_v1
kettle,1488267198000000,1488267277000000,79.0,56.39833333333333,rule_v1
kettle,1488274295000000,1488274371000000,76.0,54.118611111111115,rule_v1
kettle,1488278029000000,1488278158000000,129.0,90.14416666666666,rule_v1
kettle,1488283772000000,1488283905000000,133.0,93.01833333333333,rule_v1
kettle,1488296607000000,1488296691000000,84.0,61.32333333333333,rule_v1
kettle,1488300628000000,1488300749000000,121.0,83.70277777777778,rule_v1
kettle,1488351830000000,1488351921000000,91.0,62.40083333333333,rule_v1
kettle,1488353152000000,1488353270000000,118.0,80.87805555555556,rule_v1
kettle,1488354280000000,1488354318000000,38.0,29.88138888888889,rule_v1
kettle,1488393129000000,1488393226000000,97.0,69.61611111111111,rule_v1
kettle,1488394363000000,1488394498000000,135.0,93.68805555555555,rule_v1
kettle,1488396337000000,1488396447000000,110.0,78.14138888888888,rule_v1
kettle,1488399272000000,1488399336000000,64.0,45.97666666666667,rule_v1
kettle,1488441210000000,1488441280000000,70.0,50.97694444444444,rule_v1
kettle,1488452595000000,1488452724000000,129.0,91.43416666666667,rule_v1
kettle,1488455129000000,1488455217000000,88.0,63.99444444444445,rule_v1
kettle,1488455296000000,1488455447000000,151.0,95.19,rule_v1
kettle,1488466021000000,1488466120000000,99.0,70.99083333333333,rule_v1
kettle,1488480604000000,1488480721000000,117.0,81.5988888888889,rule_v1
kettle,1488526730000000,1488526820000000,90.0,64.9563888888889,rule_v1
kettle,1488534671000000,1488534753000000,82.0,54.919444444444444,rule_v1
kettle,1488541061000000,1488541160000000,99.0,69.73277777777778,rule_v1
kettle,1488541825000000,1488541973000000,148.0,103.28166666666667,rule_v1
kettle,1488570101000000,1488570276000000,175.0,118.27694444444444,rule_v1
kettle,1488571091000000,1488571261000000,170.0,106.92,rule_v1
kettle,1488614485000000,1488614634000000,149.0,103.51,rule_v1
kettle,1488627613000000,1488627740000000,127.0,88.89222222222222,rule_v1
kettle,1488632428000000,1488632505000000,77.0,54.033611111111114,rule_v1
kettle,1488645027000000,1488645103000000,76.0,52.85194444444444,rule_v1
kettle,1488702616000000,1488702821000000,205.0,103.63222222222223,rule_v1
kettle,1488703804000000,1488703835000000,31.0,24.77,rule_v1
kettle,1488735920000000,1488736038000000,118.0,79.605,rule_v1
kettle,1488784671000000,1488784787000000,116.0,80.25305555555556,rule_v1
kettle,1488784990000000,1488785054000000,64.0,44.68833333333333,rule_v1
kettle,1488801337000000,1488801434000000,97.0,68.9413888888889,rule_v1
kettle,1488809696000000,1488809837000000,141.0,93.50416666666666,rule_v1
kettle,1488810728000000,1488810787000000,59.0,42.88166666666667,rule_v1
kettle,1488818971000000,1488819040000000,69.0,45.949444444444445,rule_v1
kettle,1488821731000000,1488821880000000,149.0,103.31472222222222,rule_v1
kettle,1488827118000000,1488827247000000,129.0,88.32111111111111,rule_v1
kettle,1488828781000000,1488828887000000,106.0,72.47722222222222,rule_v1
kettle,1488834741000000,1488834825000000,84.0,57.739444444444445,rule_v1
kettle,1488871722000000,1488871843000000,121.0,85.66944444444445,rule_v1
kettle,1488871966000000,1488872021000000,55.0,39.916666666666664,rule_v1
kettle,1488877397000000,1488877488000000,91.0,64.95694444444445,rule_v1
kettle,1488883667000000,1488883827000000,160.0,110.86638888888889,rule_v1
kettle,1488890551000000,1488890639000000,88.0,63.40222222222222,rule_v1
kettle,1488905799000000,1488905975000000,176.0,120.33222222222223,rule_v1
kettle,1488906979000000,1488907015000000,36.0,26.920277777777777,rule_v1
kettle,1488910625000000,1488910676000000,51.0,38.135555555555555,rule_v1
kettle,1488914618000000,1488914767000000,149.0,97.85416666666667,rule_v1
kettle,1488915023000000,1488915110000000,87.0,60.14805555555556,rule_v1
kettle,1488916887000000,1488916938000000,51.0,38.05444444444444,rule_v1
kettle,1488959860000000,1488960002000000,142.0,88.30749999999999,rule_v1
kettle,1488971887000000,1488971977000000,90.0,63.5175,rule_v1
kettle,1489042208000000,1489042310000000,102.0,71.66916666666667,rule_v1
kettle,1489046068000000,1489046173000000,105.0,72.26583333333333,rule_v1
kettle,1489077387000000,1489077492000000,105.0,71.9088888888889,rule_v1
kettle,1489081015000000,1489081176000000,161.0,108.80416666666666,rule_v1
kettle,1489083589000000,1489083670000000,81.0,56.72472222222222,rule_v1
kettle,1489085896000000,1489086041000000,145.0,99.47722222222222,rule_v1
kettle,1489132342000000,1489132491000000,149.0,103.2525,rule_v1
kettle,1489132758000000,1489132875000000,117.0,51.31055555555555,rule_v1
kettle,1489148439000000,1489148578000000,139.0,96.80583333333334,rule_v1
kettle,1489151079000000,1489151188000000,109.0,76.96194444444444,rule_v1
kettle,1489218611000000,1489218747000000,136.0,93.89777777777778,rule_v1
kettle,1489223772000000,1489223881000000,109.0,77.73583333333333,rule_v1
kettle,1489235370000000,1489235474000000,104.0,72.29,rule_v1
kettle,1489236079000000,1489236209000000,130.0,88.57805555555555,rule_v1
kettle,1489240354000000,1489240450000000,96.0,68.05666666666667,rule_v1
kettle,1489247028000000,1489247092000000,64.0,45.67777777777778,rule_v1
kettle,1489254278000000,1489254469000000,191.0,126.00111111111111,rule_v1
kettle,1489258437000000,1489258541000000,104.0,73.53694444444444,rule_v1
kettle,1489261421000000,1489261517000000,96.0,65.665,rule_v1
kettle,1489265216000000,1489265293000000,77.0,54.95666666666666,rule_v1
kettle,1489305747000000,1489305873000000,126.0,87.99361111111111,rule_v1
kettle,1489309760000000,1489309850000000,90.0,66.99583333333334,rule_v1
kettle,1489330451000000,1489330529000000,78.0,54.16416666666667,rule_v1
kettle,1489340930000000,1489341045000000,115.0,77.31388888888888,rule_v1
kettle,1489341265000000,1489341332000000,67.0,48.27388888888889,rule_v1
kettle,1489390525000000,1489390669000000,144.0,102.17944444444444,rule_v1
kettle,1489391527000000,1489391559000000,32.0,26.787777777777777,rule_v1
kettle,1489423093000000,1489423190000000,97.0,67.88972222222222,rule_v1
kettle,1489476390000000,1489476448000000,58.0,41.62361111111111,rule_v1
kettle,1489477704000000,1489477834000000,130.0,91.74861111111112,rule_v1
kettle,1489501820000000,1489501945000000,125.0,86.52388888888889,rule_v1
kettle,1489504812000000,1489504903000000,91.0,65.53888888888889,rule_v1
kettle,1489507152000000,1489507267000000,115.0,79.76694444444445,rule_v1
kettle,1489510999000000,1489511233000000,234.0,157.69611111111112,rule_v1
kettle,1489564923000000,1489565092000000,169.0,114.15333333333334,rule_v1
kettle,1489585932000000,1489586042000000,110.0,76.05305555555556,rule_v1
kettle,1489597450000000,1489597627000000,177.0,119.82277777777777,rule_v1
kettle,1489601086000000,1489601323000000,237.0,139.22861111111112,rule_v1
kettle,1489642874000000,1489642963000000,89.0,63.098333333333336,rule_v1
kettle,1489649925000000,1489650017000000,92.0,69.62555555555555,rule_v1
kettle,1489670411000000,1489670503000000,92.0,65.58305555555556,rule_v1
kettle,1489682405000000,1489682497000000,92.0,64.84,rule_v1
kettle,1489736782000000,1489736882000000,100.0,70.92083333333333,rule_v1
kettle,1489742339000000,1489742432000000,93.0,66.74194444444444,rule_v1
kettle,1489756350000000,1489756574000000,224.0,141.47222222222223,rule_v1
kettle,1489759404000000,1489759480000000,76.0,59.38388888888889,rule_v1
kettle,1489823103000000,1489823235000000,132.0,93.03888888888889,rule_v1
kettle,1489823960000000,1489823993000000,33.0,27.065833333333334,rule_v1
kettle,1489827538000000,1489827682000000,144.0,88.43527777777777,rule_v1
kettle,1489839064000000,1489839197000000,133.0,97.12194444444444,rule_v1
kettle,1489859410000000,1489859749000000,339.0,201.95999999999998,rule_v1
kettle,1489910345000000,1489910441000000,96.0,67.77694444444444,rule_v1
kettle,1489911200000000,1489911232000000,32.0,25.2175,rule_v1
kettle,1489911487000000,1489911547000000,60.0,42.51111111111111,rule_v1
kettle,1489913729000000,1489913834000000,105.0,71.90027777777777,rule_v1
kettle,1489925454000000,1489925589000000,135.0,92.785,rule_v1
kettle,1489934413000000,1489934496000000,83.0,60.58611111111111,rule_v1
kettle,1489942651000000,1489942958000000,307.0,205.8672222222222,rule_v1
kettle,1489994295000000,1489994436000000,141.0,102.88333333333334,rule_v1
kettle,1489999897000000,1489999980000000,83.0,58.5375,rule_v1
kettle,1490015016000000,1490015178000000,162.0,111.79805555555555,rule_v1
kettle,1490019826000000,1490019927000000,101.0,72.2761111111111,rule_v1
kettle,1490029969000000,1490030158000000,189.0,129.0052777777778,rule_v1
kettle,1490032413000000,1490032610000000,197.0,133.68916666666667,rule_v1
kettle,1490036072000000,1490036272000000,200.0,137.09416666666667,rule_v1
kettle,1490037744000000,1490037776000000,32.0,25.211111111111112,rule_v1
kettle,1490081567000000,1490081677000000,110.0,76.76611111111112,rule_v1
kettle,1490085984000000,1490086057000000,73.0,52.26027777777778,rule_v1
kettle,1490095192000000,1490095347000000,155.0,107.69722222222222,rule_v1
kettle,1490098657000000,1490098816000000,159.0,108.09361111111112,rule_v1
kettle,1490112035000000,1490112164000000,129.0,90.86833333333334,rule_v1
kettle,1490118267000000,1490118378000000,111.0,76.6661111111111,rule_v1
kettle,1490167111000000,1490167273000000,162.0,112.85666666666667,rule_v1
kettle,1490168487000000,1490168532000000,45.0,32.201388888888886,rule_v1
kettle,1490176778000000,1490176854000000,76.0,53.97416666666667,rule_v1
kettle,1490183885000000,1490184018000000,133.0,91.87861111111111,rule_v1
kettle,1490185393000000,1490185437000000,44.0,34.13055555555555,rule_v1
kettle,1490193967000000,1490194063000000,96.0,66.78277777777778,rule_v1
kettle,1490197330000000,1490197447000000,117.0,81.5925,rule_v1
kettle,1490202367000000,1490202460000000,93.0,66.18166666666667,rule_v1
kettle,1490207661000000,1490207730000000,69.0,48.33138888888889,rule_v1
kettle,1490254586000000,1490254691000000,105.0,73.74583333333334,rule_v1
kettle,1490256045000000,1490256124000000,79.0,56.65833333333333,rule_v1
kettle,1490265994000000,1490266120000000,126.0,87.81972222222223,rule_v1
kettle,1490279330000000,1490279418000000,88.0,63.859722222222224,rule_v1
kettle,1490295704000000,1490295918000000,214.0,143.48833333333334,rule_v1
kettle,1490297218000000,1490297333000000,115.0,79.25666666666666,rule_v1
kettle,1490298560000000,1490298613000000,53.0,39.30166666666667,rule_v1
kettle,1490340736000000,1490340868000000,132.0,88.3711111111111,rule_v1
kettle,1490341383000000,1490341500000000,117.0,81.69305555555556,rule_v1
kettle,1490349264000000,1490349321000000,57.0,41.8,rule_v1
kettle,1490364291000000,1490364374000000,83.0,57.205,rule_v1
kettle,1490548493000000,1490548604000000,111.0,76.4975,rule_v1
kettle,1490548838000000,1490548895000000,57.0,42.93694444444444,rule_v1
kettle,1490549582000000,1490549723000000,141.0,70.43694444444445,rule_v1
kettle,1490550418000000,1490550450000000,32.0,26.641944444444444,rule_v1
kettle,1490595886000000,1490596032000000,146.0,99.59611111111111,rule_v1
kettle,1490639733000000,1490639967000000,234.0,156.2375,rule_v1
kettle,1490640338000000,1490640370000000,32.0,24.606944444444444,rule_v1
kettle,1490684141000000,1490684271000000,130.0,90.82861111111112,rule_v1
kettle,1490685369000000,1490685409000000,40.0,31.070555555555554,rule_v1
kettle,1490696847000000,1490697085000000,238.0,162.16666666666666,rule_v1
kettle,1490716741000000,1490716857000000,116.0,80.46027777777778,rule_v1
kettle,1490717446000000,1490717535000000,89.0,61.9525,rule_v1
kettle,1490768953000000,1490769141000000,188.0,128.06305555555556,rule_v1
kettle,1490769366000000,1490769433000000,67.0,46.81111111111111,rule_v1
kettle,1490774772000000,1490774851000000,79.0,60.636944444444445,rule_v1
kettle,1490781182000000,1490781253000000,71.0,51.52638888888889,rule_v1
kettle,1490790381000000,1490790456000000,75.0,55.76416666666667,rule_v1
kettle,1490802379000000,1490802447000000,68.0,49.446666666666665,rule_v1
kettle,1490802558000000,1490802715000000,157.0,108.56194444444445,rule_v1
kettle,1490804250000000,1490804370000000,120.0,85.01361111111112,rule_v1
kettle,1490808545000000,1490808626000000,81.0,57.94694444444445,rule_v1
kettle,1490856478000000,1490856643000000,165.0,112.79694444444445,rule_v1
kettle,1490866699000000,1490866817000000,118.0,81.58083333333333,rule_v1
kettle,1490877265000000,1490877419000000,154.0,105.90222222222222,rule_v1
kettle,1490893139000000,1490893224000000,85.0,61.125,rule_v1
kettle,1490900506000000,1490900558000000,52.0,39.06722222222222,rule_v1
kettle,1490943105000000,1490943198000000,93.0,64.86416666666666,rule_v1
kettle,1490944886000000,1490944936000000,50.0,36.51583333333333,rule_v1
kettle,1490951374000000,1490951451000000,77.0,56.93833333333333,rule_v1
kettle,1490963879000000,1490963977000000,98.0,70.53111111111112,rule_v1
kettle,1491030075000000,1491030203000000,128.0,86.70861111111111,rule_v1
kettle,1491063111000000,1491063202000000,91.0,62.51444444444444,rule_v1
kettle,1491071284000000,1491071406000000,122.0,85.78666666666666,rule_v1
kettle,1491116560000000,1491116671000000,111.0,78.82222222222222,rule_v1
kettle,1491118022000000,1491118061000000,39.0,29.81861111111111,rule_v1
kettle,1491133486000000,1491133679000000,193.0,130.27805555555557,rule_v1
kettle,1491137000000000,1491137084000000,84.0,60.31194444444444,rule_v1
kettle,1491140185000000,1491140283000000,98.0,69.5513888888889,rule_v1
kettle,1491204239000000,1491204308000000,69.0,49.995555555555555,rule_v1
kettle,1491204974000000,1491205058000000,84.0,59.94027777777778,rule_v1
kettle,1491207147000000,1491207238000000,91.0,63.265,rule_v1
kettle,1491233866000000,1491234111000000,245.0,167.12805555555556,rule_v1
kettle,1491237520000000,1491237669000000,149.0,100.87083333333334,rule_v1
kettle,1491238684000000,1491238730000000,46.0,33.334722222222226,rule_v1
kettle,1491285079000000,1491285201000000,122.0,84.61666666666666,rule_v1
kettle,1491286187000000,1491286220000000,33.0,25.535833333333333,rule_v1
kettle,1491287795000000,1491287893000000,98.0,68.1575,rule_v1
kettle,1491318544000000,1491318701000000,157.0,107.23527777777778,rule_v1
kettle,1491372694000000,1491372838000000,144.0,101.1288888888889,rule_v1
kettle,1491373750000000,1491373789000000,39.0,28.651944444444446,rule_v1
kettle,1491376001000000,1491376047000000,46.0,32.28111111111111,rule_v1
kettle,1491382565000000,1491382683000000,118.0,82.37555555555555,rule_v1
kettle,1491391045000000,1491391161000000,116.0,82.96166666666667,rule_v1
kettle,1491392195000000,1491392226000000,31.0,25.92,rule_v1
kettle,1491459062000000,1491459212000000,150.0,102.38722222222222,rule_v1
kettle,1491472579000000,1491472662000000,83.0,60.681666666666665,rule_v1
kettle,1491479342000000,1491479483000000,141.0,99.64833333333333,rule_v1
kettle,1491489754000000,1491489856000000,102.0,72.71,rule_v1
kettle,1491497085000000,1491497255000000,170.0,116.35916666666667,rule_v1
kettle,1491497477000000,1491497599000000,122.0,85.3536111111111,rule_v1
kettle,1491545414000000,1491545498000000,84.0,59.41777777777778,rule_v1
kettle,1491547755000000,1491547879000000,124.0,84.0075,rule_v1
kettle,1491561634000000,1491561732000000,98.0,69.5525,rule_v1
kettle,1491634780000000,1491634907000000,127.0,88.96166666666667,rule_v1
kettle,1491637442000000,1491637500000000,58.0,41.67583333333334,rule_v1
kettle,1491641792000000,1491641880000000,88.0,60.855,rule_v1
kettle,1491650918000000,1491651149000000,231.0,154.1811111111111,rule_v1
kettle,1491653617000000,1491653755000000,138.0,93.74472222222222,rule_v1
kettle,1491663500000000,1491663597000000,97.0,69.21638888888889,rule_v1
kettle,1491720046000000,1491720153000000,107.0,73.21194444444444,rule_v1
kettle,1491722615000000,1491722707000000,92.0,64.32333333333334,rule_v1
kettle,1491726739000000,1491726844000000,105.0,71.84722222222223,rule_v1
kettle,1491728210000000,1491728249000000,39.0,29.494722222222222,rule_v1
kettle,1491735680000000,1491735806000000,126.0,83.67555555555556,rule_v1
kettle,1491736267000000,1491736312000000,45.0,32.359722222222224,rule_v1
kettle,1491755111000000,1491755288000000,177.0,118.36722222222222,rule_v1
kettle,1491806095000000,1491806231000000,136.0,95.02388888888889,rule_v1
kettle,1491811478000000,1491811561000000,83.0,58.55861111111111,rule_v1
kettle,1491888267000000,1491888365000000,98.0,66.31027777777778,rule_v1
kettle,1492178841000000,1492178985000000,144.0,99.02694444444444,rule_v1
kettle,1492189089000000,1492189224000000,135.0,92.1175,rule_v1
kettle,1492190306000000,1492190353000000,47.0,33.784444444444446,rule_v1
kettle,1492238766000000,1492238857000000,91.0,64.8963888888889,rule_v1
kettle,1492240954000000,1492241025000000,71.0,51.382777777777775,rule_v1
kettle,1492246180000000,1492246325000000,145.0,101.85416666666667,rule_v1
kettle,1492246935000000,1492246968000000,33.0,25.171388888888888,rule_v1
kettle,1492247134000000,1492247226000000,92.0,69.27416666666667,rule_v1
kettle,1492254265000000,1492254402000000,137.0,94.44166666666666,rule_v1
kettle,1492271695000000,1492271834000000,139.0,97.0175,rule_v1
kettle,1492275073000000,1492275211000000,138.0,92.28138888888888,rule_v1
kettle,1492275289000000,1492275381000000,92.0,63.80305555555555,rule_v1
kettle,1492323002000000,1492323100000000,98.0,66.76,rule_v1
kettle,1492325645000000,1492325770000000,125.0,85.69694444444444,rule_v1
kettle,1492359543000000,1492359703000000,160.0,109.6175,rule_v1
kettle,1492360905000000,1492361053000000,148.0,99.73583333333333,rule_v1
kettle,1492413354000000,1492413463000000,109.0,75.55888888888889,rule_v1
kettle,1492417946000000,1492418045000000,99.0,69.79388888888889,rule_v1
kettle,1492420065000000,1492420117000000,52.0,37.708333333333336,rule_v1
kettle,1492444612000000,1492444768000000,156.0,106.37388888888889,rule_v1
kettle,1492446031000000,1492446082000000,51.0,39.45638888888889,rule_v1
kettle,1492496934000000,1492497044000000,110.0,77.58888888888889,rule_v1
kettle,1492498706000000,1492498804000000,98.0,70.56305555555555,rule_v1
kettle,1492502674000000,1492502741000000,67.0,49.05305555555555,rule_v1
kettle,1492529387000000,1492529488000000,101.0,72.35055555555556,rule_v1
kettle,1492532271000000,1492532483000000,212.0,143.1863888888889,rule_v1
kettle,1492533999000000,1492534069000000,70.0,50.84777777777778,rule_v1
kettle,1492535720000000,1492535791000000,71.0,50.89416666666666,rule_v1
kettle,1492583837000000,1492583962000000,125.0,87.55333333333333,rule_v1
kettle,1492584774000000,1492584806000000,32.0,26.345555555555556,rule_v1
kettle,1492601981000000,1492602077000000,96.0,69.38638888888889,rule_v1
kettle,1492617366000000,1492617550000000,184.0,126.42,rule_v1
kettle,1492619243000000,1492619319000000,76.0,55.13194444444444,rule_v1
kettle,1492621554000000,1492621652000000,98.0,67.22972222222222,rule_v1
kettle,1492625915000000,1492626000000000,85.0,58.99527777777778,rule_v1
kettle,1492667286000000,1492667370000000,84.0,62.93277777777778,rule_v1
kettle,1492671117000000,1492671235000000,118.0,83.65,rule_v1
kettle,1492677936000000,1492678049000000,113.0,79.02027777777778,rule_v1
kettle,1492688744000000,1492688889000000,145.0,107.40472222222222,rule_v1
kettle,1492697627000000,1492697704000000,77.0,56.20666666666666,rule_v1
kettle,1492707733000000,1492707839000000,106.0,72.18194444444444,rule_v1
kettle,1492708681000000,1492708738000000,57.0,43.03472222222222,rule_v1
kettle,1492712394000000,1492712564000000,170.0,116.4563888888889,rule_v1
kettle,1492713432000000,1492713568000000,136.0,93.38361111111111,rule_v1
kettle,1492757246000000,1492757387000000,141.0,98.24666666666667,rule_v1
kettle,1492767322000000,1492767384000000,62.0,46.132777777777775,rule_v1
kettle,1492771930000000,1492772094000000,164.0,116.0875,rule_v1
kettle,1492774172000000,1492774286000000,114.0,80.10222222222222,rule_v1
kettle,1492782918000000,1492783019000000,101.0,72.79694444444445,rule_v1
kettle,1492802647000000,1492802719000000,72.0,52.05222222222222,rule_v1
kettle,1492847426000000,1492847559000000,133.0,90.23916666666666,rule_v1
kettle,1492854265000000,1492854342000000,77.0,56.86388888888889,rule_v1
kettle,1492855091000000,1492855164000000,73.0,51.345555555555556,rule_v1
kettle,1492858791000000,1492858876000000,85.0,60.76138888888889,rule_v1
kettle,1492866714000000,1492866844000000,130.0,90.20611111111111,rule_v1
kettle,1492875515000000,1492875631000000,116.0,80.02527777777777,rule_v1
kettle,1492876601000000,1492876700000000,99.0,69.6613888888889,rule_v1
kettle,1492880209000000,1492880318000000,109.0,78.35083333333333,rule_v1
kettle,1492932925000000,1492933046000000,121.0,85.91305555555556,rule_v1
kettle,1492934572000000,1492934618000000,46.0,32.93277777777778,rule_v1
kettle,1492952880000000,1492953006000000,126.0,87.11166666666666,rule_v1
kettle,1492961113000000,1492961238000000,125.0,84.61472222222223,rule_v1
kettle,1493015883000000,1493016009000000,126.0,88.27361111111111,rule_v1
kettle,1493022352000000,1493022504000000,152.0,105.6686111111111,rule_v1
kettle,1493023955000000,1493024005000000,50.0,37.18527777777778,rule_v1
kettle,1493029172000000,1493029238000000,66.0,47.18333333333333,rule_v1
kettle,1493033719000000,1493033790000000,71.0,52.493611111111115,rule_v1
kettle,1493044117000000,1493044212000000,95.0,68.79777777777778,rule_v1
kettle,1493048632000000,1493048837000000,205.0,139.63888888888889,rule_v1
kettle,1493062995000000,1493063059000000,64.0,45.73,rule_v1
kettle,1493101782000000,1493101873000000,91.0,66.28944444444444,rule_v1
kettle,1493103282000000,1493103366000000,84.0,60.37583333333333,rule_v1
kettle,1493109577000000,1493109673000000,96.0,68.80805555555555,rule_v1
kettle,1493115770000000,1493115890000000,120.0,85.91916666666667,rule_v1
kettle,1493121755000000,1493121823000000,68.0,50.094166666666666,rule_v1
kettle,1493135988000000,1493136115000000,127.0,87.01194444444444,rule_v1
kettle,1493140860000000,1493140925000000,65.0,46.74138888888889,rule_v1
kettle,1493142759000000,1493142961000000,202.0,136.52666666666667,rule_v1
kettle,1493144424000000,1493144562000000,138.0,95.75555555555556,rule_v1
kettle,1493188751000000,1493188872000000,121.0,86.59555555555555,rule_v1
kettle,1493190573000000,1493190649000000,76.0,55.16,rule_v1
kettle,1493192345000000,1493192391000000,46.0,36.03888888888889,rule_v1
kettle,1493200924000000,1493201002000000,78.0,57.346111111111114,rule_v1
kettle,1493207282000000,1493207469000000,187.0,126.805,rule_v1
kettle,1493209698000000,1493209778000000,80.0,57.803333333333335,rule_v1
kettle,1493209893000000,1493209926000000,33.0,28.863888888888887,rule_v1
kettle,1493222023000000,1493222094000000,71.0,50.72527777777778,rule_v1
microwave,1355531825000000,1355531886000000,61.0,26.890277777777776,rule_v1
microwave,1355558689000000,1355558767000000,78.0,23.84,rule_v1
microwave,1355596998000000,1355597078000000,80.0,32.846666666666664,rule_v1
microwave,1355676649000000,1355676870000000,221.0,29.178333333333335,rule_v1
microwave,1355677271000000,1355677707000000,436.0,54.88138888888889,rule_v1
microwave,1355678151000000,1355678193000000,42.0,20.436666666666667,rule_v1
microwave,1355682623000000,1355682653000000,30.0,15.471666666666666,rule_v1
microwave,1355730937000000,1355730967000000,30.0,16.1,rule_v1
microwave,1355731087000000,1355731124000000,37.0,19.149166666666666,rule_v1
microwave,1356205647000000,1356205677000000,30.0,15.84,rule_v1
microwave,1356205932000000,1356205962000000,30.0,14.175,rule_v1
microwave,1356287979000000,1356288017000000,38.0,16.487222222222222,rule_v1
microwave,1356336653000000,1356336696000000,43.0,21.839444444444446,rule_v1
microwave,1356368536000000,1356368727000000,191.0,21.665,rule_v1
microwave,1356368830000000,1356368954000000,124.0,13.838055555555556,rule_v1
microwave,1356374135000000,1356374177000000,42.0,21.14666666666667,rule_v1
microwave,1356421951000000,1356421994000000,43.0,21.730555555555554,rule_v1
microwave,1356450433000000,1356450506000000,73.0,25.701944444444447,rule_v1
microwave,1356460649000000,1356460697000000,48.0,21.063333333333333,rule_v1
microwave,1356468237000000,1356468298000000,61.0,21.84027777777778,rule_v1
microwave,1356508264000000,1356508301000000,37.0,13.235,rule_v1
microwave,1356525458000000,1356525536000000,78.0,37.07,rule_v1
microwave,1356540968000000,1356541239000000,271.0,119.80805555555555,rule_v1
microwave,1356547869000000,1356547900000000,31.0,15.35,rule_v1
microwave,1356548221000000,1356548252000000,31.0,10.822222222222223,rule_v1
microwave,1356827554000000,1356827597000000,43.0,18.84,rule_v1
microwave,1356828749000000,1356828798000000,49.0,24.39,rule_v1
microwave,1356894625000000,1356894678000000,53.0,26.734444444444446,rule_v1
microwave,1356897723000000,1356897783000000,60.0,29.078333333333333,rule_v1
microwave,1356943019000000,1356943061000000,42.0,20.94,rule_v1
microwave,1356944173000000,1356944228000000,55.0,24.190555555555555,rule_v1
microwave,1356961070000000,1356961101000000,31.0,16.25888888888889,rule_v1
microwave,1356970349000000,1356970392000000,43.0,20.68888888888889,rule_v1
microwave,1356979349000000,1356979379000000,30.0,15.825,rule_v1
microwave,1357030226000000,1357030280000000,54.0,21.176666666666666,rule_v1
microwave,1357042290000000,1357042511000000,221.0,92.23027777777779,rule_v1
microwave,1357060485000000,1357060829000000,344.0,144.1561111111111,rule_v1
microwave,1357060891000000,1357060965000000,74.0,31.169722222222223,rule_v1
microwave,1357065385000000,1357065415000000,30.0,14.755,rule_v1
microwave,1357065672000000,1357065703000000,31.0,15.633333333333333,rule_v1
microwave,1357076374000000,1357076410000000,36.0,17.54,rule_v1
microwave,1357086651000000,1357086687000000,36.0,15.873333333333333,rule_v1
microwave,1357115790000000,1357115874000000,84.0,18.836666666666666,rule_v1
microwave,1357151998000000,1357152047000000,49.0,24.211666666666666,rule_v1
microwave,1357238987000000,1357239024000000,37.0,18.756666666666668,rule_v1
microwave,1357285276000000,1357285307000000,31.0,16.299722222222222,rule_v1
microwave,1357303564000000,1357303716000000,152.0,67.12361111111112,rule_v1
microwave,1357324680000000,1357324730000000,50.0,21.901666666666664,rule_v1
microwave,1357325051000000,1357325107000000,56.0,16.389722222222225,rule_v1
microwave,1357372412000000,1357372467000000,55.0,18.761666666666667,rule_v1
microwave,1357372587000000,1357372641000000,54.0,23.823333333333334,rule_v1
microwave,1357406710000000,1357406955000000,245.0,106.87805555555556,rule_v1
microwave,1357411283000000,1357411319000000,36.0,18.333055555555557,rule_v1
microwave,1357492947000000,1357493109000000,162.0,19.182222222222222,rule_v1
microwave,1357497312000000,1357497361000000,49.0,21.34027777777778,rule_v1
microwave,1357544531000000,1357544574000000,43.0,19.019166666666667,rule_v1
microwave,1357582197000000,1357582264000000,67.0,17.673333333333332,rule_v1
microwave,1357584175000000,1357584225000000,50.0,21.52138888888889,rule_v1
microwave,1357591739000000,1357591776000000,37.0,18.99,rule_v1
microwave,1357645753000000,1357645795000000,42.0,18.55,rule_v1
microwave,1357670078000000,1357670128000000,50.0,16.07111111111111,rule_v1
microwave,1357677758000000,1357677845000000,87.0,26.232499999999998,rule_v1
microwave,1357679186000000,1357679247000000,61.0,23.92388888888889,rule_v1
microwave,1357752071000000,1357752355000000,284.0,29.038888888888888,rule_v1
microwave,1357756937000000,1357757006000000,69.0,21.359444444444446,rule_v1
microwave,1357761516000000,1357762543000000,1027.0,370.7366666666667,rule_v1
microwave,1358448982000000,1358449044000000,62.0,27.903888888888886,rule_v1
microwave,1358457425000000,1358457456000000,31.0,12.403055555555556,rule_v1
microwave,1358457826000000,1358457880000000,54.0,23.248333333333335,rule_v1
microwave,1358496642000000,1358496721000000,79.0,34.682500000000005,rule_v1
microwave,1358497228000000,1358497271000000,43.0,18.86,rule_v1
microwave,1358529847000000,1358529943000000,96.0,42.07333333333334,rule_v1
microwave,1358530136000000,1358530173000000,37.0,20.7825,rule_v1
microwave,1358533886000000,1358533929000000,43.0,13.47888888888889,rule_v1
microwave,1358534671000000,1358534708000000,37.0,15.598611111111111,rule_v1
microwave,1358581399000000,1358581453000000,54.0,19.46777777777778,rule_v1
microwave,1358602275000000,1358602348000000,73.0,27.05083333333333,rule_v1
microwave,1358620715000000,1358620752000000,37.0,16.490555555555556,rule_v1
microwave,1358669708000000,1358669751000000,43.0,21.890833333333333,rule_v1
microwave,1358670299000000,1358670342000000,43.0,18.688333333333333,rule_v1
microwave,1358697643000000,1358697741000000,98.0,17.265555555555558,rule_v1
microwave,1358756479000000,1358756509000000,30.0,14.928333333333333,rule_v1
microwave,1358793580000000,1358793623000000,43.0,18.771944444444443,rule_v1
microwave,1358815460000000,1358815496000000,36.0,18.503333333333334,rule_v1
microwave,1358855263000000,1358855379000000,116.0,40.888333333333335,rule_v1
microwave,1358879243000000,1358879279000000,36.0,18.545,rule_v1
microwave,1358891537000000,1358891568000000,31.0,18.8475,rule_v1
microwave,1358928493000000,1358928536000000,43.0,22.0925,rule_v1
microwave,1358928708000000,1358928757000000,49.0,18.906666666666666,rule_v1
microwave,1358930018000000,1358930164000000,146.0,32.301944444444445,rule_v1
microwave,1358960731000000,1358960991000000,260.0,114.98472222222222,rule_v1
microwave,1358966623000000,1358966666000000,43.0,21.729444444444443,rule_v1
microwave,1359015097000000,1359015145000000,48.0,24.243333333333332,rule_v1
microwave,1359048606000000,1359048666000000,60.0,8.328333333333333,rule_v1
microwave,1359049885000000,1359049947000000,62.0,11.00611111111111,rule_v1
microwave,1359050887000000,1359050922000000,35.0,18.009166666666665,rule_v1
microwave,1359099502000000,1359099574000000,72.0,20.311666666666667,rule_v1
microwave,1359114713000000,1359114767000000,54.0,18.756666666666668,rule_v1
microwave,1359139893000000,1359139942000000,49.0,18.969166666666666,rule_v1
microwave,1359187163000000,1359187217000000,54.0,21.483333333333334,rule_v1
microwave,1359203547000000,1359203719000000,172.0,66.04861111111111,rule_v1
microwave,1359216499000000,1359216613000000,114.0,36.99166666666667,rule_v1
microwave,1359225338000000,1359225368000000,30.0,15.946666666666667,rule_v1
microwave,1359275882000000,1359275913000000,31.0,16.52888888888889,rule_v1
microwave,1359276548000000,1359276592000000,44.0,16.33111111111111,rule_v1
microwave,1359312882000000,1359312919000000,37.0,18.825,rule_v1
microwave,1359323920000000,1359324041000000,121.0,21.28,rule_v1
microwave,1359360635000000,1359360665000000,30.0,15.49,rule_v1
microwave,1359412077000000,1359412205000000,128.0,37.26555555555555,rule_v1
microwave,1359458478000000,1359458538000000,60.0,31.76,rule_v1
microwave,1359470525000000,1359470618000000,93.0,43.256388888888885,rule_v1
microwave,1359482702000000,1359482799000000,97.0,31.636666666666667,rule_v1
microwave,1359487124000000,1359487173000000,49.0,21.408055555555556,rule_v1
microwave,1359744355000000,1359744398000000,43.0,21.73027777777778,rule_v1
microwave,1359827781000000,1359828137000000,356.0,37.989999999999995,rule_v1
microwave,1359828198000000,1359828315000000,117.0,19.031944444444445,rule_v1
microwave,1359828425000000,1359828542000000,117.0,44.728611111111114,rule_v1
microwave,1359830262000000,1359830311000000,49.0,23.372777777777777,rule_v1
microwave,1359879527000000,1359879589000000,62.0,19.15277777777778,rule_v1
microwave,1359898319000000,1359898374000000,55.0,26.637777777777778,rule_v1
microwave,1359915301000000,1359915337000000,36.0,18.330555555555556,rule_v1
microwave,1359915655000000,1359915691000000,36.0,18.31361111111111,rule_v1
microwave,1359964375000000,1359964406000000,31.0,16.37361111111111,rule_v1
microwave,1360085141000000,1360085551000000,410.0,42.397499999999994,rule_v1
microwave,1360085637000000,1360085795000000,158.0,43.77972222222222,rule_v1
microwave,1360088714000000,1360089357000000,643.0,239.38388888888886,rule_v1
microwave,1360160336000000,1360160385000000,49.0,18.835555555555555,rule_v1
microwave,1360162251000000,1360162318000000,67.0,8.031666666666666,rule_v1
microwave,1360171125000000,1360171205000000,80.0,37.16277777777778,rule_v1
microwave,1360173716000000,1360173759000000,43.0,18.829166666666666,rule_v1
microwave,1360180883000000,1360180963000000,80.0,30.171388888888888,rule_v1
microwave,1360185214000000,1360185251000000,37.0,18.91138888888889,rule_v1
microwave,1360348688000000,1360348737000000,49.0,24.127777777777776,rule_v1
microwave,1360352161000000,1360352258000000,97.0,39.24333333333333,rule_v1
microwave,1360352425000000,1360352474000000,49.0,22.194444444444443,rule_v1
microwave,1360396452000000,1360396495000000,43.0,18.828333333333333,rule_v1
microwave,1360430853000000,1360431327000000,474.0,42.485277777777775,rule_v1
microwave,1360431412000000,1360431473000000,61.0,23.388055555555553,rule_v1
microwave,1360433027000000,1360433141000000,114.0,38.68333333333334,rule_v1
microwave,1360480347000000,1360480383000000,36.0,18.56,rule_v1
microwave,1360515555000000,1360516072000000,517.0,68.32333333333334,rule_v1
microwave,1360516186000000,1360516566000000,380.0,90.70416666666665,rule_v1
microwave,1360569160000000,1360569196000000,36.0,18.715,rule_v1
microwave,1360881924000000,1360881955000000,31.0,16.21361111111111,rule_v1
microwave,1360915969000000,1360915999000000,30.0,15.846666666666666,rule_v1
microwave,1360949570000000,1360949854000000,284.0,48.66277777777778,rule_v1
microwave,1360949919000000,1360950300000000,381.0,69.75166666666668,rule_v1
microwave,1360953415000000,1360953469000000,54.0,26.251666666666665,rule_v1
microwave,1360959462000000,1360959499000000,37.0,18.607777777777777,rule_v1
microwave,1361003899000000,1361003929000000,30.0,16.035,rule_v1
microwave,1361039642000000,1361039696000000,54.0,21.27,rule_v1
microwave,1361040632000000,1361040662000000,30.0,17.525,rule_v1
microwave,1361090723000000,1361090759000000,36.0,18.973333333333333,rule_v1
microwave,1361104935000000,1361105473000000,538.0,222.81416666666667,rule_v1
microwave,1361116190000000,1361116332000000,142.0,46.54833333333333,rule_v1
microwave,1361126404000000,1361126446000000,42.0,17.653333333333332,rule_v1
microwave,1361173405000000,1361173467000000,62.0,25.391944444444444,rule_v1
microwave,1361210967000000,1361211035000000,68.0,32.725,rule_v1
microwave,1361213150000000,1361213193000000,43.0,23.480555555555554,rule_v1
microwave,1361213624000000,1361213660000000,36.0,18.408055555555556,rule_v1
microwave,1361235150000000,1361235193000000,43.0,19.079722222222223,rule_v1
microwave,1361260392000000,1361260434000000,42.0,21.60361111111111,rule_v1
microwave,1361260783000000,1361260813000000,30.0,18.375555555555554,rule_v1
microwave,1361276315000000,1361276437000000,122.0,56.888888888888886,rule_v1
microwave,1361307007000000,1361307128000000,121.0,49.46,rule_v1
microwave,1361307952000000,1361308030000000,78.0,35.538333333333334,rule_v1
microwave,1361308186000000,1361308222000000,36.0,16.933333333333334,rule_v1
microwave,1361347157000000,1361347235000000,78.0,21.286666666666665,rule_v1
microwave,1361347301000000,1361347337000000,36.0,15.731666666666666,rule_v1
microwave,1361384996000000,1361385033000000,37.0,19.144166666666667,rule_v1
microwave,1361407125000000,1361407155000000,30.0,16.143333333333334,rule_v1
microwave,1361435361000000,1361435404000000,43.0,21.834722222222222,rule_v1
microwave,1361465207000000,1361465719000000,512.0,65.38,rule_v1
microwave,1361465809000000,1361465845000000,36.0,12.848333333333333,rule_v1
microwave,1361471050000000,1361471098000000,48.0,13.181666666666667,rule_v1
microwave,1361471617000000,1361471659000000,42.0,20.863333333333333,rule_v1
microwave,1361478111000000,1361478154000000,43.0,21.6575,rule_v1
microwave,1361523006000000,1361523145000000,139.0,44.00055555555556,rule_v1
microwave,1361523993000000,1361524060000000,67.0,10.43,rule_v1
microwave,1361537905000000,1361537997000000,92.0,27.03333333333333,rule_v1
microwave,1361552322000000,1361552532000000,210.0,28.891666666666666,rule_v1
microwave,1361553012000000,1361553273000000,261.0,23.459722222222222,rule_v1
microwave,1361553486000000,1361553657000000,171.0,51.441111111111105,rule_v1
microwave,1361554270000000,1361554312000000,42.0,20.05,rule_v1
microwave,1361558176000000,1361558213000000,37.0,16.331944444444446,rule_v1
microwave,1361599342000000,1361599385000000,43.0,19.15527777777778,rule_v1
microwave,1361611440000000,1361611483000000,43.0,21.482222222222223,rule_v1
microwave,1361611544000000,1361611574000000,30.0,7.651666666666666,rule_v1
microwave,1361624568000000,1361624598000000,30.0,12.246666666666666,rule_v1
microwave,1361625453000000,1361625504000000,51.0,16.297777777777778,rule_v1
microwave,1361626328000000,1361626401000000,73.0,17.193333333333335,rule_v1
microwave,1361627233000000,1361627305000000,72.0,30.561666666666667,rule_v1
microwave,1361644874000000,1361644914000000,40.0,18.233888888888888,rule_v1
microwave,1361696303000000,1361696349000000,46.0,20.89111111111111,rule_v1
microwave,1361726666000000,1361727093000000,427.0,48.99027777777778,rule_v1
microwave,1361727645000000,1361727768000000,123.0,50.59527777777778,rule_v1
microwave,1361731398000000,1361731450000000,52.0,25.857777777777777,rule_v1
microwave,1361735771000000,1361735803000000,32.0,16.3475,rule_v1
microwave,1361778232000000,1361778278000000,46.0,23.9225,rule_v1
microwave,1361813606000000,1361814073000000,467.0,80.25166666666667,rule_v1
microwave,1361815143000000,1361815182000000,39.0,20.439722222222223,rule_v1
microwave,1361817429000000,1361817494000000,65.0,16.84027777777778,rule_v1
microwave,1361836289000000,1361836320000000,31.0,13.366666666666667,rule_v1
microwave,1361867059000000,1361867095000000,36.0,21.074444444444445,rule_v1
microwave,1361905436000000,1361905481000000,45.0,22.195,rule_v1
microwave,1361954117000000,1361954150000000,33.0,18.0025,rule_v1
microwave,1361986470000000,1361986548000000,78.0,18.244999999999997,rule_v1
microwave,1361989599000000,1361989638000000,39.0,18.605,rule_v1
microwave,1362013409000000,1362013448000000,39.0,20.11611111111111,rule_v1
microwave,1362037431000000,1362037471000000,40.0,17.887222222222224,rule_v1
microwave,1362037998000000,1362038030000000,32.0,17.195833333333333,rule_v1
microwave,1362075387000000,1362075426000000,39.0,17.46388888888889,rule_v1
microwave,1362075824000000,1362075863000000,39.0,20.586944444444445,rule_v1
microwave,1362125797000000,1362125829000000,32.0,14.476111111111111,rule_v1
microwave,1362142660000000,1362142725000000,65.0,8.9525,rule_v1
microwave,1362163962000000,1362164008000000,46.0,19.968333333333334,rule_v1
microwave,1362164242000000,1362164280000000,38.0,17.325,rule_v1
microwave,1362211840000000,1362211878000000,38.0,19.386666666666667,rule_v1
microwave,1362249156000000,1362249194000000,38.0,19.7525,rule_v1
microwave,1362297504000000,1362297550000000,46.0,23.888055555555557,rule_v1
microwave,1362338921000000,1362338985000000,64.0,22.9775,rule_v1
microwave,1362344857000000,1362344890000000,33.0,14.517222222222223,rule_v1
microwave,1362383682000000,1362383746000000,64.0,28.67222222222222,rule_v1
microwave,1362399265000000,1362399297000000,32.0,17.576666666666668,rule_v1
microwave,1362416829000000,1362416927000000,98.0,38.16888888888889,rule_v1
microwave,1362423132000000,1362423171000000,39.0,16.657777777777778,rule_v1
microwave,1362468528000000,1362468573000000,45.0,22.953055555555554,rule_v1
microwave,1362468914000000,1362468966000000,52.0,16.41,rule_v1
microwave,1362504253000000,1362504430000000,177.0,70.13055555555556,rule_v1
microwave,1362508618000000,1362508649000000,31.0,16.790555555555557,rule_v1
microwave,1362557920000000,1362557962000000,42.0,17.35666666666667,rule_v1
microwave,1362571637000000,1362571764000000,127.0,52.93944444444444,rule_v1
microwave,1362594810000000,1362594859000000,49.0,20.960833333333333,rule_v1
microwave,1362616421000000,1362616470000000,49.0,16.14333333333333,rule_v1
microwave,1362641922000000,1362641964000000,42.0,21.696944444444444,rule_v1
microwave,1362681322000000,1362681362000000,40.0,17.27,rule_v1
microwave,1362725121000000,1362725171000000,50.0,22.047222222222224,rule_v1
microwave,1362858060000000,1362858109000000,49.0,18.573055555555555,rule_v1
microwave,1362861111000000,1362861172000000,61.0,24.116666666666667,rule_v1
microwave,1362894952000000,1362895006000000,54.0,21.871111111111112,rule_v1
microwave,1363027808000000,1363027844000000,36.0,18.506666666666668,rule_v1
microwave,1363072879000000,1363072910000000,31.0,16.386388888888888,rule_v1
microwave,1363112272000000,1363112318000000,46.0,19.6175,rule_v1
microwave,1363148572000000,1363148626000000,54.0,21.219166666666666,rule_v1
microwave,1363177172000000,1363177224000000,52.0,11.724166666666667,rule_v1
microwave,1363199728000000,1363199762000000,34.0,18.58,rule_v1
microwave,1363200634000000,1363200674000000,40.0,17.38,rule_v1
microwave,1363248554000000,1363248588000000,34.0,18.093333333333334,rule_v1
microwave,1363333534000000,1363333577000000,43.0,19.070833333333333,rule_v1
microwave,1363346746000000,1363346912000000,166.0,74.56888888888889,rule_v1
microwave,1363373474000000,1363373523000000,49.0,17.746111111111112,rule_v1
microwave,1363424211000000,1363424246000000,35.0,16.093055555555555,rule_v1
microwave,1363425075000000,1363425116000000,41.0,17.935277777777777,rule_v1
microwave,1363452993000000,1363453231000000,238.0,29.59583333333333,rule_v1
microwave,1363507689000000,1363507730000000,41.0,21.141666666666666,rule_v1
microwave,1363535147000000,1363535228000000,81.0,31.771944444444443,rule_v1
microwave,1363544735000000,1363544880000000,145.0,67.41361111111111,rule_v1
microwave,1363545086000000,1363545127000000,41.0,17.828055555555554,rule_v1
microwave,1363594184000000,1363594226000000,42.0,18.388055555555557,rule_v1
microwave,1363605438000000,1363605535000000,97.0,18.18472222222222,rule_v1
microwave,1363605646000000,1363605803000000,157.0,23.170555555555556,rule_v1
microwave,1363633079000000,1363633122000000,43.0,21.99416666666667,rule_v1
microwave,1363676901000000,1363676936000000,35.0,16.039722222222224,rule_v1
microwave,1363719880000000,1363719922000000,42.0,14.865277777777777,rule_v1
microwave,1363727441000000,1363727546000000,105.0,33.5525,rule_v1
microwave,1363805437000000,1363805481000000,44.0,22.221944444444443,rule_v1
microwave,1363813853000000,1363813884000000,31.0,16.85638888888889,rule_v1
microwave,1363896463000000,1363896519000000,56.0,20.534444444444446,rule_v1
microwave,1363938642000000,1363938673000000,31.0,13.851666666666667,rule_v1
microwave,1363938757000000,1363938834000000,77.0,16.342777777777776,rule_v1
microwave,1363970507000000,1363970616000000,109.0,50.903055555555554,rule_v1
microwave,1363970717000000,1363970759000000,42.0,21.149722222222223,rule_v1
microwave,1363978288000000,1363978338000000,50.0,22.133333333333333,rule_v1
microwave,1364062670000000,1364062702000000,32.0,17.625555555555554,rule_v1
microwave,1364111808000000,1364111851000000,43.0,21.948055555555555,rule_v1
microwave,1364126285000000,1364126617000000,332.0,36.73166666666667,rule_v1
microwave,1364151666000000,1364151722000000,56.0,23.64027777777778,rule_v1
microwave,1364165552000000,1364165594000000,42.0,24.414444444444445,rule_v1
microwave,1364198979000000,1364199042000000,63.0,19.34638888888889,rule_v1
microwave,1364228821000000,1364228866000000,45.0,23.11,rule_v1
microwave,1364232782000000,1364232813000000,31.0,16.93638888888889,rule_v1
microwave,1364283166000000,1364283211000000,45.0,17.09111111111111,rule_v1
microwave,1364298857000000,1364298913000000,56.0,31.011944444444445,rule_v1
microwave,1364322899000000,1364322937000000,38.0,19.68638888888889,rule_v1
microwave,1364329377000000,1364329428000000,51.0,25.628333333333334,rule_v1
microwave,1364373794000000,1364373830000000,36.0,19.500555555555554,rule_v1
microwave,1364471561000000,1364471959000000,398.0,52.60388888888889,rule_v1
microwave,1364496021000000,1364496058000000,37.0,18.555555555555557,rule_v1
microwave,1364539828000000,1364539859000000,31.0,17.5875,rule_v1
microwave,1364850000000000,1364850043000000,43.0,23.71472222222222,rule_v1
microwave,1364900638000000,1364900771000000,133.0,25.69027777777778,rule_v1
microwave,1364900834000000,1364900924000000,90.0,11.519166666666667,rule_v1
microwave,1364901021000000,1364901302000000,281.0,58.237222222222215,rule_v1
microwave,1364907123000000,1364907230000000,107.0,47.590833333333336,rule_v1
microwave,1364918729000000,1364919280000000,551.0,89.5313888888889,rule_v1
microwave,1364924577000000,1364924627000000,50.0,25.023333333333333,rule_v1
microwave,1364929491000000,1364929559000000,68.0,33.191944444444445,rule_v1
microwave,1364988020000000,1364988052000000,32.0,17.552222222222223,rule_v1
microwave,1365012921000000,1365013096000000,175.0,52.519444444444446,rule_v1
microwave,1365013323000000,1365013409000000,86.0,39.39527777777778,rule_v1
microwave,1365061595000000,1365061647000000,52.0,23.28527777777778,rule_v1
microwave,1365061910000000,1365061953000000,43.0,15.344722222222224,rule_v1
microwave,1365074042000000,1365074152000000,110.0,37.25472222222223,rule_v1
microwave,1365078929000000,1365079088000000,159.0,67.74666666666667,rule_v1
microwave,1365079680000000,1365079717000000,37.0,16.016111111111112,rule_v1
microwave,1365097621000000,1365097664000000,43.0,22.463055555555556,rule_v1
microwave,1365098918000000,1365099069000000,151.0,55.411388888888894,rule_v1
microwave,1365115609000000,1365115665000000,56.0,24.24222222222222,rule_v1
microwave,1365161814000000,1365161873000000,59.0,26.248055555555553,rule_v1
microwave,1365182987000000,1365183037000000,50.0,18.19611111111111,rule_v1
microwave,1365270066000000,1365270103000000,37.0,18.358055555555556,rule_v1
microwave,1365285272000000,1365285309000000,37.0,22.22972222222222,rule_v1
microwave,1365350421000000,1365350742000000,321.0,84.39861111111111,rule_v1
microwave,1365356196000000,1365356239000000,43.0,18.294444444444444,rule_v1
microwave,1365361785000000,1365361842000000,57.0,25.51638888888889,rule_v1
microwave,1365403902000000,1365403943000000,41.0,18.04888888888889,rule_v1
microwave,1365441926000000,1365441968000000,42.0,15.392222222222221,rule_v1
microwave,1365495175000000,1365495218000000,43.0,19.87,rule_v1
microwave,1365523634000000,1365523785000000,151.0,19.71361111111111,rule_v1
microwave,1365523848000000,1365523940000000,92.0,16.151944444444446,rule_v1
microwave,1365524011000000,1365524283000000,272.0,32.84638888888889,rule_v1
microwave,1365526553000000,1365526625000000,72.0,17.883333333333333,rule_v1
microwave,1365528906000000,1365528949000000,43.0,18.75111111111111,rule_v1
microwave,1365578851000000,1365578895000000,44.0,19.060833333333335,rule_v1
microwave,1365591076000000,1365591127000000,51.0,20.12388888888889,rule_v1
microwave,1365615445000000,1365615603000000,158.0,57.82416666666666,rule_v1
microwave,1365664231000000,1365664261000000,30.0,16.293333333333333,rule_v1
microwave,1365676759000000,1365676790000000,31.0,13.7525,rule_v1
microwave,1365708317000000,1365708372000000,55.0,22.18916666666667,rule_v1
microwave,1365785203000000,1365785310000000,107.0,51.30166666666667,rule_v1
microwave,1365789603000000,1365789644000000,41.0,20.338055555555556,rule_v1
microwave,1365789898000000,1365789944000000,46.0,22.537777777777777,rule_v1
microwave,1365838281000000,1365838324000000,43.0,21.85527777777778,rule_v1
microwave,1365839239000000,1365839277000000,38.0,17.706111111111113,rule_v1
microwave,1365925624000000,1365925710000000,86.0,38.88861111111111,rule_v1
microwave,1365938781000000,1365939330000000,549.0,73.29805555555555,rule_v1
microwave,1365961743000000,1365961785000000,42.0,21.785555555555554,rule_v1
microwave,1366041068000000,1366041136000000,68.0,33.90138888888889,rule_v1
microwave,1366047721000000,1366047763000000,42.0,17.52722222222222,rule_v1
microwave,1366094197000000,1366094237000000,40.0,21.214444444444446,rule_v1
microwave,1366128032000000,1366128125000000,93.0,43.812222222222225,rule_v1
microwave,1366134996000000,1366135035000000,39.0,19.85611111111111,rule_v1
microwave,1366135257000000,1366135294000000,37.0,12.682500000000001,rule_v1
microwave,1366185380000000,1366185458000000,78.0,21.03666666666667,rule_v1
microwave,1366200669000000,1366201211000000,542.0,229.0025,rule_v1
microwave,1366215780000000,1366216167000000,387.0,46.71666666666666,rule_v1
microwave,1366216522000000,1366216676000000,154.0,47.35777777777778,rule_v1
microwave,1366225079000000,1366225111000000,32.0,13.999444444444446,rule_v1
microwave,1366268219000000,1366268261000000,42.0,18.693333333333335,rule_v1
microwave,1366286469000000,1366286913000000,444.0,188.51805555555555,rule_v1
microwave,1366306135000000,1366306198000000,63.0,30.63722222222222,rule_v1
microwave,1366355806000000,1366355893000000,87.0,27.61472222222222,rule_v1
microwave,1366391747000000,1366391818000000,71.0,16.380555555555556,rule_v1
microwave,1366392359000000,1366392422000000,63.0,29.615555555555556,rule_v1
microwave,1366438365000000,1366438415000000,50.0,24.93888888888889,rule_v1
microwave,1366480768000000,1366480804000000,36.0,18.648333333333333,rule_v1
microwave,1366484153000000,1366484249000000,96.0,45.46333333333333,rule_v1
microwave,1366526753000000,1366526797000000,44.0,16.573611111111113,rule_v1
microwave,1366566182000000,1366566235000000,53.0,25.756666666666668,rule_v1
microwave,1366566367000000,1366566402000000,35.0,15.828333333333333,rule_v1
microwave,1366572895000000,1366572968000000,73.0,32.022222222222226,rule_v1
microwave,1366614359000000,1366614401000000,42.0,21.684166666666666,rule_v1
microwave,1366627949000000,1366627984000000,35.0,19.051944444444445,rule_v1
microwave,1366652378000000,1366652436000000,58.0,25.66583333333333,rule_v1
microwave,1366657036000000,1366657123000000,87.0,41.09111111111111,rule_v1
microwave,1366699264000000,1366699314000000,50.0,26.169722222222223,rule_v1
microwave,1366733318000000,1366733429000000,111.0,52.145,rule_v1
microwave,1366739563000000,1366739595000000,32.0,22.275277777777777,rule_v1
microwave,1366787345000000,1366787404000000,59.0,29.052222222222223,rule_v1
microwave,1366824726000000,1366824766000000,40.0,20.041944444444443,rule_v1
microwave,1366829208000000,1366829272000000,64.0,31.034166666666668,rule_v1
microwave,1366829528000000,1366829697000000,169.0,65.6125,rule_v1
microwave,1366870817000000,1366870869000000,52.0,26.78361111111111,rule_v1
microwave,1366906618000000,1366906887000000,269.0,118.29694444444445,rule_v1
microwave,1366911189000000,1366911226000000,37.0,16.251944444444447,rule_v1
microwave,1366957346000000,1366957414000000,68.0,22.637777777777778,rule_v1
microwave,1366992832000000,1366993054000000,222.0,95.78805555555556,rule_v1
microwave,1366993136000000,1366993447000000,311.0,126.5825,rule_v1
microwave,1367013537000000,1367013569000000,32.0,16.886944444444445,rule_v1
microwave,1367046619000000,1367046650000000,31.0,16.43,rule_v1
microwave,1367083927000000,1367083990000000,63.0,26.593055555555555,rule_v1
microwave,1367135291000000,1367135369000000,78.0,26.26361111111111,rule_v1
microwave,1367170454000000,1367170515000000,61.0,30.477777777777778,rule_v1
microwave,1367221214000000,1367221270000000,56.0,20.063333333333333,rule_v1
microwave,1367256751000000,1367256783000000,32.0,19.858888888888888,rule_v1
microwave,1367303528000000,1367303589000000,61.0,30.246111111111112,rule_v1
microwave,1367343803000000,1367343834000000,31.0,19.18027777777778,rule_v1
microwave,1367390374000000,1367390426000000,52.0,25.877777777777776,rule_v1
microwave,1367430189000000,1367430286000000,97.0,33.21111111111111,rule_v1
microwave,1367473799000000,1367473837000000,38.0,20.838333333333335,rule_v1
microwave,1367512469000000,1367512692000000,223.0,27.858055555555556,rule_v1
microwave,1367512753000000,1367512935000000,182.0,37.79805555555556,rule_v1
microwave,1367515595000000,1367515638000000,43.0,21.84,rule_v1
microwave,1367564067000000,1367564100000000,33.0,17.3875,rule_v1
microwave,1367597719000000,1367598047000000,328.0,42.4625,rule_v1
microwave,1367598278000000,1367598366000000,88.0,10.578333333333333,rule_v1
microwave,1367598427000000,1367598537000000,110.0,28.308888888888887,rule_v1
microwave,1367602655000000,1367602697000000,42.0,20.9775,rule_v1
microwave,1367607328000000,1367607409000000,81.0,39.25222222222222,rule_v1
microwave,1367609502000000,1367609539000000,37.0,18.969722222222224,rule_v1
microwave,1367648862000000,1367648938000000,76.0,22.43277777777778,rule_v1
microwave,1367689714000000,1367689757000000,43.0,25.3,rule_v1
microwave,1367734763000000,1367734795000000,32.0,17.948888888888888,rule_v1
microwave,1367780348000000,1367780435000000,87.0,30.195833333333333,rule_v1
microwave,1367821801000000,1367821839000000,38.0,20.564166666666665,rule_v1
microwave,1367861962000000,1367862017000000,55.0,27.260277777777777,rule_v1
microwave,1367905604000000,1367905648000000,44.0,22.926944444444445,rule_v1
microwave,1367942277000000,1367942431000000,154.0,72.43833333333333,rule_v1
microwave,1367948871000000,1367948923000000,52.0,20.04888888888889,rule_v1
microwave,1367990469000000,1367990534000000,65.0,32.40111111111111,rule_v1
microwave,1368255928000000,1368255958000000,30.0,16.43888888888889,rule_v1
microwave,1368283767000000,1368283813000000,46.0,23.509166666666665,rule_v1
microwave,1368293877000000,1368293951000000,74.0,35.40972222222222,rule_v1
microwave,1368294661000000,1368294719000000,58.0,28.290277777777778,rule_v1
microwave,1368297874000000,1368297932000000,58.0,29.450555555555557,rule_v1
microwave,1368324286000000,1368324324000000,38.0,19.750833333333333,rule_v1
microwave,1368344367000000,1368344399000000,32.0,17.116944444444446,rule_v1
microwave,1368380503000000,1368380552000000,49.0,23.670833333333334,rule_v1
microwave,1368426767000000,1368426812000000,45.0,23.50583333333333,rule_v1
microwave,1368460931000000,1368460997000000,66.0,30.344166666666666,rule_v1
microwave,1368466383000000,1368466417000000,34.0,17.76222222222222,rule_v1
microwave,1368495640000000,1368495678000000,38.0,20.118333333333332,rule_v1
microwave,1368517070000000,1368517108000000,38.0,20.246111111111112,rule_v1
microwave,1368517899000000,1368517931000000,32.0,16.692777777777778,rule_v1
microwave,1368553201000000,1368553246000000,45.0,23.12527777777778,rule_v1
microwave,1368599739000000,1368599803000000,64.0,30.90222222222222,rule_v1
microwave,1368620051000000,1368620390000000,339.0,150.51305555555555,rule_v1
microwave,1368620502000000,1368620770000000,268.0,106.73527777777778,rule_v1
microwave,1368634440000000,1368634810000000,370.0,43.62777777777778,rule_v1
microwave,1368634896000000,1368634981000000,85.0,39.734722222222224,rule_v1
microwave,1368639105000000,1368639165000000,60.0,28.86,rule_v1
microwave,1368683304000000,1368683364000000,60.0,20.601666666666667,rule_v1
microwave,1368725261000000,1368725334000000,73.0,27.57,rule_v1
microwave,1368725637000000,1368725678000000,41.0,20.5375,rule_v1
microwave,1368774275000000,1368774334000000,59.0,29.3025,rule_v1
microwave,1368813318000000,1368813352000000,34.0,17.803333333333335,rule_v1
microwave,1368862558000000,1368862619000000,61.0,29.810555555555556,rule_v1
microwave,1368899401000000,1368899464000000,63.0,30.4,rule_v1
microwave,1368947475000000,1368947527000000,52.0,27.14611111111111,rule_v1
microwave,1368985057000000,1368985095000000,38.0,20.204444444444444,rule_v1
microwave,1368991303000000,1368991346000000,43.0,19.458333333333336,rule_v1
microwave,1369032605000000,1369032635000000,30.0,17.191666666666666,rule_v1
microwave,1369047480000000,1369047608000000,128.0,39.21666666666667,rule_v1
microwave,1369050011000000,1369050069000000,58.0,28.299444444444443,rule_v1
microwave,1369071131000000,1369071281000000,150.0,42.9375,rule_v1
microwave,1369075532000000,1369075599000000,67.0,30.95777777777778,rule_v1
microwave,1369123809000000,1369123870000000,61.0,23.281388888888888,rule_v1
microwave,1369157523000000,1369157557000000,34.0,17.401944444444446,rule_v1
microwave,1369206087000000,1369206120000000,33.0,23.628611111111113,rule_v1
microwave,1369222430000000,1369222499000000,69.0,33.52722222222222,rule_v1
microwave,1369244513000000,1369244564000000,51.0,26.2075,rule_v1
microwave,1369284570000000,1369284616000000,46.0,23.8,rule_v1
microwave,1369939199000000,1369939243000000,44.0,21.974166666666665,rule_v1
microwave,1369986693000000,1369986767000000,74.0,26.87361111111111,rule_v1
microwave,1370022455000000,1370022510000000,55.0,27.20611111111111,rule_v1
microwave,1370108903000000,1370108948000000,45.0,23.673055555555557,rule_v1
microwave,1370132768000000,1370132843000000,75.0,28.29222222222222,rule_v1
microwave,1370160866000000,1370160911000000,45.0,22.681944444444444,rule_v1
microwave,1370195953000000,1370195997000000,44.0,22.120555555555555,rule_v1
microwave,1370207941000000,1370207972000000,31.0,17.778055555555557,rule_v1
microwave,1370281163000000,1370281202000000,39.0,20.391111111111112,rule_v1
microwave,1370330051000000,1370330107000000,56.0,28.628055555555555,rule_v1
microwave,1370361490000000,1370361852000000,362.0,132.30055555555555,rule_v1
microwave,1370367058000000,1370367104000000,46.0,23.315833333333334,rule_v1
microwave,1370418564000000,1370418632000000,68.0,23.70277777777778,rule_v1
microwave,1370454322000000,1370454399000000,77.0,36.97222222222222,rule_v1
microwave,1370506685000000,1370506717000000,32.0,16.866944444444446,rule_v1
microwave,1370534791000000,1370535260000000,469.0,60.9561111111111,rule_v1
microwave,1370535461000000,1370535493000000,32.0,14.301944444444445,rule_v1
microwave,1370540347000000,1370540385000000,38.0,21.53527777777778,rule_v1
microwave,1370587512000000,1370587564000000,52.0,25.826944444444443,rule_v1
microwave,1370626342000000,1370626412000000,70.0,31.762777777777778,rule_v1
microwave,1370676863000000,1370676900000000,37.0,20.432222222222222,rule_v1
microwave,1370707572000000,1370707917000000,345.0,46.70611111111111,rule_v1
microwave,1370708034000000,1370708126000000,92.0,33.34305555555555,rule_v1
microwave,1370712720000000,1370712771000000,51.0,25.64638888888889,rule_v1
microwave,1370760036000000,1370760079000000,43.0,22.727777777777778,rule_v1
microwave,1370846445000000,1370846483000000,38.0,19.734444444444446,rule_v1
microwave,1370884876000000,1370884987000000,111.0,43.589444444444446,rule_v1
microwave,1370885097000000,1370885201000000,104.0,47.31916666666667,rule_v1
microwave,1370885546000000,1370885704000000,158.0,67.355,rule_v1
microwave,1370885880000000,1370885911000000,31.0,14.772222222222222,rule_v1
microwave,1370935341000000,1370935374000000,33.0,17.465555555555557,rule_v1
microwave,1370971797000000,1370971871000000,74.0,30.02472222222222,rule_v1
microwave,1371020585000000,1371020616000000,31.0,17.40361111111111,rule_v1
microwave,1371020810000000,1371020841000000,31.0,16.08388888888889,rule_v1
microwave,1371058498000000,1371058537000000,39.0,20.154166666666665,rule_v1
microwave,1371072578000000,1371072999000000,421.0,170.97444444444446,rule_v1
microwave,1371107811000000,1371107848000000,37.0,19.16583333333333,rule_v1
microwave,1371121554000000,1371121814000000,260.0,101.07833333333333,rule_v1
microwave,1371139271000000,1371139780000000,509.0,69.61111111111111,rule_v1
microwave,1371139858000000,1371139966000000,108.0,37.95027777777778,rule_v1
microwave,1371145075000000,1371145121000000,46.0,23.638333333333332,rule_v1
microwave,1371149580000000,1371149843000000,263.0,100.36333333333333,rule_v1
microwave,1371150003000000,1371150034000000,31.0,14.879444444444445,rule_v1
microwave,1371150280000000,1371150319000000,39.0,17.7725,rule_v1
microwave,1371186357000000,1371186450000000,93.0,43.405,rule_v1
microwave,1371408796000000,1371408835000000,39.0,19.127222222222223,rule_v1
microwave,1371458817000000,1371458848000000,31.0,16.53527777777778,rule_v1
microwave,1371459006000000,1371459072000000,66.0,19.771944444444443,rule_v1
microwave,1371493840000000,1371493872000000,32.0,16.912777777777777,rule_v1
microwave,1371539323000000,1371539369000000,46.0,24.558055555555555,rule_v1
microwave,1371573543000000,1371573739000000,196.0,88.07972222222222,rule_v1
microwave,1371573948000000,1371574106000000,158.0,66.82722222222222,rule_v1
microwave,1371577830000000,1371577869000000,39.0,19.288888888888888,rule_v1
microwave,1371581808000000,1371581874000000,66.0,13.869166666666667,rule_v1
microwave,1371624715000000,1371624758000000,43.0,22.655555555555555,rule_v1
microwave,1371709468000000,1371709499000000,31.0,16.537777777777777,rule_v1
microwave,1371710059000000,1371710103000000,44.0,24.46472222222222,rule_v1
microwave,1371744879000000,1371745498000000,619.0,80.76055555555554,rule_v1
microwave,1371750495000000,1371750547000000,52.0,20.914166666666667,rule_v1
microwave,1371798120000000,1371798157000000,37.0,19.014722222222222,rule_v1
microwave,1371823363000000,1371823434000000,71.0,35.45361111111111,rule_v1
microwave,1371885472000000,1371885503000000,31.0,17.775,rule_v1
microwave,1371900062000000,1371900240000000,178.0,51.119166666666665,rule_v1
microwave,1371900599000000,1371900752000000,153.0,29.048611111111114,rule_v1
microwave,1371922432000000,1371922488000000,56.0,28.18888888888889,rule_v1
microwave,1372007919000000,1372007981000000,62.0,26.85055555555556,rule_v1
microwave,1372060480000000,1372060520000000,40.0,20.56972222222222,rule_v1
microwave,1372095468000000,1372095499000000,31.0,16.915277777777778,rule_v1
microwave,1372142761000000,1372142796000000,35.0,19.174444444444443,rule_v1
microwave,1372158949000000,1372158987000000,38.0,20.32472222222222,rule_v1
microwave,1372159950000000,1372160005000000,55.0,27.772777777777776,rule_v1
microwave,1372161260000000,1372161356000000,96.0,41.278888888888886,rule_v1
microwave,1372183002000000,1372183040000000,38.0,19.477777777777778,rule_v1
microwave,1372230682000000,1372230719000000,37.0,19.79222222222222,rule_v1
microwave,1372268589000000,1372268627000000,38.0,21.323888888888888,rule_v1
microwave,1372316918000000,1372316957000000,39.0,20.127777777777776,rule_v1
microwave,1372317438000000,1372317472000000,34.0,17.399444444444445,rule_v1
microwave,1372353679000000,1372353841000000,162.0,74.34361111111112,rule_v1
microwave,1372354000000000,1372354124000000,124.0,54.4925,rule_v1
microwave,1372355546000000,1372355581000000,35.0,18.41,rule_v1
microwave,1372405234000000,1372405274000000,40.0,20.9825,rule_v1
microwave,1372427001000000,1372427042000000,41.0,14.318333333333333,rule_v1
microwave,1372435288000000,1372435322000000,34.0,10.413333333333334,rule_v1
microwave,1372442985000000,1372443052000000,67.0,22.980555555555554,rule_v1
microwave,1372489134000000,1372489224000000,90.0,33.293055555555554,rule_v1
microwave,1372490572000000,1372490617000000,45.0,22.475555555555555,rule_v1
microwave,1372527172000000,1372527215000000,43.0,21.608055555555556,rule_v1
microwave,1372572525000000,1372572569000000,44.0,19.279444444444444,rule_v1
microwave,1372614999000000,1372615061000000,62.0,30.786944444444444,rule_v1
microwave,1372661552000000,1372661603000000,51.0,25.133333333333333,rule_v1
microwave,1372700849000000,1372700895000000,46.0,23.010277777777777,rule_v1
microwave,1372707935000000,1372707998000000,63.0,12.344444444444445,rule_v1
microwave,1372749954000000,1372749998000000,44.0,22.17888888888889,rule_v1
microwave,1372786630000000,1372786675000000,45.0,23.500833333333333,rule_v1
microwave,1372795848000000,1372795880000000,32.0,12.551944444444445,rule_v1
microwave,1372833938000000,1372833981000000,43.0,22.435555555555556,rule_v1
microwave,1372869929000000,1372870000000000,71.0,34.34916666666667,rule_v1
microwave,1372872908000000,1372872946000000,38.0,19.2875,rule_v1
microwave,1372923095000000,1372923167000000,72.0,20.575277777777778,rule_v1
microwave,1372953776000000,1372954080000000,304.0,38.784444444444446,rule_v1
microwave,1372954141000000,1372954483000000,342.0,56.596944444444446,rule_v1
microwave,1372955027000000,1372955058000000,31.0,15.252777777777778,rule_v1
microwave,1372959621000000,1372959652000000,31.0,16.34,rule_v1
microwave,1373009517000000,1373009578000000,61.0,22.749166666666667,rule_v1
microwave,1373045736000000,1373045819000000,83.0,21.39,rule_v1
microwave,1373180511000000,1373180560000000,49.0,25.83388888888889,rule_v1
microwave,1373227705000000,1373227756000000,51.0,15.325,rule_v1
microwave,1373228109000000,1373228149000000,40.0,14.499166666666667,rule_v1
microwave,1373285579000000,1373285617000000,38.0,20.044166666666666,rule_v1
microwave,1373300782000000,1373301118000000,336.0,43.28611111111111,rule_v1
microwave,1373301191000000,1373301310000000,119.0,16.255555555555556,rule_v1
microwave,1373301512000000,1373301647000000,135.0,60.374722222222225,rule_v1
microwave,1373304034000000,1373304113000000,79.0,31.37083333333333,rule_v1
microwave,1373304309000000,1373304346000000,37.0,13.45722222222222,rule_v1
microwave,1373305178000000,1373305235000000,57.0,26.412222222222223,rule_v1
microwave,1373305583000000,1373305636000000,53.0,25.290555555555557,rule_v1
microwave,1373615705000000,1373615755000000,50.0,25.834444444444443,rule_v1
microwave,1373736404000000,1373736448000000,44.0,22.403333333333332,rule_v1
microwave,1373819624000000,1373819827000000,203.0,90.68388888888889,rule_v1
microwave,1373820036000000,1373820207000000,171.0,71.56694444444445,rule_v1
microwave,1373823157000000,1373823196000000,39.0,21.115,rule_v1
microwave,1373997241000000,1373997274000000,33.0,16.951944444444443,rule_v1
microwave,1374074216000000,1374074261000000,45.0,22.988888888888887,rule_v1
microwave,1374082669000000,1374082720000000,51.0,18.991944444444446,rule_v1
microwave,1374087096000000,1374087127000000,31.0,16.627222222222223,rule_v1
microwave,1374129133000000,1374129176000000,43.0,21.65111111111111,rule_v1
microwave,1374130219000000,1374130258000000,39.0,19.558055555555555,rule_v1
microwave,1374948189000000,1374948235000000,46.0,22.585,rule_v1
microwave,1374994086000000,1374994124000000,38.0,20.357222222222223,rule_v1
microwave,1375032660000000,1375032703000000,43.0,24.265833333333333,rule_v1
microwave,1375081465000000,1375081506000000,41.0,21.558611111111112,rule_v1
microwave,1375099134000000,1375099217000000,83.0,36.090833333333336,rule_v1
microwave,1375114132000000,1375114534000000,402.0,32.30444444444444,rule_v1
microwave,1375114630000000,1375114873000000,243.0,17.78,rule_v1
microwave,1375115138000000,1375115200000000,62.0,7.788055555555555,rule_v1
microwave,1375115315000000,1375115475000000,160.0,73.8013888888889,rule_v1
microwave,1375120105000000,1375120148000000,43.0,21.217222222222222,rule_v1
microwave,1375126549000000,1375126694000000,145.0,40.70944444444444,rule_v1
microwave,1375169477000000,1375169517000000,40.0,21.003888888888888,rule_v1
microwave,1375206989000000,1375207022000000,33.0,18.35333333333333,rule_v1
microwave,1375253271000000,1375253315000000,44.0,23.058333333333334,rule_v1
microwave,1375292593000000,1375292644000000,51.0,18.81388888888889,rule_v1
microwave,1375342158000000,1375342197000000,39.0,19.595,rule_v1
microwave,1375378971000000,1375379029000000,58.0,20.047222222222224,rule_v1
microwave,1375426462000000,1375426500000000,38.0,18.976944444444445,rule_v1
microwave,1375426569000000,1375426610000000,41.0,14.837777777777777,rule_v1
microwave,1375465238000000,1375465271000000,33.0,18.204722222222223,rule_v1
microwave,1375466998000000,1375467038000000,40.0,21.357222222222223,rule_v1
microwave,1375476366000000,1375476468000000,102.0,40.88916666666667,rule_v1
microwave,1375510580000000,1375510640000000,60.0,27.799166666666668,rule_v1
microwave,1375551553000000,1375551618000000,65.0,30.102777777777778,rule_v1
microwave,1375600453000000,1375600484000000,31.0,16.636944444444445,rule_v1
microwave,1375640873000000,1375640921000000,48.0,23.79611111111111,rule_v1
microwave,1375648029000000,1375648108000000,79.0,35.25472222222223,rule_v1
microwave,1375685368000000,1375685411000000,43.0,22.38083333333333,rule_v1
microwave,1375719466000000,1375719804000000,338.0,39.83805555555556,rule_v1
microwave,1375720449000000,1375720564000000,115.0,52.17777777777778,rule_v1
microwave,1375722698000000,1375722756000000,58.0,28.0775,rule_v1
microwave,1375730585000000,1375730626000000,41.0,21.403055555555557,rule_v1
microwave,1375771949000000,1375772040000000,91.0,26.770555555555553,rule_v1
microwave,1375810036000000,1375810101000000,65.0,34.27388888888889,rule_v1
microwave,1375858912000000,1375858980000000,68.0,22.413888888888888,rule_v1
microwave,1375897889000000,1375897928000000,39.0,19.721666666666668,rule_v1
microwave,1375958225000000,1375958824000000,599.0,232.04083333333332,rule_v1
microwave,1375977385000000,1375977504000000,119.0,55.89527777777778,rule_v1
microwave,1375982942000000,1375982995000000,53.0,18.570833333333333,rule_v1
microwave,1376034141000000,1376034197000000,56.0,24.906666666666666,rule_v1
microwave,1376069151000000,1376069184000000,33.0,18.090833333333332,rule_v1
microwave,1376073490000000,1376074034000000,544.0,217.735,rule_v1
microwave,1376119308000000,1376119364000000,56.0,27.613055555555555,rule_v1
microwave,1376153423000000,1376153456000000,33.0,15.937777777777779,rule_v1
microwave,1376156502000000,1376156533000000,31.0,16.600555555555555,rule_v1
microwave,1376206553000000,1376206612000000,59.0,22.6375,rule_v1
microwave,1376242260000000,1376242329000000,69.0,32.67611111111111,rule_v1
microwave,1376289798000000,1376289831000000,33.0,17.274166666666666,rule_v1
microwave,1376636967000000,1376637006000000,39.0,20.940833333333334,rule_v1
microwave,1376655402000000,1376655718000000,316.0,136.18916666666667,rule_v1
microwave,1376656374000000,1376656636000000,262.0,110.50027777777778,rule_v1
microwave,1376674696000000,1376674813000000,117.0,30.74361111111111,rule_v1
microwave,1376719008000000,1376719039000000,31.0,17.176388888888887,rule_v1
microwave,1376775715000000,1376775763000000,48.0,24.1425,rule_v1
microwave,1376819783000000,1376819816000000,33.0,17.282777777777778,rule_v1
microwave,1376847304000000,1376847348000000,44.0,23.044722222222223,rule_v1
microwave,1376897842000000,1376897894000000,52.0,25.85361111111111,rule_v1
microwave,1376929499000000,1376930218000000,719.0,95.9813888888889,rule_v1
microwave,1376933083000000,1376933128000000,45.0,23.14472222222222,rule_v1
microwave,1376984112000000,1376984175000000,63.0,30.474444444444444,rule_v1
microwave,1377020047000000,1377020092000000,45.0,23.095,rule_v1
microwave,1377066699000000,1377066746000000,47.0,23.98611111111111,rule_v1
microwave,1377085205000000,1377085444000000,239.0,105.9675,rule_v1
microwave,1377085955000000,1377086018000000,63.0,28.4225,rule_v1
microwave,1377105774000000,1377105819000000,45.0,22.587777777777777,rule_v1
microwave,1377157717000000,1377157748000000,31.0,16.532777777777778,rule_v1
microwave,1377187601000000,1377188217000000,616.0,104.60194444444444,rule_v1
microwave,1377192224000000,1377192262000000,38.0,20.115555555555556,rule_v1
microwave,1377238240000000,1377238271000000,31.0,17.391944444444444,rule_v1
microwave,1377281277000000,1377281324000000,47.0,23.415277777777778,rule_v1
microwave,1377327289000000,1377327347000000,58.0,31.333055555555557,rule_v1
microwave,1377361091000000,1377361236000000,145.0,34.52027777777778,rule_v1
microwave,1377361301000000,1377361332000000,31.0,10.832222222222223,rule_v1
microwave,1377365601000000,1377365664000000,63.0,30.065555555555555,rule_v1
microwave,1377412382000000,1377412417000000,35.0,19.10472222222222,rule_v1
microwave,1377413047000000,1377413094000000,47.0,23.453611111111112,rule_v1
microwave,1377455553000000,1377455598000000,45.0,23.2075,rule_v1
microwave,1377501988000000,1377502019000000,31.0,17.302777777777777,rule_v1
microwave,1377502549000000,1377502586000000,37.0,18.727777777777778,rule_v1
microwave,1377512360000000,1377512635000000,275.0,100.02833333333335,rule_v1
microwave,1377512728000000,1377512983000000,255.0,79.72138888888888,rule_v1
microwave,1377513075000000,1377513352000000,277.0,92.77388888888889,rule_v1
microwave,1377521553000000,1377521858000000,305.0,127.9275,rule_v1
microwave,1377539207000000,1377539245000000,38.0,21.481666666666666,rule_v1
microwave,1377542631000000,1377542922000000,291.0,123.19027777777778,rule_v1
microwave,1377581141000000,1377581184000000,43.0,22.936666666666667,rule_v1
microwave,1377591109000000,1377591411000000,302.0,131.57833333333335,rule_v1
microwave,1377618888000000,1377619143000000,255.0,111.78277777777778,rule_v1
microwave,1377625453000000,1377625493000000,40.0,20.091666666666665,rule_v1
microwave,1377630449000000,1377630548000000,99.0,38.39888888888889,rule_v1
microwave,1377672646000000,1377672697000000,51.0,26.426388888888887,rule_v1
microwave,1377674798000000,1377675089000000,291.0,126.0338888888889,rule_v1
microwave,1377711380000000,1377711420000000,40.0,20.484166666666667,rule_v1
microwave,1377714582000000,1377714704000000,122.0,56.92805555555555,rule_v1
microwave,1377759436000000,1377759477000000,41.0,21.475833333333334,rule_v1
microwave,1377792570000000,1377792831000000,261.0,37.315,rule_v1
microwave,1377792916000000,1377793039000000,123.0,16.060555555555553,rule_v1
microwave,1377793122000000,1377793221000000,99.0,30.72111111111111,rule_v1
microwave,1377797704000000,1377797773000000,69.0,32.423611111111114,rule_v1
microwave,1377801719000000,1377801930000000,211.0,75.32944444444445,rule_v1
microwave,1377850474000000,1377850519000000,45.0,22.34111111111111,rule_v1
microwave,1377876909000000,1377877383000000,474.0,181.30583333333334,rule_v1
microwave,1377885430000000,1377885486000000,56.0,28.378611111111113,rule_v1
microwave,1377891107000000,1377891140000000,33.0,10.906944444444445,rule_v1
microwave,1377934204000000,1377934244000000,40.0,21.113333333333333,rule_v1
microwave,1377949561000000,1377949620000000,59.0,29.871111111111112,rule_v1
microwave,1377971598000000,1377971695000000,97.0,27.839444444444442,rule_v1
microwave,1378023247000000,1378023288000000,41.0,20.76861111111111,rule_v1
microwave,1378107168000000,1378107200000000,32.0,17.01888888888889,rule_v1
microwave,1378137227000000,1378137705000000,478.0,86.18166666666667,rule_v1
microwave,1378144022000000,1378144067000000,45.0,25.128055555555555,rule_v1
microwave,1378150813000000,1378150852000000,39.0,19.37388888888889,rule_v1
microwave,1378191328000000,1378191364000000,36.0,9.381666666666666,rule_v1
microwave,1378224809000000,1378225126000000,317.0,47.90722222222222,rule_v1
microwave,1378225365000000,1378225864000000,499.0,91.60555555555555,rule_v1
microwave,1378229740000000,1378229781000000,41.0,23.655277777777776,rule_v1
microwave,1378232551000000,1378232899000000,348.0,138.44833333333332,rule_v1
microwave,1378295865000000,1378296442000000,577.0,227.16750000000002,rule_v1
microwave,1378315338000000,1378315375000000,37.0,19.873333333333335,rule_v1
microwave,1378387067000000,1378387172000000,105.0,41.07,rule_v1
microwave,1378402540000000,1378402578000000,38.0,19.539444444444445,rule_v1
microwave,1378448991000000,1378449024000000,33.0,10.713333333333335,rule_v1
microwave,1378450315000000,1378450375000000,60.0,25.968611111111112,rule_v1
microwave,1378486473000000,1378486963000000,490.0,63.912499999999994,rule_v1
microwave,1378487123000000,1378487271000000,148.0,66.01916666666666,rule_v1
microwave,1378490162000000,1378490202000000,40.0,20.860833333333332,rule_v1
microwave,1378539276000000,1378539307000000,31.0,16.066666666666666,rule_v1
microwave,1378578388000000,1378578448000000,60.0,26.533611111111114,rule_v1
microwave,1378626664000000,1378626717000000,53.0,24.02388888888889,rule_v1
microwave,1378662759000000,1378662831000000,72.0,34.03388888888889,rule_v1
microwave,1378710473000000,1378710564000000,91.0,36.70305555555555,rule_v1
microwave,1378731229000000,1378731522000000,293.0,122.53972222222222,rule_v1
microwave,1378749146000000,1378749186000000,40.0,20.148333333333333,rule_v1
microwave,1378797465000000,1378797517000000,52.0,17.231944444444444,rule_v1
microwave,1378810977000000,1378811196000000,219.0,92.56833333333333,rule_v1
microwave,1378835244000000,1378835287000000,43.0,22.313055555555554,rule_v1
microwave,1378876938000000,1378876981000000,43.0,22.941944444444445,rule_v1
microwave,1379147087000000,1379147128000000,41.0,21.429166666666667,rule_v1
microwave,1379182223000000,1379182260000000,37.0,20.176111111111112,rule_v1
microwave,1379184489000000,1379184542000000,53.0,23.775,rule_v1
microwave,1379185874000000,1379185946000000,72.0,11.913333333333334,rule_v1
microwave,1379230097000000,1379230169000000,72.0,34.85166666666667,rule_v1
microwave,1379259489000000,1379259802000000,313.0,106.33694444444444,rule_v1
microwave,1379265876000000,1379265936000000,60.0,29.76888888888889,rule_v1
microwave,1379313133000000,1379313178000000,45.0,17.95722222222222,rule_v1
microwave,1379314155000000,1379314207000000,52.0,26.5125,rule_v1
microwave,1379330217000000,1379330441000000,224.0,88.1386111111111,rule_v1
microwave,1379353202000000,1379353253000000,51.0,26.208055555555557,rule_v1
microwave,1379401344000000,1379401375000000,31.0,16.698333333333334,rule_v1
microwave,1379438999000000,1379439033000000,34.0,18.75722222222222,rule_v1
microwave,1379488782000000,1379488884000000,102.0,35.3775,rule_v1
microwave,1379489321000000,1379489470000000,149.0,47.420833333333334,rule_v1
microwave,1379491215000000,1379491257000000,42.0,23.988888888888887,rule_v1
microwave,1379524865000000,1379524920000000,55.0,27.893333333333334,rule_v1
microwave,1379577332000000,1379577391000000,59.0,27.66027777777778,rule_v1
microwave,1379593237000000,1379593321000000,84.0,40.745,rule_v1
microwave,1379612534000000,1379612572000000,38.0,19.64138888888889,rule_v1
microwave,1379663171000000,1379663211000000,40.0,21.561666666666667,rule_v1
microwave,1379700268000000,1379700311000000,43.0,21.875,rule_v1
microwave,1379749899000000,1379749936000000,37.0,19.159444444444443,rule_v1
microwave,1379760050000000,1379760087000000,37.0,20.002777777777776,rule_v1
microwave,1379784697000000,1379784777000000,80.0,39.21055555555556,rule_v1
microwave,1379836323000000,1379836361000000,38.0,14.63111111111111,rule_v1
microwave,1379836555000000,1379836595000000,40.0,20.80666666666667,rule_v1
microwave,1379871123000000,1379871207000000,84.0,42.42388888888889,rule_v1
microwave,1379874368000000,1379874403000000,35.0,18.50583333333333,rule_v1
microwave,1379920642000000,1379920698000000,56.0,24.105,rule_v1
microwave,1379955944000000,1379955996000000,52.0,26.815833333333334,rule_v1
microwave,1379958360000000,1379958418000000,58.0,28.282222222222224,rule_v1
microwave,1379967897000000,1379967948000000,51.0,25.135833333333334,rule_v1
microwave,1380008684000000,1380008725000000,41.0,21.990833333333335,rule_v1
microwave,1380044129000000,1380044181000000,52.0,25.721666666666668,rule_v1
microwave,1380092846000000,1380092887000000,41.0,21.544444444444444,rule_v1
microwave,1380131446000000,1380131493000000,47.0,23.522777777777776,rule_v1
microwave,1380133155000000,1380133804000000,649.0,255.11666666666667,rule_v1
microwave,1380219914000000,1380219966000000,52.0,25.88083333333333,rule_v1
microwave,1380283081000000,1380283116000000,35.0,18.884166666666665,rule_v1
microwave,1380303072000000,1380303165000000,93.0,20.510555555555555,rule_v1
microwave,1380352493000000,1380352527000000,34.0,19.16611111111111,rule_v1
microwave,1380358370000000,1380358409000000,39.0,19.48638888888889,rule_v1
microwave,1380366255000000,1380366367000000,112.0,51.584722222222226,rule_v1
microwave,1380366866000000,1380366904000000,38.0,19.86,rule_v1
microwave,1380367906000000,1380368030000000,124.0,56.37,rule_v1
microwave,1380390415000000,1380390471000000,56.0,27.260277777777777,rule_v1
microwave,1380443902000000,1380443945000000,43.0,22.523333333333333,rule_v1
microwave,1380476407000000,1380476471000000,64.0,32.095555555555556,rule_v1
microwave,1380478957000000,1380479922000000,965.0,104.56194444444444,rule_v1
microwave,1380480153000000,1380480458000000,305.0,35.71611111111111,rule_v1
microwave,1380480547000000,1380481044000000,497.0,120.73,rule_v1
microwave,1380481110000000,1380481192000000,82.0,35.994166666666665,rule_v1
microwave,1380482187000000,1380482222000000,35.0,17.22277777777778,rule_v1
microwave,1380527831000000,1380527862000000,31.0,17.370277777777776,rule_v1
microwave,1380559234000000,1380559601000000,367.0,49.101388888888884,rule_v1
microwave,1380560114000000,1380560226000000,112.0,51.81611111111111,rule_v1
microwave,1380561485000000,1380561518000000,33.0,16.504166666666666,rule_v1
microwave,1380563256000000,1380563302000000,46.0,22.40972222222222,rule_v1
microwave,1380612115000000,1380612159000000,44.0,22.682222222222222,rule_v1
microwave,1380650344000000,1380650390000000,46.0,23.065,rule_v1
microwave,1380664468000000,1380664504000000,36.0,19.592777777777776,rule_v1
microwave,1380697342000000,1380697372000000,30.0,16.99388888888889,rule_v1
microwave,1380698539000000,1380698571000000,32.0,17.5075,rule_v1
microwave,1380712957000000,1380713221000000,264.0,117.64277777777778,rule_v1
microwave,1380735036000000,1380735092000000,56.0,27.180833333333332,rule_v1
microwave,1380781551000000,1380781603000000,52.0,12.79277777777778,rule_v1
microwave,1380782835000000,1380782867000000,32.0,17.796666666666667,rule_v1
microwave,1380822558000000,1380822638000000,80.0,33.13305555555556,rule_v1
microwave,1380909011000000,1380909052000000,41.0,20.60361111111111,rule_v1
microwave,1380955814000000,1380955857000000,43.0,19.72083333333333,rule_v1
microwave,1381000022000000,1381000055000000,33.0,18.538333333333334,rule_v1
microwave,1381046194000000,1381046238000000,44.0,23.21611111111111,rule_v1
microwave,1381065002000000,1381065141000000,139.0,67.42777777777778,rule_v1
microwave,1381065326000000,1381065392000000,66.0,30.623055555555556,rule_v1
microwave,1381080797000000,1381080898000000,101.0,47.95583333333333,rule_v1
microwave,1381082087000000,1381082166000000,79.0,36.3775,rule_v1
microwave,1381131322000000,1381131359000000,37.0,19.23638888888889,rule_v1
microwave,1381167509000000,1381167561000000,52.0,25.874166666666667,rule_v1
microwave,1381219153000000,1381219183000000,30.0,16.898611111111112,rule_v1
microwave,1381253319000000,1381253390000000,71.0,28.482499999999998,rule_v1
microwave,1381276834000000,1381276879000000,45.0,23.36638888888889,rule_v1
microwave,1381305986000000,1381306016000000,30.0,17.03611111111111,rule_v1
microwave,1381321129000000,1381321280000000,151.0,53.79833333333333,rule_v1
microwave,1381340985000000,1381341015000000,30.0,15.519166666666667,rule_v1
microwave,1381391384000000,1381391434000000,50.0,25.996388888888887,rule_v1
microwave,1381410167000000,1381410297000000,130.0,47.61194444444445,rule_v1
microwave,1381426556000000,1381426613000000,57.0,27.624166666666667,rule_v1
microwave,1381478051000000,1381478102000000,51.0,23.123055555555556,rule_v1
microwave,1381490772000000,1381490935000000,163.0,75.52527777777777,rule_v1
microwave,1381493197000000,1381493344000000,147.0,59.63722222222222,rule_v1
microwave,1381514335000000,1381514385000000,50.0,24.771944444444443,rule_v1
microwave,1381567487000000,1381567550000000,63.0,31.245555555555555,rule_v1
microwave,1381592108000000,1381592192000000,84.0,39.68222222222222,rule_v1
microwave,1381600670000000,1381600729000000,59.0,28.783055555555556,rule_v1
microwave,1381650365000000,1381650432000000,67.0,23.91166666666667,rule_v1
microwave,1381663131000000,1381663292000000,161.0,66.48833333333333,rule_v1
microwave,1381666581000000,1381666735000000,154.0,55.934444444444445,rule_v1
microwave,1381685859000000,1381685905000000,46.0,23.25861111111111,rule_v1
microwave,1381735403000000,1381735466000000,63.0,30.839444444444446,rule_v1
microwave,1381751466000000,1381751635000000,169.0,66.62416666666667,rule_v1
microwave,1381751866000000,1381751924000000,58.0,26.93166666666667,rule_v1
microwave,1381774732000000,1381774776000000,44.0,22.89666666666667,rule_v1
microwave,1381859279000000,1381859344000000,65.0,25.003888888888888,rule_v1
microwave,1381924583000000,1381924742000000,159.0,59.17555555555556,rule_v1
microwave,1381946201000000,1381946246000000,45.0,23.951666666666668,rule_v1
microwave,1382019014000000,1382019134000000,120.0,52.83583333333333,rule_v1
microwave,1382029483000000,1382029528000000,45.0,20.78222222222222,rule_v1
microwave,1382031163000000,1382031201000000,38.0,19.326666666666668,rule_v1
microwave,1382079667000000,1382079700000000,33.0,17.191666666666666,rule_v1
microwave,1382097392000000,1382097542000000,150.0,52.03388888888889,rule_v1
microwave,1382114176000000,1382114465000000,289.0,126.7538888888889,rule_v1
microwave,1382117290000000,1382117338000000,48.0,17.371111111111112,rule_v1
microwave,1382170232000000,1382170277000000,45.0,22.516111111111112,rule_v1
microwave,1382186832000000,1382186977000000,145.0,59.2525,rule_v1
microwave,1382206864000000,1382206907000000,43.0,22.705277777777777,rule_v1
microwave,1382255800000000,1382255849000000,49.0,24.511944444444445,rule_v1
microwave,1382290213000000,1382290259000000,46.0,20.39138888888889,rule_v1
microwave,1382293596000000,1382293684000000,88.0,40.782222222222224,rule_v1
microwave,1382351348000000,1382351416000000,68.0,33.81,rule_v1
microwave,1382351524000000,1382351575000000,51.0,22.140555555555558,rule_v1
microwave,1382357784000000,1382358126000000,342.0,148.44861111111112,rule_v1
microwave,1382358279000000,1382358476000000,197.0,79.81,rule_v1
microwave,1382376281000000,1382376332000000,51.0,28.9725,rule_v1
microwave,1382423416000000,1382423448000000,32.0,16.8,rule_v1
microwave,1382464206000000,1382464243000000,37.0,20.3775,rule_v1
microwave,1382467394000000,1382467431000000,37.0,19.10611111111111,rule_v1
microwave,1382510508000000,1382510551000000,43.0,21.9475,rule_v1
microwave,1382525671000000,1382526012000000,341.0,144.86166666666668,rule_v1
microwave,1382529362000000,1382529508000000,146.0,59.48916666666666,rule_v1
microwave,1382549983000000,1382550022000000,39.0,20.42527777777778,rule_v1
microwave,1382598117000000,1382598154000000,37.0,20.405,rule_v1
microwave,1382616955000000,1382617118000000,163.0,65.10277777777779,rule_v1
microwave,1382623433000000,1382623652000000,219.0,95.45166666666667,rule_v1
microwave,1382633670000000,1382634142000000,472.0,78.88361111111111,rule_v1
microwave,1382635770000000,1382635813000000,43.0,21.156388888888888,rule_v1
microwave,1382686998000000,1382687030000000,32.0,14.782777777777778,rule_v1
microwave,1382688257000000,1382688288000000,31.0,16.283333333333335,rule_v1
microwave,1382690410000000,1382690458000000,48.0,25.025833333333335,rule_v1
microwave,1382702969000000,1382703099000000,130.0,51.36666666666667,rule_v1
microwave,1382703358000000,1382703508000000,150.0,46.37638888888889,rule_v1
microwave,1382722929000000,1382722983000000,54.0,28.900555555555556,rule_v1
microwave,1382776406000000,1382776451000000,45.0,22.955833333333334,rule_v1
microwave,1382791368000000,1382791512000000,144.0,68.88972222222222,rule_v1
microwave,1382791690000000,1382791761000000,71.0,32.821666666666665,rule_v1
microwave,1382791836000000,1382791866000000,30.0,15.468333333333334,rule_v1
microwave,1382793535000000,1382793698000000,163.0,62.567499999999995,rule_v1
microwave,1382808781000000,1382808879000000,98.0,32.39416666666667,rule_v1
microwave,1382810975000000,1382811009000000,34.0,18.512777777777778,rule_v1
microwave,1382861009000000,1382861040000000,31.0,16.468611111111112,rule_v1
microwave,1382899222000000,1382899262000000,40.0,18.766111111111112,rule_v1
microwave,1382946016000000,1382946074000000,58.0,30.910555555555554,rule_v1
microwave,1382964839000000,1382965362000000,523.0,208.50861111111112,rule_v1
microwave,1382986966000000,1382987014000000,48.0,21.34888888888889,rule_v1
microwave,1383032555000000,1383032590000000,35.0,19.162222222222223,rule_v1
microwave,1383072904000000,1383072951000000,47.0,23.651666666666667,rule_v1
microwave,1383117967000000,1383118036000000,69.0,27.921666666666667,rule_v1
microwave,1383157941000000,1383157981000000,40.0,20.633333333333333,rule_v1
microwave,1383201189000000,1383201219000000,30.0,16.645555555555557,rule_v1
microwave,1383489192000000,1383489371000000,179.0,57.66833333333334,rule_v1
microwave,1383500853000000,1383500967000000,114.0,40.38944444444444,rule_v1
microwave,1383503564000000,1383503615000000,51.0,25.109166666666667,rule_v1
microwave,1383508968000000,1383509139000000,171.0,65.03611111111111,rule_v1
microwave,1383550644000000,1383550694000000,50.0,24.796388888888888,rule_v1
microwave,1383565065000000,1383565716000000,651.0,255.76277777777776,rule_v1
microwave,1383590662000000,1383590753000000,91.0,43.39888888888889,rule_v1
microwave,1383638916000000,1383638956000000,40.0,20.39611111111111,rule_v1
microwave,1383679278000000,1383679327000000,49.0,18.315277777777776,rule_v1
microwave,1383730410000000,1383730443000000,33.0,17.441111111111113,rule_v1
microwave,1383731285000000,1383731320000000,35.0,18.315,rule_v1
microwave,1383744882000000,1383745340000000,458.0,185.5888888888889,rule_v1
microwave,1383761298000000,1383761335000000,37.0,16.577222222222222,rule_v1
microwave,1383763387000000,1383763432000000,45.0,23.198333333333334,rule_v1
microwave,1383811656000000,1383811687000000,31.0,17.01222222222222,rule_v1
microwave,1383830578000000,1383830725000000,147.0,55.06916666666666,rule_v1
microwave,1383849776000000,1383849840000000,64.0,31.446666666666665,rule_v1
microwave,1383900111000000,1383900161000000,50.0,25.340555555555557,rule_v1
microwave,1383936032000000,1383936085000000,53.0,19.75361111111111,rule_v1
microwave,1383988642000000,1383988704000000,62.0,30.038888888888888,rule_v1
microwave,1384023646000000,1384023703000000,57.0,28.773611111111112,rule_v1
microwave,1384067688000000,1384067766000000,78.0,23.40722222222222,rule_v1
microwave,1384104508000000,1384104705000000,197.0,83.38888888888889,rule_v1
microwave,1384110336000000,1384110373000000,37.0,19.2975,rule_v1
microwave,1384159100000000,1384159139000000,39.0,20.2275,rule_v1
microwave,1384197095000000,1384197148000000,53.0,25.98777777777778,rule_v1
microwave,1384246325000000,1384246361000000,36.0,18.7125,rule_v1
microwave,1384283745000000,1384283782000000,37.0,16.006666666666668,rule_v1
microwave,1384334526000000,1384334566000000,40.0,19.976388888888888,rule_v1
microwave,1384345058000000,1384345709000000,651.0,267.0163888888889,rule_v1
microwave,1384362930000000,1384363152000000,222.0,32.10916666666667,rule_v1
microwave,1384363218000000,1384363482000000,264.0,49.75666666666667,rule_v1
microwave,1384368567000000,1384368605000000,38.0,16.505555555555556,rule_v1
microwave,1384417153000000,1384417198000000,45.0,20.705555555555556,rule_v1
microwave,1384455918000000,1384455965000000,47.0,24.600277777777777,rule_v1
microwave,1384505872000000,1384505909000000,37.0,22.43861111111111,rule_v1
microwave,1384540464000000,1384540534000000,70.0,33.81916666666667,rule_v1
microwave,1384590727000000,1384590761000000,34.0,18.074166666666667,rule_v1
microwave,1384591710000000,1384591753000000,43.0,22.339166666666667,rule_v1
microwave,1384605702000000,1384605747000000,45.0,24.990833333333335,rule_v1
microwave,1384628098000000,1384628137000000,39.0,20.28611111111111,rule_v1
microwave,1384679609000000,1384679641000000,32.0,16.999444444444446,rule_v1
microwave,1384680596000000,1384680699000000,103.0,22.494722222222222,rule_v1
microwave,1384713762000000,1384713799000000,37.0,22.662222222222223,rule_v1
microwave,1384764015000000,1384764046000000,31.0,16.965,rule_v1
microwave,1384801439000000,1384801478000000,39.0,20.982777777777777,rule_v1
microwave,1384849954000000,1384849985000000,31.0,17.254444444444445,rule_v1
microwave,1384887174000000,1384887213000000,39.0,20.969722222222224,rule_v1
microwave,1384939133000000,1384939177000000,44.0,22.801944444444445,rule_v1
microwave,1384948166000000,1384948205000000,39.0,20.115,rule_v1
microwave,1384974323000000,1384974362000000,39.0,20.76972222222222,rule_v1
microwave,1385059596000000,1385059635000000,39.0,25.364722222222223,rule_v1
microwave,1385110505000000,1385110551000000,46.0,23.36138888888889,rule_v1
microwave,1385123297000000,1385123350000000,53.0,24.886666666666667,rule_v1
microwave,1385146104000000,1385146162000000,58.0,26.951666666666664,rule_v1
microwave,1385195516000000,1385195555000000,39.0,20.135555555555555,rule_v1
microwave,1385232408000000,1385232457000000,49.0,24.0025,rule_v1
microwave,1385287211000000,1385287254000000,43.0,17.77777777777778,rule_v1
microwave,1385318170000000,1385318216000000,46.0,23.79083333333333,rule_v1
microwave,1385367078000000,1385367111000000,33.0,18.2175,rule_v1
microwave,1385405320000000,1385405371000000,51.0,26.808333333333334,rule_v1
microwave,1385456413000000,1385456451000000,38.0,19.947777777777777,rule_v1
microwave,1385489964000000,1385490163000000,199.0,32.602222222222224,rule_v1
microwave,1385490230000000,1385490422000000,192.0,49.40111111111111,rule_v1
microwave,1385492268000000,1385492330000000,62.0,21.613055555555555,rule_v1
microwave,1385544852000000,1385544922000000,70.0,25.679722222222225,rule_v1
microwave,1385577064000000,1385577095000000,31.0,17.31888888888889,rule_v1
microwave,1385605804000000,1385605843000000,39.0,19.964444444444446,rule_v1
microwave,1385639920000000,1385640315000000,395.0,166.43166666666667,rule_v1
microwave,1385663508000000,1385663560000000,52.0,21.312777777777775,rule_v1
microwave,1385664394000000,1385664440000000,46.0,16.907222222222224,rule_v1
microwave,1385669058000000,1385669148000000,90.0,42.289722222222224,rule_v1
microwave,1385713994000000,1385714037000000,43.0,16.47611111111111,rule_v1
microwave,1385731625000000,1385731768000000,143.0,54.29083333333333,rule_v1
microwave,1385749985000000,1385750025000000,40.0,20.261388888888888,rule_v1
microwave,1385813679000000,1385813725000000,46.0,22.570833333333333,rule_v1
microwave,1385819907000000,1385820037000000,130.0,59.69,rule_v1
microwave,1385831433000000,1385831675000000,242.0,87.75833333333333,rule_v1
microwave,1385835908000000,1385835952000000,44.0,21.463055555555556,rule_v1
microwave,1385842437000000,1385842528000000,91.0,31.614166666666666,rule_v1
microwave,1385887793000000,1385887833000000,40.0,21.363055555555555,rule_v1
microwave,1385923543000000,1385923613000000,70.0,28.22833333333333,rule_v1
microwave,1385925594000000,1385925669000000,75.0,32.67527777777778,rule_v1
microwave,1385971144000000,1385971183000000,39.0,20.12472222222222,rule_v1
microwave,1386011752000000,1386011809000000,57.0,21.525,rule_v1
microwave,1386060113000000,1386060178000000,65.0,32.25694444444444,rule_v1
microwave,1386095745000000,1386095791000000,46.0,20.50277777777778,rule_v1
microwave,1386097026000000,1386097102000000,76.0,36.803333333333335,rule_v1
microwave,1386144823000000,1386144875000000,52.0,25.774166666666666,rule_v1
microwave,1386163850000000,1386163915000000,65.0,26.015,rule_v1
microwave,1386183356000000,1386183395000000,39.0,22.587222222222223,rule_v1
microwave,1386230777000000,1386230828000000,51.0,22.89527777777778,rule_v1
microwave,1386269525000000,1386269575000000,50.0,25.325555555555557,rule_v1
microwave,1386320348000000,1386320380000000,32.0,17.265833333333333,rule_v1
microwave,1386356159000000,1386356192000000,33.0,16.913611111111113,rule_v1
microwave,1386363184000000,1386363338000000,154.0,63.0475,rule_v1
microwave,1386403482000000,1386403520000000,38.0,20.348055555555554,rule_v1
microwave,1386423160000000,1386423296000000,136.0,59.07722222222222,rule_v1
microwave,1386441535000000,1386441577000000,42.0,21.9025,rule_v1
microwave,1386445818000000,1386446048000000,230.0,85.35777777777778,rule_v1
microwave,1386456342000000,1386456382000000,40.0,20.52111111111111,rule_v1
microwave,1386493643000000,1386493682000000,39.0,22.064722222222223,rule_v1
microwave,1386498558000000,1386498591000000,33.0,17.334444444444443,rule_v1
microwave,1386577172000000,1386577231000000,59.0,28.951944444444443,rule_v1
microwave,1386616696000000,1386616726000000,30.0,16.726666666666667,rule_v1
microwave,1386664109000000,1386664143000000,34.0,17.251666666666665,rule_v1
microwave,1386702514000000,1386702580000000,66.0,22.05888888888889,rule_v1
microwave,1386749141000000,1386749211000000,70.0,26.07472222222222,rule_v1
microwave,1386749908000000,1386749939000000,31.0,16.231666666666666,rule_v1
microwave,1386759126000000,1386759320000000,194.0,67.81527777777778,rule_v1
microwave,1386766925000000,1386766966000000,41.0,20.685277777777777,rule_v1
microwave,1386767359000000,1386767405000000,46.0,22.94527777777778,rule_v1
microwave,1386787867000000,1386787934000000,67.0,26.307499999999997,rule_v1
microwave,1386791131000000,1386791171000000,40.0,14.985833333333332,rule_v1
microwave,1386836952000000,1386837005000000,53.0,26.334444444444443,rule_v1
microwave,1386873441000000,1386873487000000,46.0,25.601111111111113,rule_v1
microwave,1386877263000000,1386877388000000,125.0,30.576944444444443,rule_v1
microwave,1386922427000000,1386922465000000,38.0,19.70611111111111,rule_v1
microwave,1386963119000000,1386963166000000,47.0,24.518333333333334,rule_v1
microwave,1387028233000000,1387028363000000,130.0,48.885555555555555,rule_v1
microwave,1387045562000000,1387045607000000,45.0,23.078611111111112,rule_v1
microwave,1387100738000000,1387100769000000,31.0,17.274444444444445,rule_v1
microwave,1387130126000000,1387130240000000,114.0,39.000277777777775,rule_v1
microwave,1387131976000000,1387132143000000,167.0,59.81305555555555,rule_v1
microwave,1387132320000000,1387132391000000,71.0,32.37555555555556,rule_v1
microwave,1387132601000000,1387132650000000,49.0,22.44,rule_v1
microwave,1387181665000000,1387181697000000,32.0,16.93777777777778,rule_v1
microwave,1387222261000000,1387222306000000,45.0,22.763333333333332,rule_v1
microwave,1387270650000000,1387270697000000,47.0,23.47138888888889,rule_v1
microwave,1387306858000000,1387306925000000,67.0,32.840555555555554,rule_v1
microwave,1387312828000000,1387312901000000,73.0,37.01111111111111,rule_v1
microwave,1387356425000000,1387356465000000,40.0,21.014444444444443,rule_v1
microwave,1387392550000000,1387392638000000,88.0,33.29055555555556,rule_v1
microwave,1387441994000000,1387442047000000,53.0,21.115277777777777,rule_v1
microwave,1387449089000000,1387449155000000,66.0,8.87888888888889,rule_v1
microwave,1387473318000000,1387473361000000,43.0,19.108055555555556,rule_v1
microwave,1387478035000000,1387478094000000,59.0,28.876944444444444,rule_v1
microwave,1387527786000000,1387527824000000,38.0,22.273611111111112,rule_v1
microwave,1387538608000000,1387538851000000,243.0,42.137499999999996,rule_v1
microwave,1387539182000000,1387539361000000,179.0,19.779166666666665,rule_v1
microwave,1387541936000000,1387542014000000,78.0,37.75277777777778,rule_v1
microwave,1387549621000000,1387549914000000,293.0,130.07972222222222,rule_v1
microwave,1387549987000000,1387550211000000,224.0,89.69972222222222,rule_v1
microwave,1387563955000000,1387563988000000,33.0,17.376666666666665,rule_v1
microwave,1387570238000000,1387570270000000,32.0,17.031388888888888,rule_v1
microwave,1387616441000000,1387616474000000,33.0,11.352777777777778,rule_v1
microwave,1387618336000000,1387618391000000,55.0,23.088333333333335,rule_v1
microwave,1387644849000000,1387645179000000,330.0,42.581111111111106,rule_v1
microwave,1387645240000000,1387645481000000,241.0,34.040277777777774,rule_v1
microwave,1387645561000000,1387645685000000,124.0,16.128888888888888,rule_v1
microwave,1387645827000000,1387646096000000,269.0,36.95666666666667,rule_v1
microwave,1387646431000000,1387646780000000,349.0,97.56861111111111,rule_v1
microwave,1387668939000000,1387669093000000,154.0,36.65555555555555,rule_v1
microwave,1387700887000000,1387700953000000,66.0,26.35972222222222,rule_v1
microwave,1388251854000000,1388251908000000,54.0,23.299166666666665,rule_v1
microwave,1388256077000000,1388256128000000,51.0,25.321666666666665,rule_v1
microwave,1388311548000000,1388311585000000,37.0,19.031111111111112,rule_v1
microwave,1388342554000000,1388342600000000,46.0,23.761388888888888,rule_v1
microwave,1388393841000000,1388393883000000,42.0,21.610555555555557,rule_v1
microwave,1388408543000000,1388408587000000,44.0,25.23,rule_v1
microwave,1388412153000000,1388412223000000,70.0,32.18222222222222,rule_v1
microwave,1388426090000000,1388426424000000,334.0,32.80972222222223,rule_v1
microwave,1388426532000000,1388426595000000,63.0,28.256944444444443,rule_v1
microwave,1388429356000000,1388429398000000,42.0,21.385277777777777,rule_v1
microwave,1388433587000000,1388433642000000,55.0,16.88111111111111,rule_v1
microwave,1388482753000000,1388482805000000,52.0,23.211944444444445,rule_v1
microwave,1388492326000000,1388492534000000,208.0,91.32277777777779,rule_v1
microwave,1388493924000000,1388494042000000,118.0,38.34361111111111,rule_v1
microwave,1388514837000000,1388514919000000,82.0,35.41638888888889,rule_v1
microwave,1388516985000000,1388517064000000,79.0,37.69083333333333,rule_v1
microwave,1388518585000000,1388518630000000,45.0,23.210833333333333,rule_v1
microwave,1388519804000000,1388519834000000,30.0,16.371111111111112,rule_v1
microwave,1388574369000000,1388574424000000,55.0,25.365555555555556,rule_v1
microwave,1388583179000000,1388583295000000,116.0,56.64694444444444,rule_v1
microwave,1388583718000000,1388583829000000,111.0,46.713055555555556,rule_v1
microwave,1388584705000000,1388584770000000,65.0,30.0725,rule_v1
microwave,1388599214000000,1388599270000000,56.0,27.036666666666665,rule_v1
microwave,1388601165000000,1388601210000000,45.0,23.190555555555555,rule_v1
microwave,1388655247000000,1388655278000000,31.0,16.88277777777778,rule_v1
microwave,1388669239000000,1388669465000000,226.0,69.67388888888888,rule_v1
microwave,1388686854000000,1388686971000000,117.0,38.107777777777784,rule_v1
microwave,1388737769000000,1388737820000000,51.0,25.33277777777778,rule_v1
microwave,1388738145000000,1388738178000000,33.0,16.914166666666667,rule_v1
microwave,1388739064000000,1388739094000000,30.0,16.198888888888888,rule_v1
microwave,1388775060000000,1388775120000000,60.0,30.074444444444445,rule_v1
microwave,1388829852000000,1388829907000000,55.0,20.724166666666665,rule_v1
microwave,1388861046000000,1388861096000000,50.0,25.308055555555555,rule_v1
microwave,1388913111000000,1388913162000000,51.0,24.529166666666665,rule_v1
microwave,1388943616000000,1388943668000000,52.0,25.944166666666668,rule_v1
microwave,1388943984000000,1388944046000000,62.0,23.974166666666665,rule_v1
microwave,1388945064000000,1388945127000000,63.0,30.43888888888889,rule_v1
microwave,1388956558000000,1388956694000000,136.0,46.84722222222222,rule_v1
microwave,1388998494000000,1388998533000000,39.0,20.47277777777778,rule_v1
microwave,1389033984000000,1389034028000000,44.0,22.165277777777778,rule_v1
microwave,1389098519000000,1389098907000000,388.0,148.57111111111112,rule_v1
microwave,1389119214000000,1389119245000000,31.0,16.772222222222222,rule_v1
microwave,1389185589000000,1389185835000000,246.0,68.54388888888889,rule_v1
microwave,1389206140000000,1389206195000000,55.0,23.962222222222223,rule_v1
microwave,1389207049000000,1389207095000000,46.0,22.642222222222223,rule_v1
microwave,1389255509000000,1389255549000000,40.0,18.715555555555554,rule_v1
microwave,1389271031000000,1389271073000000,42.0,20.89361111111111,rule_v1
microwave,1389290114000000,1389290167000000,53.0,22.909166666666664,rule_v1
microwave,1389291947000000,1389291993000000,46.0,23.094722222222224,rule_v1
microwave,1389341988000000,1389342043000000,55.0,23.738055555555555,rule_v1
microwave,1389363514000000,1389363959000000,445.0,180.9063888888889,rule_v1
microwave,1389374237000000,1389374388000000,151.0,19.183888888888887,rule_v1
microwave,1389374477000000,1389375061000000,584.0,97.23972222222221,rule_v1
microwave,1389378562000000,1389378596000000,34.0,17.048333333333332,rule_v1
microwave,1389382371000000,1389382458000000,87.0,40.7525,rule_v1
microwave,1389774220000000,1389774253000000,33.0,17.778055555555557,rule_v1
microwave,1389774888000000,1389774932000000,44.0,25.981944444444444,rule_v1
microwave,1389810289000000,1389810328000000,39.0,19.586666666666666,rule_v1
microwave,1389862816000000,1389862849000000,33.0,17.264166666666668,rule_v1
microwave,1389882696000000,1389882825000000,129.0,54.24472222222222,rule_v1
microwave,1389882896000000,1389882942000000,46.0,21.9125,rule_v1
microwave,1389897824000000,1389897887000000,63.0,30.185277777777777,rule_v1
microwave,1389945637000000,1389945676000000,39.0,20.700277777777778,rule_v1
microwave,1389964196000000,1389964424000000,228.0,96.79444444444445,rule_v1
microwave,1389965841000000,1389965974000000,133.0,59.75861111111111,rule_v1
microwave,1389984012000000,1389984049000000,37.0,19.385277777777777,rule_v1
microwave,1390034951000000,1390034986000000,35.0,19.0325,rule_v1
microwave,1390070032000000,1390070103000000,71.0,33.94222222222222,rule_v1
microwave,1390080673000000,1390080765000000,92.0,44.00833333333333,rule_v1
microwave,1390124429000000,1390124539000000,110.0,50.66555555555556,rule_v1
microwave,1390157145000000,1390157203000000,58.0,28.640833333333333,rule_v1
microwave,1390166703000000,1390166788000000,85.0,30.341944444444447,rule_v1
microwave,1390202939000000,1390202971000000,32.0,16.543333333333333,rule_v1
microwave,1390203293000000,1390203337000000,44.0,21.745833333333334,rule_v1
microwave,1390243842000000,1390243893000000,51.0,26.29722222222222,rule_v1
microwave,1390293598000000,1390293638000000,40.0,20.955555555555556,rule_v1
microwave,1390305199000000,1390305530000000,331.0,127.36527777777778,rule_v1
microwave,1390328656000000,1390328696000000,40.0,20.75,rule_v1
microwave,1390330193000000,1390330240000000,47.0,22.604166666666668,rule_v1
microwave,1390377123000000,1390377166000000,43.0,22.789722222222224,rule_v1
microwave,1391022965000000,1391023014000000,49.0,25.15388888888889,rule_v1
microwave,1391077085000000,1391077126000000,41.0,22.075,rule_v1
microwave,1391089122000000,1391089190000000,68.0,33.683055555555555,rule_v1
microwave,1391108064000000,1391108124000000,60.0,29.621666666666666,rule_v1
microwave,1391112071000000,1391112220000000,149.0,58.39027777777778,rule_v1
microwave,1391156528000000,1391156573000000,45.0,20.126944444444444,rule_v1
microwave,1391170663000000,1391170955000000,292.0,132.99083333333334,rule_v1
microwave,1391171428000000,1391171720000000,292.0,120.63305555555556,rule_v1
microwave,1391171815000000,1391172060000000,245.0,95.52,rule_v1
microwave,1391192746000000,1391192789000000,43.0,23.271944444444443,rule_v1
microwave,1391192873000000,1391192973000000,100.0,45.89388888888889,rule_v1
microwave,1391282098000000,1391282144000000,46.0,22.66,rule_v1
microwave,1391330963000000,1391331006000000,43.0,22.78388888888889,rule_v1
microwave,1391361688000000,1391362055000000,367.0,52.93861111111111,rule_v1
microwave,1391362194000000,1391362350000000,156.0,50.5425,rule_v1
microwave,1391366129000000,1391366160000000,31.0,16.341944444444444,rule_v1
microwave,1391412689000000,1391412739000000,50.0,24.93,rule_v1
microwave,1391454089000000,1391454126000000,37.0,19.076666666666668,rule_v1
microwave,1391501066000000,1391501113000000,47.0,20.659444444444446,rule_v1
microwave,1391501921000000,1391501971000000,50.0,24.725,rule_v1
microwave,1391516517000000,1391516641000000,124.0,22.634722222222223,rule_v1
microwave,1391539544000000,1391539643000000,99.0,47.006388888888885,rule_v1
microwave,1391586024000000,1391586056000000,32.0,15.949166666666667,rule_v1
microwave,1391586744000000,1391586782000000,38.0,19.826666666666668,rule_v1
microwave,1391621698000000,1391622403000000,705.0,285.5130555555556,rule_v1
microwave,1391624914000000,1391624970000000,56.0,26.718333333333334,rule_v1
microwave,1391675943000000,1391675988000000,45.0,22.603055555555557,rule_v1
microwave,1391710055000000,1391710094000000,39.0,16.420277777777777,rule_v1
microwave,1391712010000000,1391712050000000,40.0,20.57,rule_v1
microwave,1391763060000000,1391763112000000,52.0,25.31222222222222,rule_v1
microwave,1391777239000000,1391777366000000,127.0,62.63055555555555,rule_v1
microwave,1391798007000000,1391798070000000,63.0,30.38083333333333,rule_v1
microwave,1391848732000000,1391848773000000,41.0,21.663611111111113,rule_v1
microwave,1391862855000000,1391862946000000,91.0,44.26083333333333,rule_v1
microwave,1391884463000000,1391884547000000,84.0,40.341388888888886,rule_v1
microwave,1391884639000000,1391884671000000,32.0,16.799722222222222,rule_v1
microwave,1391934230000000,1391934269000000,39.0,20.003888888888888,rule_v1
microwave,1391959236000000,1391959306000000,70.0,34.77361111111111,rule_v1
microwave,1391967188000000,1391967735000000,547.0,63.75333333333333,rule_v1
microwave,1391967800000000,1391967868000000,68.0,8.411944444444444,rule_v1
microwave,1391967933000000,1391968010000000,77.0,14.832777777777778,rule_v1
microwave,1391971225000000,1391971268000000,43.0,22.34,rule_v1
microwave,1392020490000000,1392020539000000,49.0,26.327222222222222,rule_v1
microwave,1392020612000000,1392020654000000,42.0,21.108888888888888,rule_v1
microwave,1392058661000000,1392058724000000,63.0,29.854444444444443,rule_v1
microwave,1392107464000000,1392107505000000,41.0,20.163333333333334,rule_v1
microwave,1392141748000000,1392141781000000,33.0,17.84888888888889,rule_v1
microwave,1392144232000000,1392144277000000,45.0,23.00638888888889,rule_v1
microwave,1392155288000000,1392155321000000,33.0,18.057777777777776,rule_v1
microwave,1392193829000000,1392193865000000,36.0,19.688055555555554,rule_v1
microwave,1392209170000000,1392209709000000,539.0,221.68416666666667,rule_v1
microwave,1392224918000000,1392224948000000,30.0,16.100555555555555,rule_v1
microwave,1392231501000000,1392231556000000,55.0,27.884444444444444,rule_v1
microwave,1392280850000000,1392280889000000,39.0,19.898888888888887,rule_v1
microwave,1392302314000000,1392302449000000,135.0,52.11638888888889,rule_v1
microwave,1392316107000000,1392316153000000,46.0,23.95638888888889,rule_v1
microwave,1392364317000000,1392364357000000,40.0,20.43138888888889,rule_v1
microwave,1392381065000000,1392381145000000,80.0,37.99,rule_v1
microwave,1392381287000000,1392381340000000,53.0,26.251666666666665,rule_v1
microwave,1392402530000000,1392402602000000,72.0,31.785833333333333,rule_v1
microwave,1392454839000000,1392454897000000,58.0,28.370555555555555,rule_v1
microwave,1392485874000000,1392485954000000,80.0,21.878055555555555,rule_v1
microwave,1392489076000000,1392489133000000,57.0,27.72888888888889,rule_v1
microwave,1392538625000000,1392538671000000,46.0,23.315555555555555,rule_v1
microwave,1392566445000000,1392566540000000,95.0,24.886388888888888,rule_v1
microwave,1392576796000000,1392576870000000,74.0,28.24888888888889,rule_v1
microwave,1392585393000000,1392585539000000,146.0,44.38666666666667,rule_v1
microwave,1392626469000000,1392626508000000,39.0,20.138333333333332,rule_v1
microwave,1392639792000000,1392640225000000,433.0,185.51833333333335,rule_v1
microwave,1392663261000000,1392663302000000,41.0,20.358333333333334,rule_v1
microwave,1392709624000000,1392709672000000,48.0,24.9225,rule_v1
microwave,1392727662000000,1392728212000000,550.0,223.2522222222222,rule_v1
microwave,1392750494000000,1392750539000000,45.0,22.736944444444443,rule_v1
microwave,1392790266000000,1392790305000000,39.0,21.6,rule_v1
microwave,1392815032000000,1392815117000000,85.0,41.01,rule_v1
microwave,1393056904000000,1393056942000000,38.0,20.79138888888889,rule_v1
microwave,1393087728000000,1393087790000000,62.0,17.193333333333335,rule_v1
microwave,1393091212000000,1393091250000000,38.0,19.304166666666667,rule_v1
microwave,1393101700000000,1393101775000000,75.0,35.382222222222225,rule_v1
microwave,1393142906000000,1393142956000000,50.0,25.145555555555557,rule_v1
microwave,1393143219000000,1393143296000000,77.0,26.867222222222225,rule_v1
microwave,1393144123000000,1393144155000000,32.0,13.55361111111111,rule_v1
microwave,1393159357000000,1393159440000000,83.0,24.770555555555553,rule_v1
microwave,1393159723000000,1393160118000000,395.0,155.72083333333333,rule_v1
microwave,1393161093000000,1393161131000000,38.0,18.68166666666667,rule_v1
microwave,1393180511000000,1393180567000000,56.0,27.061666666666667,rule_v1
microwave,1393185054000000,1393185139000000,85.0,32.24611111111111,rule_v1
microwave,1393230079000000,1393230116000000,37.0,19.183611111111112,rule_v1
microwave,1393251670000000,1393251801000000,131.0,61.58638888888889,rule_v1
microwave,1393267740000000,1393267789000000,49.0,25.108055555555556,rule_v1
microwave,1393271752000000,1393271837000000,85.0,33.492222222222225,rule_v1
microwave,1393319211000000,1393319264000000,53.0,23.561944444444443,rule_v1
microwave,1393350398000000,1393350781000000,383.0,165.83555555555554,rule_v1
microwave,1393353655000000,1393353702000000,47.0,21.662222222222223,rule_v1
microwave,1393401832000000,1393401871000000,39.0,20.461111111111112,rule_v1
microwave,1393438506000000,1393438591000000,85.0,40.952777777777776,rule_v1
microwave,1393439361000000,1393439419000000,58.0,20.730833333333337,rule_v1
microwave,1393489890000000,1393489930000000,40.0,20.8125,rule_v1
microwave,1393526120000000,1393526169000000,49.0,24.42361111111111,rule_v1
microwave,1393538382000000,1393538453000000,71.0,33.98111111111111,rule_v1
microwave,1393577138000000,1393577169000000,31.0,16.63361111111111,rule_v1
microwave,1393589732000000,1393589940000000,208.0,95.46722222222222,rule_v1
microwave,1393590034000000,1393590735000000,701.0,249.63,rule_v1
microwave,1393612396000000,1393612441000000,45.0,22.633055555555554,rule_v1
microwave,1393666579000000,1393666617000000,38.0,19.80666666666667,rule_v1
microwave,1393699083000000,1393699358000000,275.0,59.403055555555554,rule_v1
microwave,1393764474000000,1393764559000000,85.0,26.954444444444448,rule_v1
microwave,1393764844000000,1393764883000000,39.0,19.83,rule_v1
microwave,1393791290000000,1393791374000000,84.0,29.62333333333333,rule_v1
microwave,1393835763000000,1393835800000000,37.0,23.297777777777778,rule_v1
microwave,1393881280000000,1393881372000000,92.0,31.44638888888889,rule_v1
microwave,1393920150000000,1393920216000000,66.0,13.475833333333332,rule_v1
microwave,1393921716000000,1393921772000000,56.0,20.989722222222223,rule_v1
microwave,1393958357000000,1393958397000000,40.0,20.368333333333332,rule_v1
microwave,1394005271000000,1394005336000000,65.0,31.551388888888887,rule_v1
microwave,1394045091000000,1394045128000000,37.0,19.58388888888889,rule_v1
microwave,1394091772000000,1394091806000000,34.0,17.802777777777777,rule_v1
microwave,1394131723000000,1394131778000000,55.0,21.218611111111112,rule_v1
microwave,1394180956000000,1394180993000000,37.0,19.46472222222222,rule_v1
microwave,1394193593000000,1394194116000000,523.0,213.1938888888889,rule_v1
microwave,1394194558000000,1394194618000000,60.0,27.638333333333332,rule_v1
microwave,1394216275000000,1394216306000000,31.0,16.54888888888889,rule_v1
microwave,1394218410000000,1394218458000000,48.0,19.881666666666668,rule_v1
microwave,1394231448000000,1394231523000000,75.0,36.717777777777776,rule_v1
microwave,1394271024000000,1394271074000000,50.0,27.174166666666668,rule_v1
microwave,1394303858000000,1394303902000000,44.0,22.753888888888888,rule_v1
microwave,1394355716000000,1394355749000000,33.0,17.388333333333332,rule_v1
microwave,1394357051000000,1394357104000000,53.0,25.753055555555555,rule_v1
microwave,1394389637000000,1394389670000000,33.0,18.400833333333335,rule_v1
microwave,1394438885000000,1394438941000000,56.0,29.983888888888888,rule_v1
microwave,1394477286000000,1394477340000000,54.0,27.8825,rule_v1
microwave,1394480582000000,1394480703000000,121.0,50.76916666666666,rule_v1
microwave,1394558482000000,1394558582000000,100.0,47.683055555555555,rule_v1
microwave,1394563571000000,1394563629000000,58.0,28.273611111111112,rule_v1
microwave,1394612182000000,1394612229000000,47.0,20.964444444444446,rule_v1
microwave,1394612883000000,1394612929000000,46.0,20.499166666666667,rule_v1
microwave,1394627208000000,1394627922000000,714.0,280.5763888888889,rule_v1
microwave,1394628209000000,1394628351000000,142.0,51.312777777777775,rule_v1
microwave,1394629121000000,1394629191000000,70.0,29.38722222222222,rule_v1
microwave,1394629318000000,1394629384000000,66.0,28.569166666666668,rule_v1
microwave,1394649662000000,1394649725000000,63.0,29.566111111111113,rule_v1
microwave,1394698637000000,1394698677000000,40.0,21.241944444444446,rule_v1
microwave,1394736382000000,1394736416000000,34.0,20.210833333333333,rule_v1
microwave,1394739894000000,1394739968000000,74.0,36.45916666666667,rule_v1
microwave,1394746659000000,1394746697000000,38.0,19.0925,rule_v1
microwave,1394784182000000,1394784215000000,33.0,17.94388888888889,rule_v1
microwave,1394807986000000,1394808148000000,162.0,47.7975,rule_v1
microwave,1394823413000000,1394823464000000,51.0,26.49972222222222,rule_v1
microwave,1394832060000000,1394832126000000,66.0,32.748333333333335,rule_v1
microwave,1394908862000000,1394908919000000,57.0,27.45,rule_v1
microwave,1394961664000000,1394961738000000,74.0,36.38361111111111,rule_v1
microwave,1394995320000000,1394995371000000,51.0,28.32,rule_v1
microwave,1395082755000000,1395082799000000,44.0,21.76888888888889,rule_v1
microwave,1395129596000000,1395129626000000,30.0,17.35,rule_v1
microwave,1395169266000000,1395169322000000,56.0,28.461666666666666,rule_v1
microwave,1395172093000000,1395172181000000,88.0,41.66222222222222,rule_v1
microwave,1395217012000000,1395217052000000,40.0,20.642777777777777,rule_v1
microwave,1395254123000000,1395254197000000,74.0,26.2525,rule_v1
microwave,1395338664000000,1395339041000000,377.0,156.71444444444444,rule_v1
microwave,1395339637000000,1395339692000000,55.0,20.924999999999997,rule_v1
microwave,1395341288000000,1395341327000000,39.0,19.352777777777778,rule_v1
microwave,1395386987000000,1395387042000000,55.0,27.315,rule_v1
microwave,1395389480000000,1395389516000000,36.0,18.8675,rule_v1
microwave,1395425565000000,1395425638000000,73.0,34.87861111111111,rule_v1
microwave,1395426440000000,1395426513000000,73.0,34.99444444444445,rule_v1
microwave,1395431159000000,1395431273000000,114.0,47.515277777777776,rule_v1
microwave,1395478534000000,1395478579000000,45.0,23.192777777777778,rule_v1
microwave,1395515064000000,1395515104000000,40.0,20.188055555555554,rule_v1
microwave,1395519009000000,1395519066000000,57.0,27.241666666666667,rule_v1
microwave,1395519243000000,1395519340000000,97.0,38.74333333333333,rule_v1
microwave,1395565973000000,1395566026000000,53.0,27.378333333333334,rule_v1
microwave,1395587543000000,1395587627000000,84.0,40.62166666666667,rule_v1
microwave,1395601083000000,1395601150000000,67.0,24.78361111111111,rule_v1
microwave,1395685636000000,1395685697000000,61.0,29.969722222222224,rule_v1
microwave,1395734934000000,1395735035000000,101.0,41.951388888888886,rule_v1
microwave,1395743764000000,1395743810000000,46.0,22.986666666666668,rule_v1
microwave,1395751652000000,1395751693000000,41.0,19.900833333333335,rule_v1
microwave,1395773876000000,1395773935000000,59.0,30.252222222222223,rule_v1
microwave,1395777107000000,1395777145000000,38.0,19.235,rule_v1
microwave,1395827363000000,1395827412000000,49.0,25.955555555555556,rule_v1
microwave,1395839325000000,1395839755000000,430.0,174.48722222222221,rule_v1
microwave,1395860329000000,1395860373000000,44.0,22.711666666666666,rule_v1
microwave,1395910637000000,1395910686000000,49.0,25.386388888888888,rule_v1
microwave,1395944792000000,1395945125000000,333.0,61.92305555555556,rule_v1
microwave,1395948383000000,1395948419000000,36.0,18.503055555555555,rule_v1
microwave,1395948507000000,1395948553000000,46.0,20.39,rule_v1
microwave,1395996391000000,1395996476000000,85.0,24.145555555555557,rule_v1
microwave,1395998981000000,1395999138000000,157.0,52.27472222222222,rule_v1
microwave,1395999257000000,1395999315000000,58.0,28.225,rule_v1
microwave,1396031967000000,1396032020000000,53.0,26.8325,rule_v1
microwave,1396084492000000,1396084546000000,54.0,26.349444444444444,rule_v1
microwave,1396095505000000,1396095548000000,43.0,16.679444444444442,rule_v1
microwave,1396113244000000,1396113358000000,114.0,51.37111111111111,rule_v1
microwave,1396114333000000,1396114473000000,140.0,20.85972222222222,rule_v1
microwave,1396114977000000,1396115047000000,70.0,24.762777777777778,rule_v1
microwave,1396115895000000,1396115956000000,61.0,31.232777777777777,rule_v1
microwave,1396119691000000,1396119728000000,37.0,5.3116666666666665,rule_v1
microwave,1396119884000000,1396119934000000,50.0,21.627222222222223,rule_v1
microwave,1396168271000000,1396168314000000,43.0,20.63138888888889,rule_v1
microwave,1396202089000000,1396202144000000,55.0,23.949444444444442,rule_v1
microwave,1396253517000000,1396253548000000,31.0,16.498055555555556,rule_v1
microwave,1396286319000000,1396286372000000,53.0,23.737499999999997,rule_v1
microwave,1396286961000000,1396287001000000,40.0,17.5825,rule_v1
microwave,1396288386000000,1396288437000000,51.0,24.875555555555554,rule_v1
microwave,1396290833000000,1396290891000000,58.0,28.611944444444443,rule_v1
microwave,1396340907000000,1396340957000000,50.0,24.8475,rule_v1
microwave,1396372690000000,1396372730000000,40.0,19.915555555555557,rule_v1
microwave,1396374645000000,1396374684000000,39.0,16.441388888888888,rule_v1
microwave,1396374966000000,1396375043000000,77.0,35.535833333333336,rule_v1
microwave,1396432149000000,1396432180000000,31.0,16.698888888888888,rule_v1
microwave,1396445960000000,1396446095000000,135.0,50.81916666666666,rule_v1
microwave,1396466253000000,1396466292000000,39.0,14.141944444444444,rule_v1
microwave,1396512475000000,1396512511000000,36.0,15.726944444444444,rule_v1
microwave,1396548167000000,1396548239000000,72.0,13.382222222222222,rule_v1
microwave,1396554098000000,1396554131000000,33.0,14.108333333333334,rule_v1
microwave,1396628529000000,1396628965000000,436.0,181.56277777777777,rule_v1
microwave,1396632672000000,1396632747000000,75.0,25.253055555555555,rule_v1
microwave,1396636719000000,1396636803000000,84.0,34.9425,rule_v1
microwave,1396639049000000,1396639090000000,41.0,14.254166666666666,rule_v1
microwave,1396687513000000,1396687552000000,39.0,23.355555555555554,rule_v1
microwave,1396688414000000,1396688471000000,57.0,24.04,rule_v1
microwave,1396718688000000,1396718741000000,53.0,23.86777777777778,rule_v1
microwave,1396725892000000,1396725925000000,33.0,10.601666666666667,rule_v1
microwave,1396775226000000,1396775269000000,43.0,23.075,rule_v1
microwave,1396802720000000,1396802777000000,57.0,10.93388888888889,rule_v1
microwave,1396802878000000,1396802974000000,96.0,11.692222222222222,rule_v1
microwave,1396803096000000,1396803214000000,118.0,18.935555555555556,rule_v1
microwave,1396803342000000,1396803394000000,52.0,25.586944444444445,rule_v1
microwave,1396806609000000,1396806648000000,39.0,19.400555555555556,rule_v1
microwave,1396810088000000,1396810143000000,55.0,27.896944444444443,rule_v1
microwave,1396860211000000,1396860288000000,77.0,37.979166666666664,rule_v1
microwave,1396944191000000,1396944242000000,51.0,20.84611111111111,rule_v1
microwave,1396960016000000,1396960047000000,31.0,16.24,rule_v1
microwave,1396977474000000,1396977534000000,60.0,21.105555555555554,rule_v1
microwave,1396979166000000,1396979226000000,60.0,17.115277777777777,rule_v1
microwave,1397032639000000,1397032689000000,50.0,25.344444444444445,rule_v1
microwave,1397065256000000,1397065297000000,41.0,22.095555555555556,rule_v1
microwave,1397116456000000,1397116488000000,32.0,17.54,rule_v1
microwave,1397117267000000,1397117307000000,40.0,20.724722222222223,rule_v1
microwave,1397154366000000,1397154437000000,71.0,27.28611111111111,rule_v1
microwave,1397204317000000,1397204377000000,60.0,28.55361111111111,rule_v1
microwave,1397240970000000,1397241035000000,65.0,28.628055555555555,rule_v1
microwave,1397550572000000,1397550625000000,53.0,26.96611111111111,rule_v1
microwave,1397564976000000,1397565055000000,79.0,23.479444444444447,rule_v1
microwave,1397584365000000,1397584415000000,50.0,25.200555555555557,rule_v1
microwave,1397634272000000,1397634325000000,53.0,22.148333333333333,rule_v1
microwave,1397669907000000,1397669944000000,37.0,18.906388888888888,rule_v1
microwave,1397675367000000,1397675418000000,51.0,22.21638888888889,rule_v1
microwave,1397756146000000,1397756198000000,52.0,26.183333333333334,rule_v1
microwave,1397756427000000,1397756488000000,61.0,29.002777777777776,rule_v1
microwave,1397842414000000,1397842461000000,47.0,24.15861111111111,rule_v1
microwave,1397896957000000,1397897022000000,65.0,23.122777777777777,rule_v1
microwave,1397933234000000,1397933593000000,359.0,149.58527777777778,rule_v1
microwave,1397981487000000,1397981575000000,88.0,41.904444444444444,rule_v1
microwave,1398024807000000,1398024837000000,30.0,17.231944444444444,rule_v1
microwave,1398029312000000,1398029410000000,98.0,37.50083333333333,rule_v1
microwave,1398071933000000,1398071976000000,43.0,22.173333333333332,rule_v1
microwave,1398102093000000,1398102474000000,381.0,159.93194444444444,rule_v1
microwave,1398103024000000,1398103102000000,78.0,26.587222222222223,rule_v1
microwave,1398103337000000,1398103375000000,38.0,16.384166666666665,rule_v1
microwave,1398105417000000,1398105456000000,39.0,19.28638888888889,rule_v1
microwave,1398153661000000,1398153694000000,33.0,17.135,rule_v1
microwave,1398165484000000,1398165931000000,447.0,178.82722222222222,rule_v1
microwave,1398188114000000,1398188172000000,58.0,26.105555555555554,rule_v1
microwave,1398241969000000,1398242016000000,47.0,20.925833333333333,rule_v1
microwave,1398258317000000,1398258383000000,66.0,31.87472222222222,rule_v1
microwave,1398260032000000,1398260098000000,66.0,21.031944444444445,rule_v1
microwave,1398271201000000,1398271555000000,354.0,146.4625,rule_v1
microwave,1398278743000000,1398278788000000,45.0,22.345,rule_v1
microwave,1398321292000000,1398321630000000,338.0,140.18027777777777,rule_v1
microwave,1398327458000000,1398327491000000,33.0,18.261111111111113,rule_v1
microwave,1398340045000000,1398340086000000,41.0,16.14,rule_v1
microwave,1398361465000000,1398361510000000,45.0,23.548333333333332,rule_v1
microwave,1398433670000000,1398434039000000,369.0,158.635,rule_v1
microwave,1398445686000000,1398445745000000,59.0,22.662777777777777,rule_v1
microwave,1398447934000000,1398447987000000,53.0,26.61111111111111,rule_v1
microwave,1398501317000000,1398501350000000,33.0,17.32138888888889,rule_v1
microwave,1398524382000000,1398524539000000,157.0,73.4225,rule_v1
microwave,1398524874000000,1398524964000000,90.0,40.189166666666665,rule_v1
microwave,1398525331000000,1398525369000000,38.0,19.975833333333334,rule_v1
microwave,1398534067000000,1398534138000000,71.0,26.40388888888889,rule_v1
microwave,1398535821000000,1398535886000000,65.0,31.331944444444446,rule_v1
microwave,1398541717000000,1398542034000000,317.0,133.56,rule_v1
microwave,1398588585000000,1398588936000000,351.0,149.97444444444446,rule_v1
microwave,1398589557000000,1398589793000000,236.0,88.07916666666667,rule_v1
microwave,1398590920000000,1398590968000000,48.0,22.397777777777776,rule_v1
microwave,1398624002000000,1398624079000000,77.0,30.718333333333334,rule_v1
microwave,1398666637000000,1398666838000000,201.0,91.59083333333334,rule_v1
microwave,1398670916000000,1398671272000000,356.0,151.10888888888888,rule_v1
microwave,1398671558000000,1398671619000000,61.0,18.620833333333334,rule_v1
microwave,1398708490000000,1398708535000000,45.0,23.849166666666665,rule_v1
microwave,1398711923000000,1398711957000000,34.0,17.720555555555556,rule_v1
microwave,1398750794000000,1398751020000000,226.0,91.45194444444444,rule_v1
microwave,1398755601000000,1398755791000000,190.0,78.42583333333334,rule_v1
microwave,1398757664000000,1398757695000000,31.0,13.578888888888889,rule_v1
microwave,1398761996000000,1398762362000000,366.0,155.71305555555554,rule_v1
microwave,1398792582000000,1398792635000000,53.0,18.065,rule_v1
microwave,1398794661000000,1398794700000000,39.0,20.253888888888888,rule_v1
microwave,1398802356000000,1398802442000000,86.0,26.619999999999997,rule_v1
microwave,1398802898000000,1398802931000000,33.0,12.841666666666667,rule_v1
microwave,1398844548000000,1398844658000000,110.0,47.1275,rule_v1
microwave,1398846013000000,1398846072000000,59.0,25.795,rule_v1
microwave,1398846188000000,1398846503000000,315.0,128.21527777777777,rule_v1
microwave,1398878594000000,1398878639000000,45.0,22.699166666666667,rule_v1
microwave,1398886356000000,1398886387000000,31.0,13.661666666666665,rule_v1
microwave,1398933173000000,1398933298000000,125.0,49.01472222222222,rule_v1
microwave,1398934763000000,1398934840000000,77.0,25.614444444444445,rule_v1
microwave,1398949288000000,1398949394000000,106.0,43.64472222222222,rule_v1
microwave,1398966897000000,1398966963000000,66.0,32.355,rule_v1
microwave,1399021624000000,1399021703000000,79.0,36.08,rule_v1
microwave,1399022489000000,1399022521000000,32.0,17.463333333333335,rule_v1
microwave,1399050098000000,1399050664000000,566.0,62.05027777777777,rule_v1
microwave,1399050844000000,1399051157000000,313.0,85.00333333333333,rule_v1
microwave,1399051636000000,1399051709000000,73.0,24.200555555555553,rule_v1
microwave,1399053364000000,1399053398000000,34.0,17.889444444444443,rule_v1
microwave,1399053649000000,1399054050000000,401.0,155.73583333333335,rule_v1
microwave,1399103284000000,1399103791000000,507.0,195.14777777777778,rule_v1
microwave,1399114819000000,1399114898000000,79.0,34.71083333333333,rule_v1
microwave,1399137770000000,1399137819000000,49.0,24.986666666666668,rule_v1
microwave,1399194612000000,1399194655000000,43.0,20.635,rule_v1
microwave,1399198132000000,1399198481000000,349.0,143.6375,rule_v1
microwave,1399221124000000,1399221523000000,399.0,47.910555555555554,rule_v1
microwave,1399225407000000,1399225446000000,39.0,19.9925,rule_v1
microwave,1399235225000000,1399235258000000,33.0,15.607500000000002,rule_v1
microwave,1399280659000000,1399280730000000,71.0,34.26083333333333,rule_v1
microwave,1399280827000000,1399280884000000,57.0,19.229166666666664,rule_v1
microwave,1399298363000000,1399298397000000,34.0,18.080833333333334,rule_v1
microwave,1399311156000000,1399311564000000,408.0,169.84472222222223,rule_v1
microwave,1399313565000000,1399313629000000,64.0,10.999444444444444,rule_v1
microwave,1399314046000000,1399314110000000,64.0,22.194444444444443,rule_v1
microwave,1399359925000000,1399360062000000,137.0,56.05333333333333,rule_v1
microwave,1399361662000000,1399361703000000,41.0,23.85861111111111,rule_v1
microwave,1399400373000000,1399400430000000,57.0,27.940833333333334,rule_v1
microwave,1399438676000000,1399438890000000,214.0,83.27416666666667,rule_v1
microwave,1399439034000000,1399439067000000,33.0,16.196666666666665,rule_v1
microwave,1399449367000000,1399449454000000,87.0,42.466944444444444,rule_v1
microwave,1399483329000000,1399483411000000,82.0,36.3675,rule_v1
microwave,1399484736000000,1399484787000000,51.0,25.61611111111111,rule_v1
microwave,1399536242000000,1399536275000000,33.0,16.84111111111111,rule_v1
microwave,1399549027000000,1399549065000000,38.0,19.822777777777777,rule_v1
microwave,1399568666000000,1399568706000000,40.0,14.192777777777778,rule_v1
microwave,1399573111000000,1399573467000000,356.0,149.90083333333334,rule_v1
microwave,1399617969000000,1399618507000000,538.0,193.6363888888889,rule_v1
microwave,1399621217000000,1399621271000000,54.0,25.426388888888887,rule_v1
microwave,1399655845000000,1399655899000000,54.0,26.499166666666667,rule_v1
microwave,1399656870000000,1399656910000000,40.0,20.99388888888889,rule_v1
microwave,1399714370000000,1399714410000000,40.0,17.618333333333332,rule_v1
microwave,1399743091000000,1399743122000000,31.0,16.401666666666667,rule_v1
microwave,1399748829000000,1399749187000000,358.0,151.72083333333333,rule_v1
microwave,1399794934000000,1399795017000000,83.0,23.29861111111111,rule_v1
microwave,1399828771000000,1399828826000000,55.0,26.713333333333335,rule_v1
microwave,1399877636000000,1399877766000000,130.0,45.88805555555555,rule_v1
microwave,1399881858000000,1399881895000000,37.0,19.545,rule_v1
microwave,1399900510000000,1399900875000000,365.0,151.31583333333333,rule_v1
microwave,1399916835000000,1399916881000000,46.0,23.805555555555557,rule_v1
microwave,1399918384000000,1399918422000000,38.0,18.703055555555554,rule_v1
microwave,1399966800000000,1399966885000000,85.0,40.92888888888889,rule_v1
microwave,1399968767000000,1399968808000000,41.0,21.030277777777776,rule_v1
microwave,1399978508000000,1399979685000000,1177.0,425.21666666666675,rule_v1
microwave,1400002450000000,1400002505000000,55.0,20.97638888888889,rule_v1
microwave,1400004208000000,1400004262000000,54.0,26.256666666666668,rule_v1
microwave,1400089828000000,1400089946000000,118.0,37.38944444444444,rule_v1
microwave,1400090398000000,1400090448000000,50.0,24.702222222222222,rule_v1
microwave,1400141806000000,1400141865000000,59.0,29.23,rule_v1
microwave,1400219891000000,1400220264000000,373.0,158.3227777777778,rule_v1
microwave,1400226299000000,1400226353000000,54.0,20.6275,rule_v1
microwave,1400263092000000,1400263151000000,59.0,28.81888888888889,rule_v1
microwave,1400315002000000,1400315106000000,104.0,42.306666666666665,rule_v1
microwave,1400315901000000,1400315974000000,73.0,24.194444444444443,rule_v1
microwave,1400350716000000,1400350773000000,57.0,27.5775,rule_v1
microwave,1400355352000000,1400355414000000,62.0,19.11,rule_v1
microwave,1400391046000000,1400391412000000,366.0,154.78277777777777,rule_v1
microwave,1400398620000000,1400398988000000,368.0,154.3347222222222,rule_v1
microwave,1400420868000000,1400420909000000,41.0,12.036388888888888,rule_v1
microwave,1400435035000000,1400435091000000,56.0,28.238333333333333,rule_v1
microwave,1400485945000000,1400485984000000,39.0,20.02638888888889,rule_v1
microwave,1400523760000000,1400523831000000,71.0,18.309166666666666,rule_v1
microwave,1400525599000000,1400525642000000,43.0,20.700555555555557,rule_v1
microwave,1400571707000000,1400571792000000,85.0,33.69777777777777,rule_v1
microwave,1400572420000000,1400572450000000,30.0,16.908055555555556,rule_v1
microwave,1400604374000000,1400604723000000,349.0,149.59277777777777,rule_v1
microwave,1400607993000000,1400608034000000,41.0,21.427777777777777,rule_v1
microwave,1400608621000000,1400608766000000,145.0,54.400277777777774,rule_v1
microwave,1400660722000000,1400660769000000,47.0,23.71361111111111,rule_v1
microwave,1400695217000000,1400695264000000,47.0,23.81388888888889,rule_v1
microwave,1400742061000000,1400742174000000,113.0,46.361666666666665,rule_v1
microwave,1400776335000000,1400776946000000,611.0,81.11416666666668,rule_v1
microwave,1400777033000000,1400777211000000,178.0,35.14666666666667,rule_v1
microwave,1400780615000000,1400780655000000,40.0,15.439166666666667,rule_v1
microwave,1400868287000000,1400868326000000,39.0,19.536666666666665,rule_v1
microwave,1400914785000000,1400914826000000,41.0,22.163611111111113,rule_v1
microwave,1401560161000000,1401560191000000,30.0,17.03,rule_v1
microwave,1401565574000000,1401565673000000,99.0,43.352222222222224,rule_v1
microwave,1401621136000000,1401621187000000,51.0,25.74861111111111,rule_v1
microwave,1401642114000000,1401642217000000,103.0,46.72083333333333,rule_v1
microwave,1401644115000000,1401644168000000,53.0,25.869722222222222,rule_v1
microwave,1401699801000000,1401699835000000,34.0,18.030555555555555,rule_v1
microwave,1401780365000000,1401780399000000,34.0,18.974444444444444,rule_v1
microwave,1401791288000000,1401791654000000,366.0,153.10722222222222,rule_v1
microwave,1401819856000000,1401819900000000,44.0,20.34166666666667,rule_v1
microwave,1401823783000000,1401824107000000,324.0,120.19166666666666,rule_v1
microwave,1401887835000000,1401888031000000,196.0,82.41972222222222,rule_v1
microwave,1401902665000000,1401902711000000,46.0,20.96472222222222,rule_v1
microwave,1401909873000000,1401910023000000,150.0,69.18777777777778,rule_v1
microwave,1401910138000000,1401910242000000,104.0,47.53,rule_v1
microwave,1401988598000000,1401988642000000,44.0,23.446666666666665,rule_v1
microwave,1402041303000000,1402041371000000,68.0,19.804166666666667,rule_v1
microwave,1402082514000000,1402082560000000,46.0,21.95388888888889,rule_v1
microwave,1402164150000000,1402164182000000,32.0,16.933333333333334,rule_v1
microwave,1402168701000000,1402168846000000,145.0,66.73861111111111,rule_v1
microwave,1402168967000000,1402169065000000,98.0,43.53055555555556,rule_v1
microwave,1402250773000000,1402250812000000,39.0,19.89,rule_v1
microwave,1402336996000000,1402337027000000,31.0,18.39388888888889,rule_v1
microwave,1402338860000000,1402338946000000,86.0,27.72972222222222,rule_v1
microwave,1402387209000000,1402387249000000,40.0,17.02916666666667,rule_v1
microwave,1402401737000000,1402402119000000,382.0,160.46083333333334,rule_v1
microwave,1402418215000000,1402418744000000,529.0,61.97083333333333,rule_v1
microwave,1402418860000000,1402419193000000,333.0,69.0436111111111,rule_v1
microwave,1402421317000000,1402421350000000,33.0,17.059166666666666,rule_v1
microwave,1402502945000000,1402503179000000,234.0,104.3861111111111,rule_v1
microwave,1402508756000000,1402508790000000,34.0,17.2725,rule_v1
microwave,1402856879000000,1402856910000000,31.0,16.891666666666666,rule_v1
microwave,1402941646000000,1402941690000000,44.0,22.61888888888889,rule_v1
microwave,1402993915000000,1402993948000000,33.0,17.634166666666665,rule_v1
microwave,1403026975000000,1403027006000000,31.0,17.36638888888889,rule_v1
microwave,1403079015000000,1403079055000000,40.0,18.121111111111112,rule_v1
microwave,1403113510000000,1403113556000000,46.0,23.50888888888889,rule_v1
microwave,1403113861000000,1403113904000000,43.0,13.473333333333333,rule_v1
microwave,1403163212000000,1403163252000000,40.0,17.310833333333335,rule_v1
microwave,1403275523000000,1403275885000000,362.0,156.0975,rule_v1
microwave,1403283684000000,1403283918000000,234.0,105.0875,rule_v1
microwave,1403285832000000,1403285878000000,46.0,22.38083333333333,rule_v1
microwave,1403334924000000,1403334965000000,41.0,19.075,rule_v1
microwave,1403373985000000,1403374018000000,33.0,14.572499999999998,rule_v1
microwave,1403459586000000,1403459625000000,39.0,20.709444444444443,rule_v1
microwave,1403543306000000,1403543386000000,80.0,38.57194444444445,rule_v1
microwave,1403545947000000,1403545998000000,51.0,25.81388888888889,rule_v1
microwave,1403641845000000,1403641930000000,85.0,39.73277777777778,rule_v1
microwave,1403684616000000,1403684649000000,33.0,18.219166666666666,rule_v1
microwave,1403717013000000,1403717069000000,56.0,25.528333333333332,rule_v1
microwave,1403719673000000,1403719714000000,41.0,21.22861111111111,rule_v1
microwave,1403724739000000,1403724805000000,66.0,32.8675,rule_v1
microwave,1403769321000000,1403769354000000,33.0,14.469722222222222,rule_v1
microwave,1403799448000000,1403799930000000,482.0,51.79055555555556,rule_v1
microwave,1403799994000000,1403800537000000,543.0,56.12916666666667,rule_v1
microwave,1403800598000000,1403800628000000,30.0,6.817777777777778,rule_v1
microwave,1403800788000000,1403800961000000,173.0,26.33027777777778,rule_v1
microwave,1403801130000000,1403801375000000,245.0,35.769444444444446,rule_v1
microwave,1403804490000000,1403804530000000,40.0,20.910833333333333,rule_v1
microwave,1403856168000000,1403856200000000,32.0,11.751944444444446,rule_v1
microwave,1403873421000000,1403873467000000,46.0,22.71361111111111,rule_v1
microwave,1403890888000000,1403890968000000,80.0,38.873333333333335,rule_v1
microwave,1403942404000000,1403942441000000,37.0,20.041944444444443,rule_v1
microwave,1403979378000000,1403979408000000,30.0,14.150000000000002,rule_v1
microwave,1404037541000000,1404037947000000,406.0,167.975,rule_v1
microwave,1404060331000000,1404060529000000,198.0,69.60083333333333,rule_v1
microwave,1404062861000000,1404062973000000,112.0,27.252222222222223,rule_v1
microwave,1404064834000000,1404064865000000,31.0,16.093888888888888,rule_v1
microwave,1404150575000000,1404150621000000,46.0,23.483055555555556,rule_v1
microwave,1404201490000000,1404201523000000,33.0,17.773333333333333,rule_v1
microwave,1404299686000000,1404300628000000,942.0,352.0830555555556,rule_v1
microwave,1404749939000000,1404750713000000,774.0,84.03944444444443,rule_v1
microwave,1404752437000000,1404752618000000,181.0,19.72888888888889,rule_v1
microwave,1404754088000000,1404754139000000,51.0,25.139444444444443,rule_v1
microwave,1404755368000000,1404755415000000,47.0,22.84,rule_v1
microwave,1404827204000000,1404827497000000,293.0,116.33888888888887,rule_v1
microwave,1404842174000000,1404842205000000,31.0,16.42388888888889,rule_v1
microwave,1404893835000000,1404893874000000,39.0,15.398611111111112,rule_v1
microwave,1404922226000000,1404922577000000,351.0,41.15583333333334,rule_v1
microwave,1404925736000000,1404925767000000,31.0,16.914722222222224,rule_v1
microwave,1404927055000000,1404927107000000,52.0,26.686666666666667,rule_v1
microwave,1404981014000000,1404981046000000,32.0,15.985277777777778,rule_v1
microwave,1404981109000000,1404981522000000,413.0,170.57611111111112,rule_v1
microwave,1404992437000000,1404992506000000,69.0,33.21861111111111,rule_v1
microwave,1404994014000000,1404994322000000,308.0,119.10805555555555,rule_v1
microwave,1405014390000000,1405014424000000,34.0,18.53,rule_v1
microwave,1405068012000000,1405068044000000,32.0,17.448333333333334,rule_v1
microwave,1405071331000000,1405071750000000,419.0,174.56333333333333,rule_v1
microwave,1405100190000000,1405100229000000,39.0,20.05666666666667,rule_v1
microwave,1405155311000000,1405155380000000,69.0,33.219722222222224,rule_v1
microwave,1405162710000000,1405163129000000,419.0,173.06972222222223,rule_v1
microwave,1405186062000000,1405186094000000,32.0,16.3025,rule_v1
microwave,1405240407000000,1405240446000000,39.0,20.376666666666665,rule_v1
microwave,1405243405000000,1405243819000000,414.0,171.3838888888889,rule_v1
microwave,1405274329000000,1405274368000000,39.0,19.75111111111111,rule_v1
microwave,1405281868000000,1405281904000000,36.0,15.45861111111111,rule_v1
microwave,1405336448000000,1405336871000000,423.0,172.86944444444444,rule_v1
microwave,1405352353000000,1405353051000000,698.0,281.3355555555556,rule_v1
microwave,1405357241000000,1405357271000000,30.0,15.786388888888888,rule_v1
microwave,1405357962000000,1405358020000000,58.0,30.42527777777778,rule_v1
microwave,1405359627000000,1405359670000000,43.0,21.686944444444446,rule_v1
microwave,1405409090000000,1405409122000000,32.0,17.138333333333332,rule_v1
microwave,1405409307000000,1405409731000000,424.0,173.12027777777777,rule_v1
microwave,1405422731000000,1405422838000000,107.0,49.92027777777778,rule_v1
microwave,1405445330000000,1405445376000000,46.0,18.03972222222222,rule_v1
microwave,1405450398000000,1405450435000000,37.0,19.224722222222223,rule_v1
microwave,1405496399000000,1405496813000000,414.0,170.70361111111112,rule_v1
microwave,1405499217000000,1405499268000000,51.0,24.310277777777777,rule_v1
microwave,1405531202000000,1405531249000000,47.0,13.621666666666666,rule_v1
microwave,1405577716000000,1405578136000000,420.0,173.1536111111111,rule_v1
microwave,1405580396000000,1405580440000000,44.0,18.53388888888889,rule_v1
microwave,1405613526000000,1405613578000000,52.0,25.496944444444445,rule_v1
microwave,1405626071000000,1405626111000000,40.0,19.694444444444443,rule_v1
microwave,1405665949000000,1405666323000000,374.0,155.9338888888889,rule_v1
microwave,1405667015000000,1405667055000000,40.0,19.047777777777778,rule_v1
microwave,1405704464000000,1405704508000000,44.0,22.95722222222222,rule_v1
microwave,1405754477000000,1405754513000000,36.0,18.94527777777778,rule_v1
microwave,1405755072000000,1405755480000000,408.0,170.00833333333333,rule_v1
microwave,1405782438000000,1405782846000000,408.0,171.62083333333334,rule_v1
microwave,1405791851000000,1405791884000000,33.0,14.79722222222222,rule_v1
microwave,1405840418000000,1405840456000000,38.0,19.58,rule_v1
microwave,1405843237000000,1405843626000000,389.0,162.10666666666665,rule_v1
microwave,1405926693000000,1405927106000000,413.0,174.18583333333333,rule_v1
microwave,1405965363000000,1405965403000000,40.0,14.26361111111111,rule_v1
microwave,1406016279000000,1406016317000000,38.0,14.732499999999998,rule_v1
microwave,1406019756000000,1406020176000000,420.0,173.37055555555557,rule_v1
microwave,1406044157000000,1406044561000000,404.0,170.73,rule_v1
microwave,1406050761000000,1406050792000000,31.0,16.906388888888888,rule_v1
microwave,1406099179000000,1406099610000000,431.0,182.52666666666667,rule_v1
microwave,1406131159000000,1406131617000000,458.0,185.77972222222223,rule_v1
microwave,1406136294000000,1406136327000000,33.0,13.926388888888887,rule_v1
microwave,1406136430000000,1406136468000000,38.0,15.963333333333333,rule_v1
microwave,1406187664000000,1406188062000000,398.0,170.34222222222223,rule_v1
microwave,1406218223000000,1406218621000000,398.0,163.13416666666666,rule_v1
microwave,1406221222000000,1406221259000000,37.0,15.4675,rule_v1
microwave,1406271025000000,1406271425000000,400.0,167.23722222222221,rule_v1
microwave,1406300254000000,1406300649000000,395.0,163.57916666666668,rule_v1
microwave,1406304638000000,1406304849000000,211.0,92.43222222222222,rule_v1
microwave,1406308865000000,1406308900000000,35.0,16.015833333333333,rule_v1
microwave,1406314064000000,1406314384000000,320.0,125.35972222222222,rule_v1
microwave,1406361743000000,1406361778000000,35.0,18.897777777777776,rule_v1
microwave,1406366038000000,1406366446000000,408.0,171.71583333333334,rule_v1
microwave,1406394533000000,1406394956000000,423.0,174.25722222222223,rule_v1
microwave,1406397070000000,1406397110000000,40.0,16.079444444444444,rule_v1
microwave,1406456154000000,1406456561000000,407.0,168.0886111111111,rule_v1
microwave,1406472753000000,1406473154000000,401.0,164.55833333333334,rule_v1
microwave,1406479364000000,1406479780000000,416.0,168.57555555555555,rule_v1
microwave,1406704458000000,1406704492000000,34.0,13.713888888888889,rule_v1
microwave,1406708980000000,1406709383000000,403.0,168.3011111111111,rule_v1
microwave,1406729708000000,1406730107000000,399.0,167.1975,rule_v1
microwave,1406741853000000,1406741914000000,61.0,20.23611111111111,rule_v1
microwave,1406791200000000,1406791590000000,390.0,161.99916666666667,rule_v1
microwave,1406811246000000,1406811657000000,411.0,167.0125,rule_v1
microwave,1406826080000000,1406826478000000,398.0,161.18583333333333,rule_v1
microwave,1406827364000000,1406827403000000,39.0,17.87,rule_v1
microwave,1406831871000000,1406832276000000,405.0,170.115,rule_v1
microwave,1406876927000000,1406877415000000,488.0,198.90194444444444,rule_v1
microwave,1406879405000000,1406879443000000,38.0,16.109444444444442,rule_v1
microwave,1406905084000000,1406905470000000,386.0,163.71722222222223,rule_v1
microwave,1406914580000000,1406915020000000,440.0,179.83083333333335,rule_v1
microwave,1406915176000000,1406915243000000,67.0,19.015277777777776,rule_v1
microwave,1406925136000000,1406925528000000,392.0,120.46666666666667,rule_v1
microwave,1406963045000000,1406963442000000,397.0,163.69,rule_v1
microwave,1406964299000000,1406964346000000,47.0,21.588333333333335,rule_v1
microwave,1407569812000000,1407570241000000,429.0,169.99,rule_v1
microwave,1407579659000000,1407580091000000,432.0,168.93638888888887,rule_v1
microwave,1407655155000000,1407655573000000,418.0,174.49,rule_v1
microwave,1407685948000000,1407686274000000,326.0,36.54611111111111,rule_v1
microwave,1407686491000000,1407686757000000,266.0,35.243611111111115,rule_v1
microwave,1407689335000000,1407689392000000,57.0,27.433055555555555,rule_v1
microwave,1407691454000000,1407691489000000,35.0,8.66,rule_v1
microwave,1407739852000000,1407740264000000,412.0,173.39777777777778,rule_v1
microwave,1407744976000000,1407745035000000,59.0,23.148333333333333,rule_v1
microwave,1407761343000000,1407761483000000,140.0,65.03472222222223,rule_v1
microwave,1407761657000000,1407761777000000,120.0,52.00416666666667,rule_v1
microwave,1407777796000000,1407777895000000,99.0,25.22361111111111,rule_v1
microwave,1407825363000000,1407825780000000,417.0,176.55277777777778,rule_v1
microwave,1407831609000000,1407831714000000,105.0,49.71805555555556,rule_v1
microwave,1407864518000000,1407864934000000,416.0,169.365,rule_v1
microwave,1407910667000000,1407911091000000,424.0,179.05333333333334,rule_v1
microwave,1407912843000000,1407912891000000,48.0,13.407222222222222,rule_v1
microwave,1407950629000000,1407951019000000,390.0,165.0713888888889,rule_v1
microwave,1407951945000000,1407951976000000,31.0,15.757777777777777,rule_v1
microwave,1407997635000000,1407998059000000,424.0,178.09777777777776,rule_v1
microwave,1408003501000000,1408003538000000,37.0,16.692777777777778,rule_v1
microwave,1408015733000000,1408015889000000,156.0,72.95194444444445,rule_v1
microwave,1408036476000000,1408036878000000,402.0,167.09555555555556,rule_v1
microwave,1408038541000000,1408038586000000,45.0,21.317777777777778,rule_v1
microwave,1408080779000000,1408081187000000,408.0,170.23333333333332,rule_v1
microwave,1408091634000000,1408091677000000,43.0,20.786666666666665,rule_v1
microwave,1408103673000000,1408103812000000,139.0,64.4011111111111,rule_v1
microwave,1408103929000000,1408104039000000,110.0,49.285,rule_v1
microwave,1408107966000000,1408108364000000,398.0,165.70583333333335,rule_v1
microwave,1408124728000000,1408124762000000,34.0,17.404722222222222,rule_v1
microwave,1408127609000000,1408128036000000,427.0,175.60416666666666,rule_v1
microwave,1408168714000000,1408168759000000,45.0,23.68638888888889,rule_v1
microwave,1408171998000000,1408172408000000,410.0,175.1822222222222,rule_v1
microwave,1408199156000000,1408199564000000,408.0,170.9311111111111,rule_v1
microwave,1408213288000000,1408213327000000,39.0,16.098333333333333,rule_v1
microwave,1408216772000000,1408216803000000,31.0,15.86,rule_v1
microwave,1408224384000000,1408224800000000,416.0,174.52972222222223,rule_v1
microwave,1408258608000000,1408258668000000,60.0,19.471666666666664,rule_v1
microwave,1408263996000000,1408264389000000,393.0,164.49388888888888,rule_v1
microwave,1408290432000000,1408290815000000,383.0,162.0036111111111,rule_v1
microwave,1408292325000000,1408292721000000,396.0,47.541111111111114,rule_v1
microwave,1408292987000000,1408293046000000,59.0,11.0025,rule_v1
microwave,1408343632000000,1408343664000000,32.0,18.914444444444445,rule_v1
microwave,1408348710000000,1408349219000000,509.0,185.4322222222222,rule_v1
microwave,1408360267000000,1408360525000000,258.0,76.04222222222222,rule_v1
microwave,1408375876000000,1408376271000000,395.0,167.47944444444445,rule_v1
microwave,1408430755000000,1408431167000000,412.0,177.44555555555556,rule_v1
microwave,1408434559000000,1408434970000000,411.0,168.64027777777778,rule_v1
microwave,1408435694000000,1408435724000000,30.0,15.393611111111111,rule_v1
microwave,1408448672000000,1408448745000000,73.0,32.59527777777778,rule_v1
microwave,1408449214000000,1408449279000000,65.0,31.945833333333333,rule_v1
microwave,1408474918000000,1408474995000000,77.0,23.84861111111111,rule_v1
microwave,1408477132000000,1408477517000000,385.0,158.34583333333333,rule_v1
microwave,1408525128000000,1408525513000000,385.0,160.67944444444444,rule_v1
microwave,1408535170000000,1408535609000000,439.0,186.1472222222222,rule_v1
microwave,1408536043000000,1408536237000000,194.0,77.31944444444444,rule_v1
microwave,1408539449000000,1408539479000000,30.0,19.049444444444443,rule_v1
microwave,1408540534000000,1408540942000000,408.0,165.78555555555556,rule_v1
microwave,1408554709000000,1408554753000000,44.0,23.28611111111111,rule_v1
microwave,1408600999000000,1408601404000000,405.0,169.20222222222222,rule_v1
microwave,1408603771000000,1408603807000000,36.0,17.122777777777777,rule_v1
microwave,1408608098000000,1408608535000000,437.0,183.73555555555555,rule_v1
microwave,1408642166000000,1408642573000000,407.0,166.79,rule_v1
microwave,1408643672000000,1408643738000000,66.0,18.439166666666665,rule_v1
microwave,1408950498000000,1408950886000000,388.0,164.47333333333333,rule_v1
microwave,1408951319000000,1408951351000000,32.0,14.323333333333334,rule_v1
microwave,1408973539000000,1408973616000000,77.0,35.445277777777775,rule_v1
microwave,1408973906000000,1408974296000000,390.0,156.8238888888889,rule_v1
microwave,1408979584000000,1408979664000000,80.0,37.76,rule_v1
microwave,1409034793000000,1409035192000000,399.0,165.5836111111111,rule_v1
microwave,1409040865000000,1409040897000000,32.0,16.788055555555555,rule_v1
microwave,1409065162000000,1409065544000000,382.0,160.91333333333333,rule_v1
microwave,1409069562000000,1409069628000000,66.0,31.31388888888889,rule_v1
microwave,1409075216000000,1409075249000000,33.0,17.691111111111113,rule_v1
microwave,1409120980000000,1409121404000000,424.0,180.80055555555555,rule_v1
microwave,1409122791000000,1409122824000000,33.0,12.785833333333333,rule_v1
microwave,1409169142000000,1409169182000000,40.0,20.871666666666666,rule_v1
microwave,1409169377000000,1409169777000000,400.0,164.70138888888889,rule_v1
microwave,1409204587000000,1409204626000000,39.0,20.051111111111112,rule_v1
microwave,1409212938000000,1409212971000000,33.0,17.485277777777778,rule_v1
microwave,1409213475000000,1409213521000000,46.0,21.89361111111111,rule_v1
microwave,1409213999000000,1409214365000000,366.0,148.3875,rule_v1
microwave,1409247758000000,1409247849000000,91.0,22.880555555555556,rule_v1
microwave,1409250936000000,1409251207000000,271.0,97.86444444444444,rule_v1
microwave,1409251321000000,1409251721000000,400.0,155.23,rule_v1
microwave,1409298215000000,1409298263000000,48.0,24.299722222222222,rule_v1
microwave,1409299329000000,1409299714000000,385.0,162.52805555555557,rule_v1
microwave,1409346679000000,1409347082000000,403.0,165.2125,rule_v1
microwave,1409383199000000,1409383588000000,389.0,163.74138888888888,rule_v1
microwave,1409383667000000,1409383740000000,73.0,15.562777777777777,rule_v1
microwave,1409383992000000,1409384386000000,394.0,147.25222222222223,rule_v1
microwave,1409484141000000,1409484432000000,291.0,127.03916666666667,rule_v1
microwave,1409489105000000,1409489493000000,388.0,159.25333333333333,rule_v1
microwave,1409508550000000,1409508584000000,34.0,14.000277777777779,rule_v1
microwave,1409551551000000,1409551967000000,416.0,173.2275,rule_v1
microwave,1409554943000000,1409555343000000,400.0,160.87722222222223,rule_v1
microwave,1409555577000000,1409555611000000,34.0,15.18361111111111,rule_v1
microwave,1409582252000000,1409582288000000,36.0,14.909444444444446,rule_v1
microwave,1409585577000000,1409585985000000,408.0,169.87722222222223,rule_v1
microwave,1409593798000000,1409593840000000,42.0,21.849722222222223,rule_v1
microwave,1409596013000000,1409596059000000,46.0,13.76388888888889,rule_v1
microwave,1409633377000000,1409633789000000,412.0,173.98722222222221,rule_v1
microwave,1409644472000000,1409644516000000,44.0,20.085277777777776,rule_v1
microwave,1409679774000000,1409679805000000,31.0,17.60333333333333,rule_v1
microwave,1409684161000000,1409684567000000,406.0,164.5963888888889,rule_v1
microwave,1409729827000000,1409730224000000,397.0,167.07333333333332,rule_v1
microwave,1409770707000000,1409771108000000,401.0,168.01666666666668,rule_v1
microwave,1409812585000000,1409812991000000,406.0,171.7061111111111,rule_v1
microwave,1409845630000000,1409845668000000,38.0,19.432222222222222,rule_v1
microwave,1409847565000000,1409847941000000,376.0,159.38166666666666,rule_v1
microwave,1409858190000000,1409858222000000,32.0,17.28,rule_v1
microwave,1409901560000000,1409901970000000,410.0,172.89888888888888,rule_v1
microwave,1409942299000000,1409942727000000,428.0,179.57638888888889,rule_v1
microwave,1409981808000000,1409981844000000,36.0,19.7725,rule_v1
microwave,1409986560000000,1409986969000000,409.0,171.6,rule_v1
microwave,1410024092000000,1410024492000000,400.0,167.11083333333335,rule_v1
microwave,1410027732000000,1410027765000000,33.0,17.531111111111112,rule_v1
microwave,1410032034000000,1410032065000000,31.0,16.444444444444443,rule_v1
microwave,1410069762000000,1410070161000000,399.0,169.25305555555556,rule_v1
microwave,1410101699000000,1410101733000000,34.0,15.018055555555556,rule_v1
microwave,1410112089000000,1410112504000000,415.0,170.56916666666666,rule_v1
microwave,1410113451000000,1410113542000000,91.0,27.77861111111111,rule_v1
microwave,1410156807000000,1410157217000000,410.0,171.81416666666667,rule_v1
microwave,1410162497000000,1410162531000000,34.0,17.74972222222222,rule_v1
microwave,1410199055000000,1410199111000000,56.0,27.54388888888889,rule_v1
microwave,1410200280000000,1410200692000000,412.0,170.51833333333335,rule_v1
microwave,1410240130000000,1410240530000000,400.0,170.90777777777777,rule_v1
microwave,1410242206000000,1410242243000000,37.0,15.19861111111111,rule_v1
microwave,1410267605000000,1410267638000000,33.0,17.83277777777778,rule_v1
microwave,1410282705000000,1410282740000000,35.0,18.287222222222223,rule_v1
microwave,1410296043000000,1410296446000000,403.0,168.79833333333335,rule_v1
microwave,1410328196000000,1410328607000000,411.0,173.47305555555556,rule_v1
microwave,1410336609000000,1410336646000000,37.0,16.280555555555555,rule_v1
microwave,1410363721000000,1410364124000000,403.0,171.48472222222222,rule_v1
microwave,1410368589000000,1410368684000000,95.0,41.69638888888889,rule_v1
microwave,1410370222000000,1410370283000000,61.0,20.001944444444444,rule_v1
microwave,1410420196000000,1410420233000000,37.0,19.10638888888889,rule_v1
microwave,1410433933000000,1410434050000000,117.0,54.18138888888889,rule_v1
microwave,1410434424000000,1410434461000000,37.0,18.310277777777777,rule_v1
microwave,1410437793000000,1410438189000000,396.0,160.11111111111111,rule_v1
microwave,1410450547000000,1410451346000000,799.0,319.7313888888889,rule_v1
microwave,1410461321000000,1410461741000000,420.0,175.1663888888889,rule_v1
microwave,1410516228000000,1410516285000000,57.0,23.123055555555553,rule_v1
microwave,1410516380000000,1410516780000000,400.0,164.01805555555555,rule_v1
microwave,1410525621000000,1410525652000000,31.0,13.614444444444445,rule_v1
microwave,1410541909000000,1410542288000000,379.0,160.89194444444445,rule_v1
microwave,1410599459000000,1410599500000000,41.0,21.186944444444446,rule_v1
microwave,1410605094000000,1410605471000000,377.0,158.04833333333335,rule_v1
microwave,1410634836000000,1410634954000000,118.0,49.477777777777774,rule_v1
microwave,1410636734000000,1410637182000000,448.0,174.76500000000001,rule_v1
microwave,1410683433000000,1410683471000000,38.0,13.67527777777778,rule_v1
microwave,1410692007000000,1410692436000000,429.0,173.9475,rule_v1
microwave,1410714852000000,1410714886000000,34.0,17.806944444444444,rule_v1
microwave,1410721589000000,1410721647000000,58.0,28.760833333333334,rule_v1
microwave,1410762003000000,1410762403000000,400.0,169.53694444444446,rule_v1
microwave,1410763098000000,1410763155000000,57.0,22.822777777777777,rule_v1
microwave,1410769967000000,1410770363000000,396.0,167.09777777777776,rule_v1
microwave,1410802547000000,1410802581000000,34.0,18.26638888888889,rule_v1
microwave,1410850813000000,1410850866000000,53.0,23.314999999999998,rule_v1
microwave,1410851088000000,1410851565000000,477.0,182.4622222222222,rule_v1
microwave,1410888344000000,1410888378000000,34.0,17.360277777777778,rule_v1
microwave,1410890434000000,1410890831000000,397.0,161.48111111111112,rule_v1
microwave,1410937696000000,1410938098000000,402.0,168.7188888888889,rule_v1
microwave,1410973551000000,1410973939000000,388.0,164.49805555555557,rule_v1
microwave,1410975690000000,1410975736000000,46.0,16.801111111111112,rule_v1
microwave,1410981104000000,1410981144000000,40.0,19.976111111111113,rule_v1
microwave,1410982893000000,1410982931000000,38.0,14.232222222222223,rule_v1
microwave,1411027143000000,1411027181000000,38.0,14.103055555555557,rule_v1
microwave,1411029271000000,1411029667000000,396.0,165.75972222222222,rule_v1
microwave,1411040548000000,1411040680000000,132.0,47.401944444444446,rule_v1
microwave,1411051948000000,1411051979000000,31.0,17.461111111111112,rule_v1
microwave,1411056273000000,1411056316000000,43.0,22.897777777777776,rule_v1
microwave,1411061355000000,1411061503000000,148.0,30.356944444444444,rule_v1
microwave,1411066281000000,1411066663000000,382.0,157.91222222222223,rule_v1
microwave,1411115749000000,1411116134000000,385.0,160.59722222222223,rule_v1
microwave,1411150126000000,1411150159000000,33.0,11.511944444444445,rule_v1
microwave,1411150359000000,1411150393000000,34.0,13.620833333333334,rule_v1
microwave,1411163443000000,1411163512000000,69.0,16.88111111111111,rule_v1
microwave,1411195057000000,1411195091000000,34.0,9.438888888888888,rule_v1
microwave,1411196210000000,1411196671000000,461.0,173.05805555555554,rule_v1
microwave,1411197904000000,1411197951000000,47.0,14.084722222222222,rule_v1
microwave,1411237922000000,1411238329000000,407.0,168.61805555555554,rule_v1
microwave,1411286679000000,1411287124000000,445.0,182.00722222222223,rule_v1
microwave,1411314977000000,1411315021000000,44.0,20.73472222222222,rule_v1
microwave,1411325343000000,1411325868000000,525.0,193.99305555555557,rule_v1
microwave,1411369566000000,1411369597000000,31.0,17.19,rule_v1
microwave,1411380542000000,1411380933000000,391.0,165.43027777777777,rule_v1
microwave,1411405610000000,1411405644000000,34.0,18.284166666666668,rule_v1
microwave,1411407409000000,1411407454000000,45.0,23.62,rule_v1
microwave,1411409082000000,1411409119000000,37.0,16.053055555555556,rule_v1
microwave,1411411444000000,1411411841000000,397.0,164.00722222222223,rule_v1
microwave,1411421071000000,1411421108000000,37.0,20.026666666666667,rule_v1
microwave,1411455200000000,1411455232000000,32.0,15.97,rule_v1
microwave,1411459053000000,1411459086000000,33.0,17.30611111111111,rule_v1
microwave,1411472359000000,1411472394000000,35.0,18.691944444444445,rule_v1
microwave,1411475197000000,1411475601000000,404.0,175.19722222222222,rule_v1
microwave,1411494104000000,1411494142000000,38.0,19.408055555555556,rule_v1
microwave,1411510364000000,1411510396000000,32.0,16.72861111111111,rule_v1
microwave,1411543001000000,1411543467000000,466.0,182.25,rule_v1
microwave,1411555155000000,1411555940000000,785.0,297.9775,rule_v1
microwave,1411575191000000,1411575628000000,437.0,54.93888888888889,rule_v1
microwave,1411576395000000,1411576560000000,165.0,57.71805555555555,rule_v1
microwave,1411577156000000,1411577206000000,50.0,22.117222222222225,rule_v1
microwave,1411579344000000,1411579393000000,49.0,21.633055555555558,rule_v1
microwave,1411579872000000,1411579915000000,43.0,19.181944444444444,rule_v1
microwave,1411585253000000,1411585322000000,69.0,11.861944444444443,rule_v1
microwave,1411585858000000,1411586262000000,404.0,168.03277777777777,rule_v1
microwave,1411629161000000,1411629212000000,51.0,25.270555555555557,rule_v1
microwave,1411651374000000,1411651780000000,406.0,171.54972222222221,rule_v1
microwave,1411661551000000,1411661605000000,54.0,26.114444444444445,rule_v1
microwave,1411666073000000,1411666118000000,45.0,22.971944444444443,rule_v1
microwave,1411718354000000,1411718401000000,47.0,21.995555555555555,rule_v1
microwave,1411724066000000,1411724469000000,403.0,168.13222222222223,rule_v1
microwave,1411748409000000,1411748873000000,464.0,68.94388888888889,rule_v1
microwave,1411748984000000,1411749021000000,37.0,14.285833333333333,rule_v1
microwave,1411755874000000,1411756414000000,540.0,207.63833333333332,rule_v1
microwave,1411802446000000,1411802541000000,95.0,27.95861111111111,rule_v1
microwave,1411816399000000,1411816464000000,65.0,21.62611111111111,rule_v1
microwave,1411837279000000,1411837689000000,410.0,171.2288888888889,rule_v1
microwave,1411838564000000,1411838610000000,46.0,17.874166666666667,rule_v1
microwave,1411889830000000,1411889913000000,83.0,31.324166666666667,rule_v1
microwave,1411898193000000,1411898593000000,400.0,163.48666666666668,rule_v1
microwave,1411926287000000,1411926327000000,40.0,14.295,rule_v1
microwave,1411929870000000,1411930259000000,389.0,161.45333333333335,rule_v1
microwave,1411973975000000,1411974007000000,32.0,20.264722222222222,rule_v1
microwave,1411980691000000,1411981110000000,419.0,174.5988888888889,rule_v1
microwave,1412010664000000,1412010720000000,56.0,19.435277777777777,rule_v1
microwave,1412012536000000,1412012571000000,35.0,15.287222222222223,rule_v1
microwave,1412014270000000,1412014302000000,32.0,17.454166666666666,rule_v1
microwave,1412057882000000,1412057922000000,40.0,19.746944444444445,rule_v1
microwave,1412059774000000,1412060189000000,415.0,173.46083333333334,rule_v1
microwave,1412060294000000,1412060339000000,45.0,16.978611111111114,rule_v1
microwave,1412111939000000,1412112435000000,496.0,197.11916666666667,rule_v1
microwave,1412144855000000,1412145100000000,245.0,106.34388888888888,rule_v1
microwave,1412164049000000,1412164253000000,204.0,91.27944444444445,rule_v1
microwave,1412174488000000,1412174529000000,41.0,21.230833333333333,rule_v1
microwave,1412174895000000,1412175270000000,375.0,155.21555555555557,rule_v1
microwave,1412184659000000,1412184706000000,47.0,23.975555555555555,rule_v1
microwave,1412233117000000,1412233162000000,45.0,19.448333333333334,rule_v1
microwave,1412240056000000,1412240470000000,414.0,171.7786111111111,rule_v1
microwave,1412253012000000,1412253093000000,81.0,19.523055555555555,rule_v1
microwave,1412253291000000,1412253331000000,40.0,13.984166666666667,rule_v1
microwave,1412264967000000,1412265006000000,39.0,17.563333333333333,rule_v1
microwave,1412271172000000,1412271206000000,34.0,17.600277777777777,rule_v1
microwave,1412272628000000,1412272688000000,60.0,29.123055555555556,rule_v1
microwave,1412274250000000,1412274283000000,33.0,16.77111111111111,rule_v1
microwave,1412276128000000,1412276542000000,414.0,171.0925,rule_v1
microwave,1412323034000000,1412323065000000,31.0,14.276944444444446,rule_v1
microwave,1412335886000000,1412335988000000,102.0,48.0625,rule_v1
microwave,1412336265000000,1412336319000000,54.0,22.04083333333333,rule_v1
microwave,1412337430000000,1412337465000000,35.0,17.605,rule_v1
microwave,1412351564000000,1412351965000000,401.0,165.00916666666666,rule_v1
microwave,1412352244000000,1412352663000000,419.0,43.720277777777774,rule_v1
microwave,1412352912000000,1412353138000000,226.0,67.15527777777778,rule_v1
microwave,1412357375000000,1412357406000000,31.0,16.912777777777777,rule_v1
microwave,1412361186000000,1412361253000000,67.0,26.645,rule_v1
microwave,1412371327000000,1412371363000000,36.0,17.240555555555556,rule_v1
microwave,1412410040000000,1412410437000000,397.0,165.42194444444445,rule_v1
microwave,1412441851000000,1412442325000000,474.0,193.57055555555556,rule_v1
microwave,1412493431000000,1412493476000000,45.0,20.658611111111114,rule_v1
microwave,1412495979000000,1412496012000000,33.0,11.143333333333334,rule_v1
microwave,1412517880000000,1412518304000000,424.0,177.21805555555557,rule_v1
microwave,1412531310000000,1412531345000000,35.0,18.230833333333333,rule_v1
microwave,1412577188000000,1412577267000000,79.0,13.539722222222222,rule_v1
microwave,1412578673000000,1412578708000000,35.0,15.330277777777779,rule_v1
microwave,1412582191000000,1412582225000000,34.0,14.615555555555556,rule_v1
microwave,1412583402000000,1412583805000000,403.0,166.38694444444445,rule_v1
microwave,1412596536000000,1412596629000000,93.0,41.4875,rule_v1
microwave,1412612886000000,1412613490000000,604.0,74.36722222222222,rule_v1
microwave,1412613647000000,1412613820000000,173.0,75.63111111111111,rule_v1
microwave,1412616655000000,1412616757000000,102.0,38.78,rule_v1
microwave,1412620282000000,1412620356000000,74.0,26.227222222222224,rule_v1
microwave,1412621040000000,1412621075000000,35.0,13.934166666666668,rule_v1
microwave,1412665366000000,1412665786000000,420.0,173.04083333333332,rule_v1
microwave,1412687078000000,1412687500000000,422.0,176.74944444444444,rule_v1
microwave,1412702495000000,1412702657000000,162.0,63.3475,rule_v1
microwave,1412703892000000,1412703930000000,38.0,19.18166666666667,rule_v1
microwave,1412705507000000,1412705544000000,37.0,15.872222222222224,rule_v1
microwave,1412706959000000,1412707386000000,427.0,174.76361111111112,rule_v1
microwave,1412755246000000,1412755330000000,84.0,41.48305555555555,rule_v1
microwave,1412767962000000,1412768000000000,38.0,16.54611111111111,rule_v1
microwave,1412768147000000,1412768340000000,193.0,90.45333333333333,rule_v1
microwave,1412770979000000,1412771124000000,145.0,68.02027777777778,rule_v1
microwave,1412771262000000,1412771657000000,395.0,152.24333333333334,rule_v1
microwave,1412789574000000,1412789611000000,37.0,18.684166666666666,rule_v1
microwave,1412790501000000,1412790552000000,51.0,24.72277777777778,rule_v1
microwave,1412837476000000,1412837877000000,401.0,167.49388888888888,rule_v1
microwave,1412837952000000,1412837987000000,35.0,15.716666666666667,rule_v1
microwave,1412854156000000,1412854187000000,31.0,16.976944444444445,rule_v1
microwave,1412854313000000,1412854382000000,69.0,33.494166666666665,rule_v1
microwave,1412855241000000,1412855275000000,34.0,17.45277777777778,rule_v1
microwave,1412875197000000,1412875356000000,159.0,49.545,rule_v1
microwave,1412876072000000,1412876120000000,48.0,20.761111111111113,rule_v1
microwave,1412876830000000,1412876877000000,47.0,23.038888888888888,rule_v1
microwave,1412880262000000,1412880676000000,414.0,174.67888888888888,rule_v1
microwave,1412880846000000,1412880903000000,57.0,20.77166666666667,rule_v1
microwave,1412926130000000,1412926171000000,41.0,20.490277777777777,rule_v1
microwave,1412941623000000,1412941660000000,37.0,16.19472222222222,rule_v1
microwave,1412943027000000,1412943411000000,384.0,161.10166666666666,rule_v1
microwave,1412957621000000,1412958016000000,395.0,164.15944444444443,rule_v1
microwave,1412961971000000,1412962031000000,60.0,28.56888888888889,rule_v1
microwave,1412972672000000,1412972738000000,66.0,23.216388888888886,rule_v1
microwave,1413009433000000,1413009465000000,32.0,17.0275,rule_v1
microwave,1413013109000000,1413013140000000,31.0,16.889722222222222,rule_v1
microwave,1413044336000000,1413045742000000,1406.0,498.73,rule_v1
microwave,1413045840000000,1413045987000000,147.0,52.66,rule_v1
microwave,1413046366000000,1413046822000000,456.0,163.1977777777778,rule_v1
microwave,1413054725000000,1413054809000000,84.0,33.00694444444444,rule_v1
microwave,1413094752000000,1413095145000000,393.0,166.03222222222223,rule_v1
microwave,1413095496000000,1413095527000000,31.0,12.582777777777778,rule_v1
microwave,1413108381000000,1413108413000000,32.0,14.239166666666666,rule_v1
microwave,1413123451000000,1413123580000000,129.0,50.64083333333333,rule_v1
microwave,1413134698000000,1413134742000000,44.0,23.40361111111111,rule_v1
microwave,1413134881000000,1413134924000000,43.0,20.910833333333333,rule_v1
microwave,1413137921000000,1413138311000000,390.0,162.4425,rule_v1
microwave,1413183241000000,1413183280000000,39.0,16.977777777777778,rule_v1
microwave,1413183460000000,1413183880000000,420.0,173.82444444444445,rule_v1
microwave,1413221769000000,1413221801000000,32.0,15.816944444444445,rule_v1
microwave,1413225460000000,1413225925000000,465.0,182.7097222222222,rule_v1
microwave,1413268281000000,1413268321000000,40.0,14.527222222222221,rule_v1
microwave,1413269049000000,1413269084000000,35.0,14.595555555555556,rule_v1
microwave,1413287056000000,1413287095000000,39.0,16.863611111111112,rule_v1
microwave,1413301636000000,1413301674000000,38.0,19.952222222222222,rule_v1
microwave,1413308054000000,1413308085000000,31.0,13.230833333333335,rule_v1
microwave,1413308814000000,1413308845000000,31.0,16.603055555555557,rule_v1
microwave,1413311746000000,1413312609000000,863.0,298.5925,rule_v1
microwave,1413355365000000,1413355411000000,46.0,19.770000000000003,rule_v1
microwave,1413360284000000,1413360332000000,48.0,16.403333333333336,rule_v1
microwave,1413372180000000,1413372223000000,43.0,23.247777777777777,rule_v1
microwave,1413374416000000,1413374448000000,32.0,16.615277777777777,rule_v1
microwave,1413374631000000,1413374745000000,114.0,51.437777777777775,rule_v1
microwave,1413376732000000,1413376782000000,50.0,25.74111111111111,rule_v1
microwave,1413388267000000,1413388300000000,33.0,18.184722222222224,rule_v1
microwave,1413392977000000,1413393035000000,58.0,20.948333333333334,rule_v1
microwave,1413393163000000,1413393286000000,123.0,47.194722222222225,rule_v1
microwave,1413394460000000,1413394492000000,32.0,16.13,rule_v1
microwave,1413394741000000,1413394784000000,43.0,18.71666666666667,rule_v1
microwave,1413397600000000,1413397968000000,368.0,154.34194444444444,rule_v1
microwave,1413439962000000,1413440001000000,39.0,20.247777777777777,rule_v1
microwave,1413441982000000,1413442025000000,43.0,21.45777777777778,rule_v1
microwave,1413446289000000,1413446336000000,47.0,22.17972222222222,rule_v1
microwave,1413454590000000,1413454998000000,408.0,170.3202777777778,rule_v1
microwave,1413480964000000,1413480997000000,33.0,17.673055555555557,rule_v1
microwave,1413481237000000,1413481282000000,45.0,22.669166666666666,rule_v1
microwave,1413485087000000,1413485480000000,393.0,162.75472222222223,rule_v1
microwave,1413527875000000,1413527972000000,97.0,34.14527777777778,rule_v1
microwave,1413528114000000,1413528145000000,31.0,16.485833333333332,rule_v1
microwave,1413528940000000,1413528989000000,49.0,22.589444444444446,rule_v1
microwave,1413545820000000,1413545865000000,45.0,19.622777777777777,rule_v1
microwave,1413559879000000,1413559911000000,32.0,16.860555555555557,rule_v1
microwave,1413565553000000,1413565591000000,38.0,12.45138888888889,rule_v1
microwave,1413567096000000,1413567141000000,45.0,22.825833333333332,rule_v1
microwave,1413567672000000,1413567717000000,45.0,22.63083333333333,rule_v1
microwave,1413572418000000,1413572843000000,425.0,175.45194444444445,rule_v1
microwave,1413619074000000,1413619106000000,32.0,16.39361111111111,rule_v1
microwave,1413622862000000,1413622909000000,47.0,23.44972222222222,rule_v1
microwave,1413648272000000,1413648304000000,32.0,17.1525,rule_v1
microwave,1413655201000000,1413655234000000,33.0,18.04,rule_v1
microwave,1413658444000000,1413658838000000,394.0,166.07527777777779,rule_v1
microwave,1413701837000000,1413701889000000,52.0,26.308888888888887,rule_v1
microwave,1413718812000000,1413719022000000,210.0,92.36,rule_v1
microwave,1413743699000000,1413744104000000,405.0,167.98944444444444,rule_v1
microwave,1413751146000000,1413751274000000,128.0,36.96333333333333,rule_v1
microwave,1413788196000000,1413788286000000,90.0,39.59361111111111,rule_v1
microwave,1413788759000000,1413788803000000,44.0,22.22222222222222,rule_v1
microwave,1413792131000000,1413792172000000,41.0,20.8775,rule_v1
microwave,1413805014000000,1413805054000000,40.0,20.488611111111112,rule_v1
microwave,1413811298000000,1413811353000000,55.0,27.830277777777777,rule_v1
microwave,1413822193000000,1413822606000000,413.0,70.70472222222223,rule_v1
microwave,1413826507000000,1413826544000000,37.0,16.28333333333333,rule_v1
microwave,1413827729000000,1413827796000000,67.0,24.922222222222224,rule_v1
microwave,1413831069000000,1413831458000000,389.0,161.09,rule_v1
microwave,1413872032000000,1413872085000000,53.0,20.404722222222222,rule_v1
microwave,1413872305000000,1413872701000000,396.0,163.40194444444444,rule_v1
microwave,1413875761000000,1413875799000000,38.0,15.907222222222222,rule_v1
microwave,1413878395000000,1413878439000000,44.0,19.25888888888889,rule_v1
microwave,1413905610000000,1413905664000000,54.0,26.6425,rule_v1
microwave,1413912955000000,1413913001000000,46.0,22.981666666666666,rule_v1
microwave,1413914611000000,1413914650000000,39.0,17.20111111111111,rule_v1
microwave,1413917505000000,1413917897000000,392.0,162.93194444444444,rule_v1
microwave,1413959791000000,1413959825000000,34.0,17.78611111111111,rule_v1
microwave,1413960806000000,1413960840000000,34.0,20.623055555555556,rule_v1
microwave,1413964837000000,1413964869000000,32.0,16.939166666666665,rule_v1
microwave,1413977470000000,1413977502000000,32.0,16.298333333333332,rule_v1
microwave,1413989328000000,1413989366000000,38.0,16.353055555555557,rule_v1
microwave,1413999126000000,1413999302000000,176.0,43.61416666666667,rule_v1
microwave,1414043729000000,1414044150000000,421.0,177.24166666666667,rule_v1
microwave,1414047259000000,1414047298000000,39.0,20.431944444444444,rule_v1
microwave,1414079590000000,1414079861000000,271.0,25.275833333333335,rule_v1
microwave,1414080036000000,1414080091000000,55.0,7.881666666666668,rule_v1
microwave,1414080287000000,1414080344000000,57.0,23.04888888888889,rule_v1
microwave,1414085256000000,1414085307000000,51.0,19.258611111111108,rule_v1
microwave,1414085385000000,1414085419000000,34.0,19.939166666666665,rule_v1
microwave,1414091084000000,1414091494000000,410.0,169.57416666666666,rule_v1
microwave,1414133964000000,1414133998000000,34.0,13.605,rule_v1
microwave,1414151937000000,1414151981000000,44.0,22.503333333333334,rule_v1
microwave,1414238495000000,1414238900000000,405.0,169.86222222222221,rule_v1
microwave,1414251314000000,1414251465000000,151.0,57.444722222222225,rule_v1
microwave,1414254026000000,1414254327000000,301.0,130.16416666666666,rule_v1
microwave,1414255170000000,1414255207000000,37.0,12.514166666666666,rule_v1
microwave,1414257510000000,1414257918000000,408.0,167.22944444444445,rule_v1
microwave,1414258315000000,1414258350000000,35.0,16.849166666666665,rule_v1
microwave,1414306958000000,1414306992000000,34.0,22.35472222222222,rule_v1
microwave,1414321118000000,1414321169000000,51.0,22.674166666666668,rule_v1
microwave,1414335940000000,1414336334000000,394.0,166.21333333333334,rule_v1
microwave,1414347943000000,1414347979000000,36.0,18.267777777777777,rule_v1
microwave,1414351771000000,1414352175000000,404.0,167.3636111111111,rule_v1
microwave,1414436680000000,1414436712000000,32.0,20.518055555555556,rule_v1
microwave,1414481882000000,1414482258000000,376.0,159.15833333333333,rule_v1
microwave,1414486633000000,1414486762000000,129.0,42.11083333333333,rule_v1
microwave,1414501744000000,1414501775000000,31.0,16.514722222222222,rule_v1
microwave,1414520065000000,1414520459000000,394.0,165.1725,rule_v1
microwave,1414521780000000,1414521830000000,50.0,20.56277777777778,rule_v1
microwave,1414526791000000,1414526838000000,47.0,23.300833333333333,rule_v1
microwave,1414572133000000,1414572224000000,91.0,37.33111111111111,rule_v1
microwave,1414585799000000,1414586177000000,378.0,162.95666666666668,rule_v1
microwave,1414586268000000,1414586535000000,267.0,107.0363888888889,rule_v1
microwave,1414601210000000,1414601278000000,68.0,29.239444444444445,rule_v1
microwave,1414603439000000,1414603739000000,300.0,132.73361111111112,rule_v1
microwave,1414607824000000,1414608232000000,408.0,171.29555555555555,rule_v1
microwave,1414608312000000,1414608344000000,32.0,14.373055555555556,rule_v1
microwave,1414656518000000,1414656572000000,54.0,25.75722222222222,rule_v1
microwave,1414656832000000,1414657239000000,407.0,165.0052777777778,rule_v1
microwave,1414999830000000,1414999865000000,35.0,18.42111111111111,rule_v1
microwave,1415001151000000,1415001274000000,123.0,27.332500000000003,rule_v1
microwave,1415001868000000,1415002278000000,410.0,167.1652777777778,rule_v1
microwave,1415033536000000,1415033568000000,32.0,16.965555555555557,rule_v1
microwave,1415041608000000,1415041662000000,54.0,17.887777777777778,rule_v1
microwave,1415044039000000,1415044438000000,399.0,168.2736111111111,rule_v1
microwave,1415088094000000,1415088140000000,46.0,20.852222222222224,rule_v1
microwave,1415089152000000,1415089182000000,30.0,16.14361111111111,rule_v1
microwave,1415091714000000,1415091766000000,52.0,20.075000000000003,rule_v1
microwave,1415104376000000,1415104477000000,101.0,47.53888888888889,rule_v1
microwave,1415104824000000,1415104862000000,38.0,18.795,rule_v1
microwave,1415105788000000,1415105823000000,35.0,17.5,rule_v1
microwave,1415122339000000,1415122371000000,32.0,18.095555555555556,rule_v1
microwave,1415124357000000,1415124388000000,31.0,16.601666666666667,rule_v1
microwave,1415126138000000,1415126179000000,41.0,18.121111111111112,rule_v1
microwave,1415127343000000,1415127380000000,37.0,18.9575,rule_v1
microwave,1415129820000000,1415129876000000,56.0,27.155,rule_v1
microwave,1415130934000000,1415131346000000,412.0,169.4322222222222,rule_v1
microwave,1415178005000000,1415178043000000,38.0,23.225555555555555,rule_v1
microwave,1415212621000000,1415212660000000,39.0,20.182222222222222,rule_v1
microwave,1415212727000000,1415212774000000,47.0,24.238055555555555,rule_v1
microwave,1415222110000000,1415222204000000,94.0,43.975833333333334,rule_v1
microwave,1415224186000000,1415224589000000,403.0,162.94166666666666,rule_v1
microwave,1415257872000000,1415258291000000,419.0,174.6052777777778,rule_v1
microwave,1415260726000000,1415260760000000,34.0,13.246388888888887,rule_v1
microwave,1415280581000000,1415280970000000,389.0,162.52027777777778,rule_v1
microwave,1415295472000000,1415295719000000,247.0,26.99083333333333,rule_v1
microwave,1415299158000000,1415299193000000,35.0,10.848055555555554,rule_v1
microwave,1415299949000000,1415300029000000,80.0,17.99361111111111,rule_v1
microwave,1415304313000000,1415304761000000,448.0,190.32194444444445,rule_v1
microwave,1415306451000000,1415306495000000,44.0,15.7625,rule_v1
microwave,1415348866000000,1415348934000000,68.0,17.552777777777777,rule_v1
microwave,1415351020000000,1415351053000000,33.0,17.4775,rule_v1
microwave,1415352599000000,1415353074000000,475.0,181.03722222222223,rule_v1
microwave,1415381980000000,1415382096000000,116.0,53.64277777777778,rule_v1
microwave,1415386837000000,1415386938000000,101.0,33.60638888888889,rule_v1
microwave,1415391500000000,1415391959000000,459.0,175.59277777777777,rule_v1
microwave,1415436667000000,1415436704000000,37.0,17.14,rule_v1
microwave,1415436870000000,1415436921000000,51.0,22.686666666666667,rule_v1
microwave,1415438231000000,1415438263000000,32.0,13.215,rule_v1
microwave,1415450736000000,1415450793000000,57.0,13.908055555555556,rule_v1
microwave,1415470030000000,1415470418000000,388.0,159.99722222222223,rule_v1
microwave,1415471616000000,1415471648000000,32.0,12.711388888888887,rule_v1
microwave,1415475567000000,1415475972000000,405.0,165.57444444444445,rule_v1
microwave,1415476241000000,1415476396000000,155.0,52.51861111111111,rule_v1
microwave,1415491220000000,1415491259000000,39.0,19.934444444444445,rule_v1
microwave,1415524637000000,1415524671000000,34.0,17.07888888888889,rule_v1
microwave,1415527369000000,1415527792000000,423.0,175.20888888888888,rule_v1
microwave,1415549690000000,1415549722000000,32.0,16.61861111111111,rule_v1
microwave,1415556333000000,1415556405000000,72.0,33.85166666666667,rule_v1
microwave,1415556546000000,1415556603000000,57.0,27.014444444444443,rule_v1
microwave,1415558584000000,1415558615000000,31.0,13.580555555555556,rule_v1
microwave,1415562135000000,1415562545000000,410.0,167.5936111111111,rule_v1
microwave,1415587441000000,1415587480000000,39.0,19.189444444444444,rule_v1
microwave,1415605575000000,1415605659000000,84.0,27.293055555555554,rule_v1
microwave,1415605859000000,1415605903000000,44.0,18.704444444444444,rule_v1
microwave,1415605988000000,1415606108000000,120.0,46.136944444444445,rule_v1
microwave,1415606695000000,1415606733000000,38.0,15.89638888888889,rule_v1
microwave,1415627745000000,1415628215000000,470.0,194.70361111111112,rule_v1
microwave,1415644275000000,1415644307000000,32.0,15.766666666666667,rule_v1
microwave,1415653904000000,1415654348000000,444.0,181.68083333333334,rule_v1
microwave,1415693503000000,1415693803000000,300.0,132.57,rule_v1
microwave,1415697868000000,1415697905000000,37.0,19.103055555555557,rule_v1
microwave,1415699490000000,1415699889000000,399.0,164.4375,rule_v1
microwave,1415712268000000,1415712326000000,58.0,22.2125,rule_v1
microwave,1415721682000000,1415721723000000,41.0,21.089444444444446,rule_v1
microwave,1415725562000000,1415725611000000,49.0,23.872777777777777,rule_v1
microwave,1415730384000000,1415730421000000,37.0,19.371666666666666,rule_v1
microwave,1415757413000000,1415757496000000,83.0,16.50138888888889,rule_v1
microwave,1415779138000000,1415779580000000,442.0,179.53555555555556,rule_v1
microwave,1415779675000000,1415779719000000,44.0,13.914722222222222,rule_v1
microwave,1415782630000000,1415782664000000,34.0,17.195833333333333,rule_v1
microwave,1415817154000000,1415817332000000,178.0,31.008333333333333,rule_v1
microwave,1415822770000000,1415823203000000,433.0,178.35888888888888,rule_v1
microwave,1415875241000000,1415875653000000,412.0,174.10222222222222,rule_v1
microwave,1415885445000000,1415885497000000,52.0,25.44388888888889,rule_v1
microwave,1415899588000000,1415899789000000,201.0,32.95527777777778,rule_v1
microwave,1415899915000000,1415900110000000,195.0,40.02055555555555,rule_v1
microwave,1415904131000000,1415904189000000,58.0,24.06722222222222,rule_v1
microwave,1415909305000000,1415909699000000,394.0,164.33916666666667,rule_v1
microwave,1415973951000000,1415973991000000,40.0,23.355,rule_v1
microwave,1415984629000000,1415984679000000,50.0,25.313055555555554,rule_v1
microwave,1415989804000000,1415989836000000,32.0,16.718333333333334,rule_v1
microwave,1415992081000000,1415992118000000,37.0,19.933611111111112,rule_v1
microwave,1415994811000000,1415995223000000,412.0,170.24138888888888,rule_v1
microwave,1416042059000000,1416042140000000,81.0,22.91111111111111,rule_v1
microwave,1416043197000000,1416043228000000,31.0,17.101666666666667,rule_v1
microwave,1416063392000000,1416063425000000,33.0,16.434166666666666,rule_v1
microwave,1416068479000000,1416068888000000,409.0,173.1288888888889,rule_v1
microwave,1416076301000000,1416076361000000,60.0,24.375277777777775,rule_v1
microwave,1416080296000000,1416080340000000,44.0,19.66611111111111,rule_v1
microwave,1416124132000000,1416124167000000,35.0,18.104166666666668,rule_v1
microwave,1416125134000000,1416125186000000,52.0,19.702222222222222,rule_v1
microwave,1416129616000000,1416129648000000,32.0,16.97361111111111,rule_v1
microwave,1416149241000000,1416149288000000,47.0,17.829444444444444,rule_v1
microwave,1416151991000000,1416152021000000,30.0,18.663055555555555,rule_v1
microwave,1416161117000000,1416161500000000,383.0,157.68666666666667,rule_v1
microwave,1416162022000000,1416162075000000,53.0,18.905277777777776,rule_v1
microwave,1416163608000000,1416163667000000,59.0,21.009722222222223,rule_v1
microwave,1416209753000000,1416209784000000,31.0,16.58972222222222,rule_v1
microwave,1416214946000000,1416214979000000,33.0,17.91861111111111,rule_v1
microwave,1416226235000000,1416226273000000,38.0,13.696666666666665,rule_v1
microwave,1416227956000000,1416228532000000,576.0,224.32194444444445,rule_v1
microwave,1416237897000000,1416237937000000,40.0,18.580277777777777,rule_v1
microwave,1416246269000000,1416246673000000,404.0,166.22222222222223,rule_v1
microwave,1416249041000000,1416249081000000,40.0,15.494166666666667,rule_v1
microwave,1416249269000000,1416249308000000,39.0,17.189444444444444,rule_v1
microwave,1416297178000000,1416297215000000,37.0,16.771388888888886,rule_v1
microwave,1416297870000000,1416297907000000,37.0,18.64027777777778,rule_v1
microwave,1416301368000000,1416301406000000,38.0,18.504722222222224,rule_v1
microwave,1416313063000000,1416313095000000,32.0,14.73638888888889,rule_v1
microwave,1416318852000000,1416319240000000,388.0,163.56583333333333,rule_v1
microwave,1416319448000000,1416319499000000,51.0,19.104166666666668,rule_v1
microwave,1416335800000000,1416335845000000,45.0,22.724722222222223,rule_v1
microwave,1416337124000000,1416337169000000,45.0,25.083333333333332,rule_v1
microwave,1416341071000000,1416341145000000,74.0,36.98833333333334,rule_v1
microwave,1416382848000000,1416382899000000,51.0,28.06888888888889,rule_v1
microwave,1416383202000000,1416383503000000,301.0,108.76361111111112,rule_v1
microwave,1416383898000000,1416383932000000,34.0,12.498611111111112,rule_v1
microwave,1416389009000000,1416389401000000,392.0,162.26472222222222,rule_v1
microwave,1416399905000000,1416399969000000,64.0,21.984444444444442,rule_v1
microwave,1416421442000000,1416421518000000,76.0,36.90111111111111,rule_v1
microwave,1416424568000000,1416424599000000,31.0,13.346666666666668,rule_v1
microwave,1416468664000000,1416468700000000,36.0,17.59,rule_v1
microwave,1416490115000000,1416490513000000,398.0,172.85555555555555,rule_v1
microwave,1416504320000000,1416504784000000,464.0,62.998333333333335,rule_v1
microwave,1416505037000000,1416505087000000,50.0,23.906111111111112,rule_v1
microwave,1416508334000000,1416508421000000,87.0,19.626666666666665,rule_v1
microwave,1416508984000000,1416509022000000,38.0,19.474166666666665,rule_v1
microwave,1416556745000000,1416556845000000,100.0,43.019444444444446,rule_v1
microwave,1416557473000000,1416557505000000,32.0,13.679722222222221,rule_v1
microwave,1416560724000000,1416560771000000,47.0,22.991666666666667,rule_v1
microwave,1416563083000000,1416563482000000,399.0,163.60861111111112,rule_v1
microwave,1416579568000000,1416579608000000,40.0,20.411666666666665,rule_v1
microwave,1416598316000000,1416598394000000,78.0,36.69916666666666,rule_v1
microwave,1416645987000000,1416646405000000,418.0,135.35277777777776,rule_v1
microwave,1416647945000000,1416647977000000,32.0,16.1125,rule_v1
microwave,1416649806000000,1416650199000000,393.0,161.5088888888889,rule_v1
microwave,1416659600000000,1416659674000000,74.0,15.153333333333332,rule_v1
microwave,1416668997000000,1416669028000000,31.0,17.363611111111112,rule_v1
microwave,1416682116000000,1416682156000000,40.0,20.306944444444444,rule_v1
microwave,1416698247000000,1416698297000000,50.0,25.385833333333334,rule_v1
microwave,1416702379000000,1416702411000000,32.0,17.7425,rule_v1
microwave,1416729484000000,1416729524000000,40.0,15.097777777777779,rule_v1
microwave,1416730703000000,1416731110000000,407.0,171.39527777777778,rule_v1
microwave,1416766811000000,1416766857000000,46.0,19.691944444444445,rule_v1
microwave,1416767850000000,1416767917000000,67.0,11.532222222222224,rule_v1
microwave,1416770705000000,1416771103000000,398.0,166.43694444444444,rule_v1
microwave,1416816249000000,1416816552000000,303.0,131.71694444444444,rule_v1
microwave,1416817428000000,1416817476000000,48.0,21.416944444444443,rule_v1
microwave,1416821535000000,1416821589000000,54.0,26.528055555555557,rule_v1
microwave,1416821794000000,1416821860000000,66.0,22.578888888888887,rule_v1
microwave,1416831544000000,1416831593000000,49.0,21.562222222222225,rule_v1
microwave,1416832866000000,1416832930000000,64.0,24.647777777777776,rule_v1
microwave,1416852239000000,1416852312000000,73.0,18.510277777777777,rule_v1
microwave,1416854136000000,1416854173000000,37.0,16.775,rule_v1
microwave,1416854241000000,1416854317000000,76.0,19.308333333333334,rule_v1
microwave,1416855733000000,1416856143000000,410.0,167.83,rule_v1
microwave,1416900519000000,1416900921000000,402.0,128.28555555555556,rule_v1
microwave,1416901190000000,1416901281000000,91.0,30.713333333333335,rule_v1
microwave,1416901480000000,1416901627000000,147.0,37.62916666666666,rule_v1
microwave,1416902420000000,1416902452000000,32.0,15.9025,rule_v1
microwave,1416906340000000,1416906380000000,40.0,19.14138888888889,rule_v1
microwave,1416918031000000,1416918065000000,34.0,12.047777777777778,rule_v1
microwave,1416921177000000,1416921255000000,78.0,26.280555555555555,rule_v1
microwave,1416930234000000,1416930275000000,41.0,18.091944444444444,rule_v1
microwave,1416938587000000,1416938980000000,393.0,165.5338888888889,rule_v1
microwave,1416939134000000,1416939172000000,38.0,14.564166666666669,rule_v1
microwave,1416939840000000,1416939890000000,50.0,22.482777777777777,rule_v1
microwave,1416967712000000,1416967780000000,68.0,14.341111111111111,rule_v1
microwave,1416986938000000,1416987139000000,201.0,56.742222222222225,rule_v1
microwave,1416988186000000,1416988218000000,32.0,16.590555555555557,rule_v1
microwave,1417001537000000,1417001583000000,46.0,22.821944444444444,rule_v1
microwave,1417015151000000,1417015182000000,31.0,16.503333333333334,rule_v1
microwave,1417018008000000,1417018407000000,399.0,164.17694444444444,rule_v1
microwave,1417021493000000,1417021526000000,33.0,8.779444444444444,rule_v1
microwave,1417026322000000,1417026360000000,38.0,16.197222222222223,rule_v1
microwave,1417031637000000,1417031701000000,64.0,27.196944444444444,rule_v1
microwave,1417077387000000,1417077489000000,102.0,46.11611111111111,rule_v1
microwave,1417077663000000,1417078030000000,367.0,149.40194444444444,rule_v1
microwave,1417078560000000,1417078815000000,255.0,76.94694444444445,rule_v1
microwave,1417078887000000,1417079215000000,328.0,115.15722222222223,rule_v1
microwave,1417079341000000,1417079374000000,33.0,16.531666666666666,rule_v1
microwave,1417097201000000,1417097237000000,36.0,12.008055555555554,rule_v1
microwave,1417102053000000,1417102093000000,40.0,20.81222222222222,rule_v1
microwave,1417111160000000,1417111560000000,400.0,166.80277777777778,rule_v1
microwave,1417112349000000,1417112401000000,52.0,20.31388888888889,rule_v1
microwave,1417113739000000,1417113789000000,50.0,23.726944444444445,rule_v1
microwave,1417117725000000,1417117778000000,53.0,24.010555555555555,rule_v1
microwave,1417161152000000,1417161266000000,114.0,42.38916666666667,rule_v1
microwave,1417162601000000,1417162667000000,66.0,27.51861111111111,rule_v1
microwave,1417170715000000,1417171129000000,414.0,171.01194444444445,rule_v1
microwave,1417188329000000,1417188428000000,99.0,34.5325,rule_v1
microwave,1417188564000000,1417188643000000,79.0,37.6975,rule_v1
microwave,1417198920000000,1417198951000000,31.0,17.175,rule_v1
microwave,1417201021000000,1417201068000000,47.0,23.165277777777778,rule_v1
microwave,1417204748000000,1417204788000000,40.0,21.021944444444443,rule_v1
microwave,1417246971000000,1417247059000000,88.0,23.289166666666667,rule_v1
microwave,1417248611000000,1417248752000000,141.0,44.85055555555556,rule_v1
microwave,1417250996000000,1417251028000000,32.0,16.29083333333333,rule_v1
microwave,1417271345000000,1417271743000000,398.0,167.7711111111111,rule_v1
microwave,1417279638000000,1417279722000000,84.0,38.98083333333334,rule_v1
microwave,1417279841000000,1417279911000000,70.0,10.60972222222222,rule_v1
microwave,1417280733000000,1417280766000000,33.0,15.989444444444445,rule_v1
microwave,1417285410000000,1417285456000000,46.0,22.787777777777777,rule_v1
microwave,1417285552000000,1417285590000000,38.0,18.854444444444443,rule_v1
microwave,1417334152000000,1417334183000000,31.0,16.80611111111111,rule_v1
microwave,1417334868000000,1417335390000000,522.0,196.0013888888889,rule_v1
microwave,1417336369000000,1417336862000000,493.0,183.70388888888888,rule_v1
microwave,1417348370000000,1417348453000000,83.0,13.689166666666667,rule_v1
microwave,1417364150000000,1417364276000000,126.0,57.388333333333335,rule_v1
microwave,1417364737000000,1417364813000000,76.0,31.980555555555554,rule_v1
microwave,1417364902000000,1417365333000000,431.0,166.49333333333334,rule_v1
microwave,1417365579000000,1417365611000000,32.0,13.918611111111112,rule_v1
microwave,1417369738000000,1417369828000000,90.0,40.85777777777778,rule_v1
microwave,1417372349000000,1417372389000000,40.0,20.246666666666666,rule_v1
microwave,1417375014000000,1417375112000000,98.0,45.416666666666664,rule_v1
microwave,1417411348000000,1417411380000000,32.0,16.6075,rule_v1
microwave,1417419735000000,1417419864000000,129.0,53.03916666666667,rule_v1
microwave,1417420464000000,1417420700000000,236.0,86.99472222222222,rule_v1
microwave,1417420774000000,1417420812000000,38.0,17.505277777777778,rule_v1
microwave,1417421283000000,1417421328000000,45.0,14.618333333333332,rule_v1
microwave,1417422645000000,1417422678000000,33.0,16.669166666666666,rule_v1
microwave,1417424589000000,1417425008000000,419.0,170.72972222222222,rule_v1
microwave,1417437044000000,1417437075000000,31.0,14.770277777777778,rule_v1
microwave,1417458546000000,1417458611000000,65.0,28.185,rule_v1
microwave,1417469505000000,1417469543000000,38.0,19.405833333333334,rule_v1
microwave,1417505833000000,1417506307000000,474.0,195.10805555555555,rule_v1
microwave,1417507186000000,1417507448000000,262.0,78.7825,rule_v1
microwave,1417508266000000,1417508297000000,31.0,15.409166666666666,rule_v1
microwave,1417525992000000,1417526044000000,52.0,24.125833333333333,rule_v1
microwave,1417545214000000,1417545267000000,53.0,20.454722222222223,rule_v1
microwave,1417545477000000,1417545509000000,32.0,16.335555555555555,rule_v1
microwave,1417559336000000,1417559773000000,437.0,182.50472222222223,rule_v1
microwave,1417592584000000,1417592623000000,39.0,20.698055555555555,rule_v1
microwave,1417592784000000,1417593025000000,241.0,100.35833333333333,rule_v1
microwave,1417593100000000,1417593132000000,32.0,14.349166666666667,rule_v1
microwave,1417597319000000,1417597359000000,40.0,19.829444444444444,rule_v1
microwave,1417615393000000,1417615434000000,41.0,17.258055555555554,rule_v1
microwave,1417630922000000,1417631167000000,245.0,74.67638888888888,rule_v1
microwave,1417632817000000,1417632853000000,36.0,13.788888888888888,rule_v1
microwave,1417633159000000,1417633241000000,82.0,34.140277777777776,rule_v1
microwave,1417637731000000,1417638275000000,544.0,197.38027777777776,rule_v1
microwave,1417679553000000,1417679875000000,322.0,123.58222222222221,rule_v1
microwave,1417680345000000,1417680385000000,40.0,16.002499999999998,rule_v1
microwave,1417681025000000,1417681076000000,51.0,22.735555555555557,rule_v1
microwave,1417683935000000,1417683968000000,33.0,17.183333333333334,rule_v1
microwave,1417700326000000,1417700373000000,47.0,23.23361111111111,rule_v1
microwave,1417719415000000,1417719475000000,60.0,26.76861111111111,rule_v1
microwave,1417723139000000,1417723557000000,418.0,171.73305555555555,rule_v1
microwave,1417766702000000,1417767071000000,369.0,144.07083333333333,rule_v1
microwave,1417767941000000,1417767975000000,34.0,17.409166666666668,rule_v1
microwave,1417770330000000,1417770371000000,41.0,17.96666666666667,rule_v1
microwave,1417791482000000,1417791561000000,79.0,37.52305555555556,rule_v1
microwave,1417791704000000,1417791736000000,32.0,15.98611111111111,rule_v1
microwave,1417798686000000,1417798984000000,298.0,130.41361111111112,rule_v1
microwave,1417800490000000,1417800521000000,31.0,12.651666666666667,rule_v1
microwave,1417801336000000,1417801732000000,396.0,160.62444444444444,rule_v1
microwave,1417803679000000,1417803711000000,32.0,16.043333333333333,rule_v1
microwave,1417805593000000,1417805679000000,86.0,22.11611111111111,rule_v1
microwave,1417808214000000,1417808354000000,140.0,55.73194444444445,rule_v1
microwave,1417812698000000,1417813068000000,370.0,77.4975,rule_v1
microwave,1417855976000000,1417856194000000,218.0,86.45555555555555,rule_v1
microwave,1417856355000000,1417856415000000,60.0,21.53333333333333,rule_v1
microwave,1417858528000000,1417858613000000,85.0,38.55111111111111,rule_v1
microwave,1417875936000000,1417875991000000,55.0,28.378333333333334,rule_v1
microwave,1417886075000000,1417886122000000,47.0,20.93888888888889,rule_v1
microwave,1417888258000000,1417888638000000,380.0,120.73333333333333,rule_v1
microwave,1417890889000000,1417890926000000,37.0,14.793333333333333,rule_v1
microwave,1417891916000000,1417891947000000,31.0,15.784722222222221,rule_v1
microwave,1417894971000000,1417895377000000,406.0,170.15222222222224,rule_v1
microwave,1417940269000000,1417940313000000,44.0,22.338055555555556,rule_v1
microwave,1417941148000000,1417941201000000,53.0,23.788055555555555,rule_v1
microwave,1417944201000000,1417944233000000,32.0,14.04861111111111,rule_v1
microwave,1417946293000000,1417946347000000,54.0,26.245833333333334,rule_v1
microwave,1417960063000000,1417960107000000,44.0,23.031388888888888,rule_v1
microwave,1417976824000000,1417976893000000,69.0,13.77888888888889,rule_v1
microwave,1417978718000000,1417978750000000,32.0,16.75611111111111,rule_v1
microwave,1417982550000000,1417982679000000,129.0,57.69694444444445,rule_v1
microwave,1417995781000000,1417995903000000,122.0,16.736666666666668,rule_v1
microwave,1418023591000000,1418024000000000,409.0,175.71777777777777,rule_v1
microwave,1418024658000000,1418024769000000,111.0,47.8525,rule_v1
microwave,1418024931000000,1418024983000000,52.0,24.262777777777778,rule_v1
microwave,1418026093000000,1418026131000000,38.0,18.384722222222223,rule_v1
microwave,1418030619000000,1418030657000000,38.0,21.491666666666667,rule_v1
microwave,1418050875000000,1418050906000000,31.0,19.175,rule_v1
microwave,1418062930000000,1418063049000000,119.0,33.900277777777774,rule_v1
microwave,1418066692000000,1418067099000000,407.0,170.64666666666668,rule_v1
microwave,1418109664000000,1418110076000000,412.0,174.8388888888889,rule_v1
microwave,1418110152000000,1418110480000000,328.0,91.93861111111111,rule_v1
microwave,1418111207000000,1418111260000000,53.0,20.390555555555558,rule_v1
microwave,1418128148000000,1418128185000000,37.0,20.639444444444443,rule_v1
microwave,1418139739000000,1418139777000000,38.0,20.557222222222222,rule_v1
microwave,1418140533000000,1418140563000000,30.0,15.731666666666667,rule_v1
microwave,1418152011000000,1418152046000000,35.0,17.685,rule_v1
microwave,1418157426000000,1418157817000000,391.0,163.81666666666666,rule_v1
microwave,1418198665000000,1418198705000000,40.0,20.54722222222222,rule_v1
microwave,1418199722000000,1418199767000000,45.0,23.837222222222223,rule_v1
microwave,1418202574000000,1418202622000000,48.0,23.598333333333333,rule_v1
microwave,1418231346000000,1418231508000000,162.0,25.825,rule_v1
microwave,1418231572000000,1418231812000000,240.0,40.61055555555556,rule_v1
microwave,1418236055000000,1418236177000000,122.0,36.89416666666666,rule_v1
microwave,1418236245000000,1418236285000000,40.0,13.055277777777778,rule_v1
microwave,1418240740000000,1418241196000000,456.0,186.06194444444444,rule_v1
microwave,1418246783000000,1418246821000000,38.0,19.095555555555556,rule_v1
microwave,1418285646000000,1418285948000000,302.0,117.16194444444444,rule_v1
microwave,1418286514000000,1418286545000000,31.0,15.9925,rule_v1
microwave,1418288406000000,1418288443000000,37.0,18.938055555555554,rule_v1
microwave,1418318421000000,1418318817000000,396.0,47.02583333333334,rule_v1
microwave,1418321955000000,1418322046000000,91.0,42.67888888888889,rule_v1
microwave,1418322776000000,1418322831000000,55.0,25.499166666666667,rule_v1
microwave,1418327416000000,1418327820000000,404.0,167.01944444444445,rule_v1
microwave,1418349670000000,1418349714000000,44.0,17.058055555555555,rule_v1
microwave,1418371292000000,1418371329000000,37.0,19.974722222222223,rule_v1
microwave,1418374672000000,1418374711000000,39.0,20.5325,rule_v1
microwave,1418395791000000,1418395835000000,44.0,21.504722222222224,rule_v1
microwave,1418403843000000,1418404262000000,419.0,177.8527777777778,rule_v1
microwave,1418408922000000,1418408972000000,50.0,18.736944444444443,rule_v1
microwave,1418414677000000,1418414721000000,44.0,20.27388888888889,rule_v1
microwave,1418415003000000,1418415070000000,67.0,26.97083333333333,rule_v1
microwave,1418416439000000,1418416474000000,35.0,13.4775,rule_v1
microwave,1418460594000000,1418460634000000,40.0,18.570555555555554,rule_v1
microwave,1418463110000000,1418463157000000,47.0,20.785833333333333,rule_v1
microwave,1418465435000000,1418465478000000,43.0,21.900833333333335,rule_v1
microwave,1418474634000000,1418474706000000,72.0,34.3625,rule_v1
microwave,1418492585000000,1418492623000000,38.0,13.827222222222222,rule_v1
microwave,1418496139000000,1418496257000000,118.0,46.23638888888889,rule_v1
microwave,1418500042000000,1418500448000000,406.0,168.11944444444444,rule_v1
microwave,1418546046000000,1418546077000000,31.0,14.481111111111112,rule_v1
microwave,1418546361000000,1418546394000000,33.0,17.364722222222223,rule_v1
microwave,1418547926000000,1418548348000000,422.0,172.7975,rule_v1
microwave,1418579425000000,1418579497000000,72.0,31.538888888888888,rule_v1
microwave,1418581921000000,1418581965000000,44.0,22.09611111111111,rule_v1
microwave,1418582723000000,1418582772000000,49.0,23.85638888888889,rule_v1
microwave,1418630004000000,1418630079000000,75.0,35.80444444444444,rule_v1
microwave,1418630177000000,1418630258000000,81.0,38.083333333333336,rule_v1
microwave,1418630377000000,1418630514000000,137.0,37.29,rule_v1
microwave,1418631346000000,1418631384000000,38.0,19.51388888888889,rule_v1
microwave,1418634308000000,1418634361000000,53.0,28.22277777777778,rule_v1
microwave,1418641668000000,1418642066000000,398.0,167.71055555555554,rule_v1
microwave,1418667612000000,1418667657000000,45.0,19.74972222222222,rule_v1
microwave,1418668782000000,1418668825000000,43.0,17.77111111111111,rule_v1
microwave,1418716544000000,1418716583000000,39.0,21.510833333333334,rule_v1
microwave,1418717760000000,1418717800000000,40.0,20.734722222222224,rule_v1
microwave,1418732838000000,1418733849000000,1011.0,248.04277777777776,rule_v1
microwave,1418752185000000,1418752282000000,97.0,41.88722222222222,rule_v1
microwave,1418754985000000,1418755019000000,34.0,14.408611111111112,rule_v1
microwave,1418755318000000,1418755403000000,85.0,36.379999999999995,rule_v1
microwave,1418757528000000,1418757606000000,78.0,37.12138888888889,rule_v1
microwave,1418757854000000,1418757943000000,89.0,40.20388888888889,rule_v1
microwave,1418803051000000,1418803084000000,33.0,15.269444444444444,rule_v1
microwave,1418804216000000,1418804732000000,516.0,197.49861111111113,rule_v1
microwave,1418821205000000,1418821411000000,206.0,78.7875,rule_v1
microwave,1418832052000000,1418832083000000,31.0,17.135277777777777,rule_v1
microwave,1418834729000000,1418834846000000,117.0,54.77361111111111,rule_v1
microwave,1418835316000000,1418835602000000,286.0,119.52527777777777,rule_v1
microwave,1418839763000000,1418839853000000,90.0,28.015555555555554,rule_v1
microwave,1418843475000000,1418843546000000,71.0,24.515277777777776,rule_v1
microwave,1418846577000000,1418846998000000,421.0,175.0625,rule_v1
microwave,1418884213000000,1418884463000000,250.0,113.38444444444444,rule_v1
microwave,1418884677000000,1418884726000000,49.0,22.955,rule_v1
microwave,1418891228000000,1418891288000000,60.0,31.756944444444443,rule_v1
microwave,1418913329000000,1418913374000000,45.0,22.68138888888889,rule_v1
microwave,1418927719000000,1418927758000000,39.0,19.31861111111111,rule_v1
microwave,1418927834000000,1418927879000000,45.0,22.154166666666665,rule_v1
microwave,1418939983000000,1418940068000000,85.0,40.6325,rule_v1
microwave,1418949089000000,1418949507000000,418.0,175.9688888888889,rule_v1
microwave,1418975531000000,1418975568000000,37.0,18.811666666666667,rule_v1
microwave,1418976445000000,1418976481000000,36.0,19.884722222222223,rule_v1
microwave,1418979878000000,1418979910000000,32.0,16.801944444444445,rule_v1
microwave,1418984110000000,1418984517000000,407.0,170.3275,rule_v1
microwave,1418993233000000,1418993754000000,521.0,208.17416666666668,rule_v1
microwave,1419002637000000,1419002676000000,39.0,22.0025,rule_v1
microwave,1419007340000000,1419007679000000,339.0,145.1688888888889,rule_v1
microwave,1419007845000000,1419008015000000,170.0,68.27388888888889,rule_v1
microwave,1419009448000000,1419010022000000,574.0,88.695,rule_v1
microwave,1419014004000000,1419014068000000,64.0,21.481944444444444,rule_v1
microwave,1419014931000000,1419014982000000,51.0,24.782222222222224,rule_v1
microwave,1419017802000000,1419017918000000,116.0,46.85166666666667,rule_v1
microwave,1419061074000000,1419061118000000,44.0,20.761666666666667,rule_v1
microwave,1419062032000000,1419062077000000,45.0,17.11,rule_v1
microwave,1419066863000000,1419066910000000,47.0,24.441944444444445,rule_v1
microwave,1419069243000000,1419069638000000,395.0,166.145,rule_v1
microwave,1419079382000000,1419079428000000,46.0,17.62972222222222,rule_v1
microwave,1419089482000000,1419089518000000,36.0,19.19527777777778,rule_v1
microwave,1419099000000000,1419099034000000,34.0,14.479444444444445,rule_v1
microwave,1419101750000000,1419101791000000,41.0,17.749166666666667,rule_v1
microwave,1419107844000000,1419107884000000,40.0,20.56833333333333,rule_v1
microwave,1419148545000000,1419148584000000,39.0,20.424722222222222,rule_v1
microwave,1419152045000000,1419152142000000,97.0,34.220555555555556,rule_v1
microwave,1419153616000000,1419153662000000,46.0,23.67,rule_v1
microwave,1419155221000000,1419155624000000,403.0,165.22166666666666,rule_v1
microwave,1419164935000000,1419164968000000,33.0,18.809166666666666,rule_v1
microwave,1419184423000000,1419184461000000,38.0,19.461111111111112,rule_v1
microwave,1419184999000000,1419185077000000,78.0,30.748333333333335,rule_v1
microwave,1419187973000000,1419188028000000,55.0,23.428611111111113,rule_v1
microwave,1419191568000000,1419191603000000,35.0,20.56888888888889,rule_v1
microwave,1419240017000000,1419240418000000,401.0,169.70555555555555,rule_v1
microwave,1419240652000000,1419240694000000,42.0,12.153055555555556,rule_v1
microwave,1419240757000000,1419240816000000,59.0,19.438055555555554,rule_v1
microwave,1419271961000000,1419272006000000,45.0,19.419999999999998,rule_v1
microwave,1419276955000000,1419277360000000,405.0,168.35305555555556,rule_v1
microwave,1419323133000000,1419323165000000,32.0,16.557222222222222,rule_v1
microwave,1419344332000000,1419344363000000,31.0,17.122777777777777,rule_v1
microwave,1419356394000000,1419356558000000,164.0,71.00555555555556,rule_v1
microwave,1419358450000000,1419358482000000,32.0,10.7225,rule_v1
microwave,1419359831000000,1419359877000000,46.0,22.718611111111112,rule_v1
microwave,1419360188000000,1419360249000000,61.0,29.418333333333333,rule_v1
microwave,1419364677000000,1419365101000000,424.0,172.92472222222221,rule_v1
microwave,1419409627000000,1419410032000000,405.0,168.4177777777778,rule_v1
microwave,1419410243000000,1419410282000000,39.0,14.160555555555554,rule_v1
microwave,1419447590000000,1419447627000000,37.0,21.587777777777777,rule_v1
microwave,1419449482000000,1419449522000000,40.0,21.059722222222224,rule_v1
microwave,1419451588000000,1419451661000000,73.0,15.386944444444444,rule_v1
microwave,1419454772000000,1419455154000000,382.0,160.70888888888888,rule_v1
microwave,1419500772000000,1419500802000000,30.0,16.655,rule_v1
microwave,1419535184000000,1419535219000000,35.0,19.086944444444445,rule_v1
microwave,1419538467000000,1419538881000000,414.0,171.90027777777777,rule_v1
microwave,1419586889000000,1419586928000000,39.0,16.166944444444447,rule_v1
microwave,1419587913000000,1419587951000000,38.0,18.95388888888889,rule_v1
microwave,1419596560000000,1419596641000000,81.0,38.03944444444444,rule_v1
microwave,1419604831000000,1419604869000000,38.0,20.669166666666666,rule_v1
microwave,1420444398000000,1420444817000000,419.0,179.66083333333333,rule_v1
microwave,1420446064000000,1420446146000000,82.0,37.75805555555556,rule_v1
microwave,1420469799000000,1420469844000000,45.0,23.06833333333333,rule_v1
microwave,1420476423000000,1420476910000000,487.0,58.11527777777778,rule_v1
microwave,1420477067000000,1420477123000000,56.0,27.04111111111111,rule_v1
microwave,1420482892000000,1420482938000000,46.0,22.970555555555556,rule_v1
microwave,1420484359000000,1420484398000000,39.0,19.621666666666666,rule_v1
microwave,1420486456000000,1420486515000000,59.0,14.499166666666667,rule_v1
microwave,1420488235000000,1420488625000000,390.0,158.88861111111112,rule_v1
microwave,1420488820000000,1420488926000000,106.0,21.37222222222222,rule_v1
microwave,1420490193000000,1420490224000000,31.0,13.076944444444443,rule_v1
microwave,1420531673000000,1420532209000000,536.0,199.35055555555556,rule_v1
microwave,1420536890000000,1420536939000000,49.0,23.510833333333334,rule_v1
microwave,1420541454000000,1420541851000000,397.0,166.34944444444446,rule_v1
microwave,1420558666000000,1420558731000000,65.0,31.386666666666667,rule_v1
microwave,1420562790000000,1420563650000000,860.0,311.8125,rule_v1
microwave,1420566329000000,1420566376000000,47.0,22.568055555555556,rule_v1
microwave,1420617104000000,1420617158000000,54.0,26.77722222222222,rule_v1
microwave,1420618289000000,1420618333000000,44.0,20.44361111111111,rule_v1
microwave,1420618454000000,1420618492000000,38.0,19.505,rule_v1
microwave,1420633282000000,1420633347000000,65.0,22.345555555555556,rule_v1
microwave,1420637734000000,1420638157000000,423.0,177.09722222222223,rule_v1
microwave,1420653522000000,1420653577000000,55.0,27.383055555555554,rule_v1
microwave,1420703417000000,1420703456000000,39.0,19.56111111111111,rule_v1
microwave,1420704373000000,1420704407000000,34.0,17.51,rule_v1
microwave,1420707865000000,1420707925000000,60.0,28.966944444444444,rule_v1
microwave,1420733074000000,1420733108000000,34.0,18.005,rule_v1
microwave,1420740366000000,1420740426000000,60.0,27.065555555555555,rule_v1
microwave,1420741745000000,1420742128000000,383.0,158.95583333333335,rule_v1
microwave,1420742386000000,1420742449000000,63.0,14.14638888888889,rule_v1
microwave,1420750498000000,1420750575000000,77.0,34.95861111111111,rule_v1
microwave,1420790474000000,1420790570000000,96.0,45.04361111111111,rule_v1
microwave,1420790682000000,1420790721000000,39.0,19.111944444444443,rule_v1
microwave,1420794416000000,1420794466000000,50.0,25.336666666666666,rule_v1
microwave,1420796635000000,1420797049000000,414.0,172.28444444444443,rule_v1
microwave,1420816764000000,1420816797000000,33.0,17.538888888888888,rule_v1
microwave,1420826819000000,1420826855000000,36.0,18.609166666666667,rule_v1
microwave,1420827005000000,1420827048000000,43.0,15.5975,rule_v1
microwave,1420829713000000,1420829756000000,43.0,21.20277777777778,rule_v1
microwave,1420878751000000,1420878796000000,45.0,21.08638888888889,rule_v1
microwave,1420899823000000,1420899856000000,33.0,17.403055555555557,rule_v1
microwave,1420909871000000,1420909975000000,104.0,49.340833333333336,rule_v1
microwave,1420911467000000,1420911880000000,413.0,170.10194444444446,rule_v1
microwave,1420913769000000,1420913813000000,44.0,21.033333333333335,rule_v1
microwave,1420969078000000,1420969138000000,60.0,30.205277777777777,rule_v1
microwave,1421000808000000,1421000891000000,83.0,29.36,rule_v1
microwave,1421005265000000,1421005666000000,401.0,163.67277777777778,rule_v1
microwave,1421027731000000,1421027783000000,52.0,18.00888888888889,rule_v1
microwave,1421053335000000,1421053366000000,31.0,17.543333333333333,rule_v1
microwave,1421065320000000,1421065353000000,33.0,11.135,rule_v1
microwave,1421072810000000,1421072849000000,39.0,18.318055555555556,rule_v1
microwave,1421074486000000,1421074878000000,392.0,163.07083333333333,rule_v1
microwave,1421082260000000,1421082568000000,308.0,33.86527777777778,rule_v1
microwave,1421086550000000,1421086587000000,37.0,19.675,rule_v1
microwave,1421088926000000,1421088956000000,30.0,15.7525,rule_v1
microwave,1421136171000000,1421136232000000,61.0,20.031388888888888,rule_v1
microwave,1421137024000000,1421137065000000,41.0,20.224722222222223,rule_v1
microwave,1421139773000000,1421139835000000,62.0,30.142222222222223,rule_v1
microwave,1421142830000000,1421142875000000,45.0,22.9525,rule_v1
microwave,1421162066000000,1421162120000000,54.0,28.309166666666666,rule_v1
microwave,1421166111000000,1421166522000000,411.0,172.25,rule_v1
microwave,1421167747000000,1421168096000000,349.0,47.22222222222222,rule_v1
microwave,1421168326000000,1421168567000000,241.0,26.98222222222222,rule_v1
microwave,1421168731000000,1421168941000000,210.0,20.19638888888889,rule_v1
microwave,1421169418000000,1421169469000000,51.0,24.65861111111111,rule_v1
microwave,1421169636000000,1421169677000000,41.0,20.447777777777777,rule_v1
microwave,1421171454000000,1421171512000000,58.0,27.69,rule_v1
microwave,1421172108000000,1421172138000000,30.0,20.45611111111111,rule_v1
microwave,1421173468000000,1421173500000000,32.0,18.898333333333333,rule_v1
microwave,1421221563000000,1421221601000000,38.0,17.15222222222222,rule_v1
microwave,1421222378000000,1421222422000000,44.0,21.976111111111113,rule_v1
microwave,1421225820000000,1421225851000000,31.0,16.485,rule_v1
microwave,1421228129000000,1421228534000000,405.0,168.5875,rule_v1
microwave,1421247951000000,1421247988000000,37.0,16.70138888888889,rule_v1
microwave,1421254827000000,1421254858000000,31.0,10.124722222222221,rule_v1
microwave,1421257013000000,1421257052000000,39.0,16.320833333333333,rule_v1
microwave,1421259061000000,1421259150000000,89.0,36.48833333333333,rule_v1
microwave,1421260824000000,1421260854000000,30.0,16.674444444444443,rule_v1
microwave,1421309465000000,1421309497000000,32.0,16.996944444444445,rule_v1
microwave,1421312332000000,1421312421000000,89.0,27.031944444444445,rule_v1
microwave,1421327617000000,1421327655000000,38.0,19.761944444444445,rule_v1
microwave,1421343306000000,1421343345000000,39.0,17.29,rule_v1
microwave,1421346288000000,1421346702000000,414.0,176.8563888888889,rule_v1
microwave,1421346800000000,1421347027000000,227.0,45.26361111111112,rule_v1
microwave,1421399143000000,1421399175000000,32.0,18.39611111111111,rule_v1
microwave,1421430973000000,1421431018000000,45.0,23.36777777777778,rule_v1
microwave,1421433502000000,1421433583000000,81.0,23.442222222222224,rule_v1
microwave,1421483451000000,1421483583000000,132.0,52.76416666666667,rule_v1
microwave,1421486198000000,1421486660000000,462.0,195.00277777777777,rule_v1
microwave,1421488275000000,1421488312000000,37.0,18.825555555555557,rule_v1
microwave,1421496256000000,1421496349000000,93.0,43.204166666666666,rule_v1
microwave,1421581954000000,1421582357000000,403.0,171.93472222222223,rule_v1
microwave,1421605197000000,1421605241000000,44.0,23.392222222222223,rule_v1
microwave,1421655351000000,1421655523000000,172.0,55.216111111111104,rule_v1
microwave,1421655733000000,1421655901000000,168.0,38.3875,rule_v1
microwave,1421656157000000,1421656190000000,33.0,17.941388888888888,rule_v1
microwave,1421658752000000,1421658821000000,69.0,11.575833333333334,rule_v1
microwave,1421659987000000,1421660018000000,31.0,16.46388888888889,rule_v1
microwave,1421680942000000,1421681341000000,399.0,170.12722222222223,rule_v1
microwave,1421687600000000,1421687901000000,301.0,47.50416666666666,rule_v1
microwave,1421692364000000,1421692412000000,48.0,24.565,rule_v1
microwave,1421696640000000,1421696680000000,40.0,15.992222222222223,rule_v1
microwave,1421698388000000,1421698418000000,30.0,9.981111111111112,rule_v1
microwave,1421736660000000,1421736804000000,144.0,46.94583333333333,rule_v1
microwave,1421741473000000,1421741505000000,32.0,17.023888888888887,rule_v1
microwave,1421745776000000,1421745823000000,47.0,16.529444444444444,rule_v1
microwave,1421756484000000,1421757088000000,604.0,238.11916666666667,rule_v1
microwave,1421757205000000,1421757461000000,256.0,101.42611111111111,rule_v1
microwave,1421774163000000,1421774580000000,417.0,175.32333333333332,rule_v1
microwave,1421777490000000,1421777536000000,46.0,16.209444444444443,rule_v1
microwave,1421778545000000,1421778582000000,37.0,19.310277777777777,rule_v1
microwave,1421830768000000,1421830806000000,38.0,19.776944444444446,rule_v1
microwave,1421860293000000,1421860354000000,61.0,30.59861111111111,rule_v1
microwave,1421862900000000,1421862937000000,37.0,19.19388888888889,rule_v1
microwave,1421868046000000,1421868098000000,52.0,26.704444444444444,rule_v1
microwave,1421869288000000,1421869377000000,89.0,35.155,rule_v1
microwave,1421910562000000,1421910666000000,104.0,50.521388888888886,rule_v1
microwave,1421913675000000,1421914083000000,408.0,172.54111111111112,rule_v1
microwave,1421917215000000,1421917248000000,33.0,13.99527777777778,rule_v1
microwave,1421937063000000,1421937112000000,49.0,25.790277777777778,rule_v1
microwave,1421950090000000,1421950154000000,64.0,31.221944444444443,rule_v1
microwave,1422006501000000,1422006543000000,42.0,22.11611111111111,rule_v1
microwave,1422026552000000,1422026598000000,46.0,23.960833333333333,rule_v1
microwave,1422033273000000,1422033329000000,56.0,27.264722222222222,rule_v1
microwave,1422035877000000,1422036389000000,512.0,199.02694444444444,rule_v1
microwave,1422037573000000,1422037683000000,110.0,32.8275,rule_v1
microwave,1422089749000000,1422089781000000,32.0,17.15277777777778,rule_v1
microwave,1422092579000000,1422092618000000,39.0,21.199166666666667,rule_v1
microwave,1422123838000000,1422123875000000,37.0,19.13222222222222,rule_v1
microwave,1422124711000000,1422124742000000,31.0,14.954444444444444,rule_v1
microwave,1422171592000000,1422171993000000,401.0,174.67194444444445,rule_v1
microwave,1422173445000000,1422173476000000,31.0,16.077222222222222,rule_v1
microwave,1422199893000000,1422199932000000,39.0,20.825277777777778,rule_v1
microwave,1422210840000000,1422210873000000,33.0,16.736666666666668,rule_v1
microwave,1422233719000000,1422233751000000,32.0,19.245555555555555,rule_v1
microwave,1422260819000000,1422260857000000,38.0,20.301388888888887,rule_v1
microwave,1422268284000000,1422268691000000,407.0,171.72944444444445,rule_v1
microwave,1422275102000000,1422276010000000,908.0,338.475,rule_v1
microwave,1422283791000000,1422283822000000,31.0,16.64361111111111,rule_v1
microwave,1422291929000000,1422292270000000,341.0,46.11111111111111,rule_v1
microwave,1422292351000000,1422292582000000,231.0,44.33888888888889,rule_v1
microwave,1422296606000000,1422296670000000,64.0,26.60527777777778,rule_v1
microwave,1422346905000000,1422346950000000,45.0,21.621388888888887,rule_v1
microwave,1422350578000000,1422350617000000,39.0,20.601666666666667,rule_v1
microwave,1422363690000000,1422364109000000,419.0,177.32555555555555,rule_v1
microwave,1422383190000000,1422383252000000,62.0,24.93277777777778,rule_v1
microwave,1422452183000000,1422452228000000,45.0,23.303333333333335,rule_v1
microwave,1422469655000000,1422470070000000,415.0,172.04111111111112,rule_v1
microwave,1422470157000000,1422470206000000,49.0,18.35611111111111,rule_v1
microwave,1422519988000000,1422520059000000,71.0,34.90638888888889,rule_v1
microwave,1422537842000000,1422537893000000,51.0,23.02388888888889,rule_v1
microwave,1422555885000000,1422555938000000,53.0,21.341944444444444,rule_v1
microwave,1422556609000000,1422556662000000,53.0,23.165277777777778,rule_v1
microwave,1422562341000000,1422562386000000,45.0,23.110833333333332,rule_v1
microwave,1422600451000000,1422600617000000,166.0,67.7425,rule_v1
microwave,1422600780000000,1422600836000000,56.0,19.28222222222222,rule_v1
microwave,1422600961000000,1422600992000000,31.0,15.351944444444445,rule_v1
microwave,1422604281000000,1422604788000000,507.0,191.39944444444444,rule_v1
microwave,1422605212000000,1422605246000000,34.0,20.397222222222222,rule_v1
microwave,1422610517000000,1422610554000000,37.0,19.840555555555557,rule_v1
microwave,1422634195000000,1422634230000000,35.0,19.114166666666666,rule_v1
microwave,1422635371000000,1422635925000000,554.0,74.10472222222222,rule_v1
microwave,1422635995000000,1422636298000000,303.0,32.96361111111111,rule_v1
microwave,1422636462000000,1422636604000000,142.0,65.14083333333333,rule_v1
microwave,1422639738000000,1422639782000000,44.0,22.33138888888889,rule_v1
microwave,1422642207000000,1422642255000000,48.0,23.54,rule_v1
microwave,1422646886000000,1422646957000000,71.0,30.869999999999997,rule_v1
microwave,1422693501000000,1422693582000000,81.0,39.598055555555554,rule_v1
microwave,1422693736000000,1422693852000000,116.0,25.529722222222222,rule_v1
microwave,1422697707000000,1422697753000000,46.0,23.42111111111111,rule_v1
microwave,1422717115000000,1422717166000000,51.0,26.274722222222223,rule_v1
microwave,1422725006000000,1422725407000000,401.0,167.2602777777778,rule_v1
microwave,1422727595000000,1422727656000000,61.0,22.817777777777778,rule_v1
microwave,1422734308000000,1422734372000000,64.0,31.33138888888889,rule_v1
microwave,1422779413000000,1422779444000000,31.0,16.79388888888889,rule_v1
microwave,1422782133000000,1422782484000000,351.0,111.44222222222223,rule_v1
microwave,1422800869000000,1422800906000000,37.0,19.12,rule_v1
microwave,1422804476000000,1422804565000000,89.0,27.590833333333336,rule_v1
microwave,1422810744000000,1422811362000000,618.0,70.06916666666667,rule_v1
microwave,1422811440000000,1422811776000000,336.0,79.09305555555555,rule_v1
microwave,1422816034000000,1422816064000000,30.0,16.850833333333334,rule_v1
microwave,1422816981000000,1422817028000000,47.0,14.766944444444444,rule_v1
microwave,1422820815000000,1422821205000000,390.0,164.38444444444445,rule_v1
microwave,1422898380000000,1422898419000000,39.0,20.341944444444444,rule_v1
microwave,1422901839000000,1422901891000000,52.0,25.92861111111111,rule_v1
microwave,1422903948000000,1422903981000000,33.0,17.214444444444446,rule_v1
microwave,1422908671000000,1422908716000000,45.0,16.634166666666665,rule_v1
microwave,1422950691000000,1422950723000000,32.0,17.502777777777776,rule_v1
microwave,1422955437000000,1422955482000000,45.0,22.990555555555556,rule_v1
microwave,1422957539000000,1422957952000000,413.0,172.965,rule_v1
microwave,1422968395000000,1422968434000000,39.0,19.789166666666667,rule_v1
microwave,1422968912000000,1422968944000000,32.0,17.278055555555557,rule_v1
microwave,1422986480000000,1422986532000000,52.0,22.706944444444442,rule_v1
microwave,1422987825000000,1422987937000000,112.0,32.09027777777778,rule_v1
microwave,1423037774000000,1423037871000000,97.0,34.576388888888886,rule_v1
microwave,1423039215000000,1423039249000000,34.0,13.825,rule_v1
microwave,1423047962000000,1423047996000000,34.0,17.970277777777778,rule_v1
microwave,1423071899000000,1423071943000000,44.0,20.920833333333334,rule_v1
microwave,1423077028000000,1423077437000000,409.0,168.46416666666667,rule_v1
microwave,1423086161000000,1423086232000000,71.0,25.176944444444445,rule_v1
microwave,1423123257000000,1423123325000000,68.0,20.108333333333334,rule_v1
microwave,1423127082000000,1423127127000000,45.0,22.859166666666667,rule_v1
microwave,1423145963000000,1423146001000000,38.0,20.01361111111111,rule_v1
microwave,1423165749000000,1423165837000000,88.0,39.44277777777778,rule_v1
microwave,1423169135000000,1423169538000000,403.0,170.525,rule_v1
microwave,1423208129000000,1423208180000000,51.0,27.133055555555554,rule_v1
microwave,1423235878000000,1423235911000000,33.0,16.516666666666666,rule_v1
microwave,1423244635000000,1423244669000000,34.0,18.224444444444444,rule_v1
microwave,1423246702000000,1423246733000000,31.0,17.78388888888889,rule_v1
microwave,1423294588000000,1423294981000000,393.0,169.55083333333334,rule_v1
microwave,1423295149000000,1423295289000000,140.0,47.31916666666667,rule_v1
microwave,1423334857000000,1423334976000000,119.0,36.084999999999994,rule_v1
microwave,1423338776000000,1423339177000000,401.0,169.57888888888888,rule_v1
microwave,1423381536000000,1423382001000000,465.0,197.28333333333333,rule_v1
microwave,1423383617000000,1423383659000000,42.0,22.988055555555555,rule_v1
microwave,1423385884000000,1423385936000000,52.0,25.643055555555556,rule_v1
microwave,1423415390000000,1423415799000000,409.0,53.69277777777778,rule_v1
microwave,1423420227000000,1423420326000000,99.0,26.434166666666666,rule_v1
microwave,1423468603000000,1423468641000000,38.0,17.16583333333333,rule_v1
microwave,1423472330000000,1423472362000000,32.0,15.658888888888889,rule_v1
microwave,1423480036000000,1423480354000000,318.0,139.76111111111112,rule_v1
microwave,1423480419000000,1423480791000000,372.0,145.5247222222222,rule_v1
microwave,1423481074000000,1423481262000000,188.0,73.38444444444444,rule_v1
microwave,1423492899000000,1423493302000000,403.0,166.6825,rule_v1
microwave,1423506223000000,1423506263000000,40.0,21.343333333333334,rule_v1
microwave,1423510961000000,1423511000000000,39.0,18.014166666666668,rule_v1
microwave,1423511076000000,1423511110000000,34.0,18.012777777777778,rule_v1
microwave,1423512694000000,1423512797000000,103.0,30.936388888888885,rule_v1
microwave,1423553432000000,1423553665000000,233.0,88.13166666666666,rule_v1
microwave,1423580013000000,1423580052000000,39.0,23.881944444444443,rule_v1
microwave,1423588873000000,1423588908000000,35.0,19.1725,rule_v1
microwave,1423592108000000,1423592147000000,39.0,20.879722222222224,rule_v1
microwave,1423592402000000,1423592797000000,395.0,166.78166666666667,rule_v1
microwave,1423641641000000,1423641673000000,32.0,17.298333333333332,rule_v1
microwave,1423645882000000,1423645931000000,49.0,22.701666666666668,rule_v1
microwave,1423649129000000,1423649280000000,151.0,70.18666666666667,rule_v1
microwave,1423678711000000,1423678748000000,37.0,19.3575,rule_v1
microwave,1423678915000000,1423678947000000,32.0,16.61722222222222,rule_v1
microwave,1423683422000000,1423683490000000,68.0,27.52861111111111,rule_v1
microwave,1423683683000000,1423684105000000,422.0,168.66833333333332,rule_v1
microwave,1423731666000000,1423731704000000,38.0,19.94,rule_v1
microwave,1423733739000000,1423733778000000,39.0,20.40138888888889,rule_v1
microwave,1423764712000000,1423764757000000,45.0,19.640555555555558,rule_v1
microwave,1423766086000000,1423766149000000,63.0,24.74138888888889,rule_v1
microwave,1423770064000000,1423770566000000,502.0,187.46305555555557,rule_v1
microwave,1423810369000000,1423810581000000,212.0,81.77027777777778,rule_v1
microwave,1423810673000000,1423811341000000,668.0,204.1225,rule_v1
microwave,1423814441000000,1423814525000000,84.0,39.848333333333336,rule_v1
microwave,1423814600000000,1423814631000000,31.0,12.983888888888888,rule_v1
microwave,1423815360000000,1423815404000000,44.0,18.008333333333333,rule_v1
microwave,1423851453000000,1423851493000000,40.0,21.055555555555557,rule_v1
microwave,1423852099000000,1423852133000000,34.0,19.351666666666667,rule_v1
microwave,1423856556000000,1423856950000000,394.0,166.92805555555555,rule_v1
microwave,1423901488000000,1423901705000000,217.0,64.42,rule_v1
microwave,1423906400000000,1423906445000000,45.0,22.478055555555557,rule_v1
microwave,1423934411000000,1423934450000000,39.0,22.471666666666668,rule_v1
microwave,1423939940000000,1423940047000000,107.0,35.31833333333333,rule_v1
microwave,1423950908000000,1423951329000000,421.0,174.0375,rule_v1
microwave,1423986928000000,1423987033000000,105.0,49.492777777777775,rule_v1
microwave,1423987119000000,1423987243000000,124.0,32.76444444444444,rule_v1
microwave,1423992724000000,1423992764000000,40.0,16.696666666666665,rule_v1
microwave,1423992834000000,1423992867000000,33.0,17.13888888888889,rule_v1
microwave,1424007485000000,1424007516000000,31.0,16.630555555555556,rule_v1
microwave,1424025505000000,1424025538000000,33.0,17.156388888888888,rule_v1
microwave,1424029324000000,1424029801000000,477.0,192.47611111111112,rule_v1
microwave,1424073561000000,1424073601000000,40.0,21.14027777777778,rule_v1
microwave,1424073690000000,1424073720000000,30.0,15.3125,rule_v1
microwave,1424110618000000,1424110742000000,124.0,40.75083333333333,rule_v1
microwave,1424111482000000,1424111533000000,51.0,24.6225,rule_v1
microwave,1424164598000000,1424164633000000,35.0,14.961666666666666,rule_v1
microwave,1424165102000000,1424165136000000,34.0,14.559166666666668,rule_v1
microwave,1424168059000000,1424168391000000,332.0,140.53861111111112,rule_v1
microwave,1424197677000000,1424197710000000,33.0,17.60333333333333,rule_v1
microwave,1424198831000000,1424198872000000,41.0,20.787777777777777,rule_v1
microwave,1424199405000000,1424199465000000,60.0,22.103055555555557,rule_v1
microwave,1424224110000000,1424224156000000,46.0,23.578333333333333,rule_v1
microwave,1424250415000000,1424250813000000,398.0,165.1613888888889,rule_v1
microwave,1424253466000000,1424253497000000,31.0,16.335555555555555,rule_v1
microwave,1424260953000000,1424261239000000,286.0,108.86027777777778,rule_v1
microwave,1424284710000000,1424284749000000,39.0,19.516666666666666,rule_v1
microwave,1424285202000000,1424285241000000,39.0,19.781111111111112,rule_v1
microwave,1424289029000000,1424289416000000,387.0,161.88444444444445,rule_v1
microwave,1424290064000000,1424290140000000,76.0,17.483888888888888,rule_v1
microwave,1424328777000000,1424328973000000,196.0,64.73416666666667,rule_v1
microwave,1424334199000000,1424334232000000,33.0,17.45861111111111,rule_v1
microwave,1424372229000000,1424372261000000,32.0,16.344722222222224,rule_v1
microwave,1424372538000000,1424372593000000,55.0,26.528055555555557,rule_v1
microwave,1424395106000000,1424395158000000,52.0,26.1275,rule_v1
microwave,1424417882000000,1424418089000000,207.0,62.682500000000005,rule_v1
microwave,1424419271000000,1424419316000000,45.0,24.892777777777777,rule_v1
microwave,1424420988000000,1424421473000000,485.0,187.17749999999998,rule_v1
microwave,1424457582000000,1424457622000000,40.0,23.879444444444445,rule_v1
microwave,1424458334000000,1424458386000000,52.0,22.952777777777776,rule_v1
microwave,1424512807000000,1424512846000000,39.0,20.27888888888889,rule_v1
microwave,1424527439000000,1424527849000000,410.0,172.95027777777779,rule_v1
microwave,1424528732000000,1424528785000000,53.0,21.708888888888886,rule_v1
microwave,1424544276000000,1424544308000000,32.0,17.004166666666666,rule_v1
microwave,1424594781000000,1424594982000000,201.0,79.4811111111111,rule_v1
microwave,1424599858000000,1424599891000000,33.0,18.259444444444444,rule_v1
microwave,1424606420000000,1424606451000000,31.0,16.68166666666667,rule_v1
microwave,1424625530000000,1424625943000000,413.0,168.84,rule_v1
microwave,1424627109000000,1424627211000000,102.0,23.61277777777778,rule_v1
microwave,1424629920000000,1424629957000000,37.0,19.656388888888888,rule_v1
microwave,1424679784000000,1424679823000000,39.0,19.272222222222222,rule_v1
microwave,1424683759000000,1424683820000000,61.0,33.263888888888886,rule_v1
microwave,1424702848000000,1424702887000000,39.0,19.940555555555555,rule_v1
microwave,1424715050000000,1424715096000000,46.0,23.54,rule_v1
microwave,1424715776000000,1424715827000000,51.0,19.731388888888887,rule_v1
microwave,1424718326000000,1424718359000000,33.0,17.075,rule_v1
microwave,1424763790000000,1424764196000000,406.0,170.53805555555556,rule_v1
microwave,1424764300000000,1424764362000000,62.0,23.984722222222224,rule_v1
microwave,1424768316000000,1424768361000000,45.0,22.789444444444445,rule_v1
microwave,1424790107000000,1424790145000000,38.0,20.159166666666668,rule_v1
microwave,1424798307000000,1424798364000000,57.0,28.868333333333332,rule_v1
microwave,1424801392000000,1424801711000000,319.0,105.75777777777778,rule_v1
microwave,1424802128000000,1424802221000000,93.0,23.703333333333333,rule_v1
microwave,1424802709000000,1424802747000000,38.0,18.70888888888889,rule_v1
microwave,1424855024000000,1424855071000000,47.0,23.71388888888889,rule_v1
microwave,1424862732000000,1424863458000000,726.0,289.0230555555555,rule_v1
microwave,1424866842000000,1424867003000000,161.0,69.73555555555555,rule_v1
microwave,1424889327000000,1424889412000000,85.0,30.27916666666667,rule_v1
microwave,1424904062000000,1424904103000000,41.0,22.079166666666666,rule_v1
microwave,1424937396000000,1424937554000000,158.0,60.21777777777778,rule_v1
microwave,1424943163000000,1424943195000000,32.0,16.97972222222222,rule_v1
microwave,1424952716000000,1424953095000000,379.0,58.21388888888889,rule_v1
microwave,1424953213000000,1424953573000000,360.0,42.84444444444445,rule_v1
microwave,1424953646000000,1424954008000000,362.0,90.42972222222222,rule_v1
microwave,1424964423000000,1424964453000000,30.0,16.631666666666668,rule_v1
microwave,1424966049000000,1424966436000000,387.0,161.88083333333333,rule_v1
microwave,1424979265000000,1424979311000000,46.0,21.864166666666666,rule_v1
microwave,1425024129000000,1425024160000000,31.0,17.775555555555556,rule_v1
microwave,1425041132000000,1425041519000000,387.0,161.53555555555556,rule_v1
microwave,1425060333000000,1425060365000000,32.0,17.889166666666668,rule_v1
microwave,1425112154000000,1425112308000000,154.0,61.571666666666665,rule_v1
microwave,1425115549000000,1425115587000000,38.0,19.659444444444443,rule_v1
microwave,1425139397000000,1425139865000000,468.0,194.70472222222222,rule_v1
microwave,1425144549000000,1425144595000000,46.0,18.943055555555556,rule_v1
microwave,1425149086000000,1425149125000000,39.0,20.12472222222222,rule_v1
microwave,1425152816000000,1425152867000000,51.0,22.883055555555558,rule_v1
microwave,1425197233000000,1425197326000000,93.0,43.48,rule_v1
microwave,1425197448000000,1425197527000000,79.0,30.918055555555554,rule_v1
microwave,1425199603000000,1425199647000000,44.0,25.733055555555556,rule_v1
microwave,1425201332000000,1425201390000000,58.0,21.159166666666664,rule_v1
microwave,1425212031000000,1425212062000000,31.0,16.23611111111111,rule_v1
microwave,1425230980000000,1425231374000000,394.0,53.71,rule_v1
microwave,1425231486000000,1425231564000000,78.0,36.51222222222222,rule_v1
microwave,1425233022000000,1425233068000000,46.0,16.598333333333333,rule_v1
microwave,1425234369000000,1425234410000000,41.0,18.795833333333334,rule_v1
microwave,1425235810000000,1425236216000000,406.0,169.22972222222222,rule_v1
microwave,1425236527000000,1425236561000000,34.0,16.072777777777777,rule_v1
microwave,1425237411000000,1425237448000000,37.0,13.040833333333333,rule_v1
microwave,1425266458000000,1425266497000000,39.0,21.22222222222222,rule_v1
microwave,1425287988000000,1425288019000000,31.0,17.12361111111111,rule_v1
microwave,1425317535000000,1425317921000000,386.0,162.21555555555557,rule_v1
microwave,1425320582000000,1425320615000000,33.0,17.421666666666667,rule_v1
microwave,1425323492000000,1425323531000000,39.0,16.960833333333333,rule_v1
microwave,1425370006000000,1425370046000000,40.0,21.040555555555557,rule_v1
microwave,1425395410000000,1425395444000000,34.0,15.372222222222222,rule_v1
microwave,1425402378000000,1425402415000000,37.0,15.0175,rule_v1
microwave,1425404555000000,1425404594000000,39.0,18.98138888888889,rule_v1
microwave,1425407735000000,1425407843000000,108.0,32.616388888888885,rule_v1
microwave,1425455508000000,1425455607000000,99.0,47.04333333333334,rule_v1
microwave,1425456756000000,1425457279000000,523.0,201.7697222222222,rule_v1
microwave,1425480427000000,1425480460000000,33.0,17.610833333333332,rule_v1
microwave,1425492802000000,1425492844000000,42.0,18.605555555555554,rule_v1
microwave,1425493404000000,1425493442000000,38.0,19.14666666666667,rule_v1
microwave,1425496186000000,1425496231000000,45.0,23.27861111111111,rule_v1
microwave,1425544632000000,1425545083000000,451.0,186.59972222222223,rule_v1
microwave,1425546566000000,1425546618000000,52.0,25.775,rule_v1
microwave,1425579771000000,1425579849000000,78.0,34.69722222222222,rule_v1
microwave,1425579920000000,1425579960000000,40.0,19.74388888888889,rule_v1
microwave,1425584116000000,1425584162000000,46.0,23.295555555555556,rule_v1
microwave,1425624125000000,1425624441000000,316.0,114.45694444444445,rule_v1
microwave,1425627610000000,1425627688000000,78.0,37.00666666666667,rule_v1
microwave,1425628905000000,1425628944000000,39.0,20.511944444444445,rule_v1
microwave,1425637023000000,1425637424000000,401.0,167.1052777777778,rule_v1
microwave,1425648074000000,1425648168000000,94.0,40.9275,rule_v1
microwave,1425664367000000,1425664404000000,37.0,20.16027777777778,rule_v1
microwave,1425665369000000,1425665401000000,32.0,17.514722222222222,rule_v1
microwave,1425666968000000,1425667001000000,33.0,17.227777777777778,rule_v1
microwave,1425671921000000,1425671974000000,53.0,26.846666666666668,rule_v1
microwave,1425713656000000,1425713704000000,48.0,24.65,rule_v1
microwave,1425713799000000,1425713833000000,34.0,17.515,rule_v1
microwave,1425717901000000,1425717933000000,32.0,17.24888888888889,rule_v1
microwave,1425726345000000,1425726747000000,402.0,171.33777777777777,rule_v1
microwave,1425727601000000,1425727664000000,63.0,28.4325,rule_v1
microwave,1425743648000000,1425743773000000,125.0,53.03222222222222,rule_v1
microwave,1425743932000000,1425743992000000,60.0,28.459722222222222,rule_v1
microwave,1425744808000000,1425744848000000,40.0,19.975833333333334,rule_v1
microwave,1425752640000000,1425752727000000,87.0,38.367777777777775,rule_v1
microwave,1425802212000000,1425802418000000,206.0,55.03611111111111,rule_v1
microwave,1425805542000000,1425805574000000,32.0,16.663333333333334,rule_v1
microwave,1425827197000000,1425827247000000,50.0,25.624166666666667,rule_v1
microwave,1425828612000000,1425828734000000,122.0,47.706944444444446,rule_v1
microwave,1425832204000000,1425832277000000,73.0,34.87,rule_v1
microwave,1425835823000000,1425836225000000,402.0,167.4575,rule_v1
microwave,1425840417000000,1425840456000000,39.0,19.801111111111112,rule_v1
microwave,1425925061000000,1425925099000000,38.0,20.74388888888889,rule_v1
microwave,1425933318000000,1425933735000000,417.0,174.97666666666666,rule_v1
microwave,1425974564000000,1425974614000000,50.0,14.871666666666666,rule_v1
microwave,1425978004000000,1425978055000000,51.0,17.2075,rule_v1
microwave,1425991270000000,1425991355000000,85.0,40.05972222222222,rule_v1
microwave,1426000779000000,1426000824000000,45.0,23.276111111111113,rule_v1
microwave,1426012086000000,1426012117000000,31.0,17.000833333333333,rule_v1
microwave,1426018513000000,1426018619000000,106.0,44.76555555555555,rule_v1
microwave,1426059990000000,1426060395000000,405.0,170.90277777777777,rule_v1
microwave,1426061279000000,1426061340000000,61.0,20.122777777777777,rule_v1
microwave,1426075280000000,1426075693000000,413.0,173.36666666666667,rule_v1
microwave,1426075784000000,1426075880000000,96.0,39.23916666666667,rule_v1
microwave,1426076009000000,1426076055000000,46.0,20.14138888888889,rule_v1
microwave,1426076241000000,1426076711000000,470.0,157.73944444444444,rule_v1
microwave,1426098779000000,1426098811000000,32.0,16.93166666666667,rule_v1
microwave,1426098908000000,1426098940000000,32.0,17.54388888888889,rule_v1
microwave,1426103727000000,1426104108000000,381.0,157.57861111111112,rule_v1
microwave,1426145153000000,1426145331000000,178.0,61.93666666666667,rule_v1
microwave,1426146949000000,1426146985000000,36.0,18.596666666666668,rule_v1
microwave,1426150630000000,1426150664000000,34.0,13.565833333333334,rule_v1
microwave,1426163642000000,1426163684000000,42.0,21.964444444444446,rule_v1
microwave,1426164172000000,1426164236000000,64.0,30.81388888888889,rule_v1
microwave,1426178731000000,1426178818000000,87.0,14.828333333333333,rule_v1
microwave,1426178883000000,1426179000000000,117.0,18.205555555555556,rule_v1
microwave,1426179475000000,1426179745000000,270.0,34.053333333333335,rule_v1
microwave,1426179852000000,1426179904000000,52.0,25.626666666666665,rule_v1
microwave,1426181756000000,1426181790000000,34.0,17.988055555555555,rule_v1
microwave,1426184510000000,1426184555000000,45.0,23.736944444444443,rule_v1
microwave,1426234130000000,1426234179000000,49.0,24.60472222222222,rule_v1
microwave,1426244882000000,1426245295000000,413.0,171.97194444444443,rule_v1
microwave,1426263263000000,1426263329000000,66.0,31.08,rule_v1
microwave,1426269473000000,1426269512000000,39.0,19.692777777777778,rule_v1
microwave,1426270712000000,1426270802000000,90.0,31.566111111111113,rule_v1
microwave,1426272640000000,1426272700000000,60.0,29.036944444444444,rule_v1
microwave,1426317325000000,1426317430000000,105.0,40.58083333333334,rule_v1
microwave,1426317520000000,1426317629000000,109.0,27.760555555555555,rule_v1
microwave,1426319105000000,1426319151000000,46.0,23.165277777777778,rule_v1
microwave,1426322938000000,1426322970000000,32.0,16.82,rule_v1
microwave,1426489330000000,1426489649000000,319.0,105.62777777777777,rule_v1
microwave,1426489809000000,1426490206000000,397.0,157.075,rule_v1
microwave,1426492137000000,1426492183000000,46.0,20.705555555555556,rule_v1
microwave,1426519070000000,1426519104000000,34.0,18.903333333333332,rule_v1
microwave,1426527461000000,1426527493000000,32.0,16.484444444444446,rule_v1
microwave,1426531236000000,1426531302000000,66.0,20.511666666666667,rule_v1
microwave,1426538835000000,1426539225000000,390.0,163.64833333333334,rule_v1
microwave,1426578607000000,1426578653000000,46.0,24.43611111111111,rule_v1
microwave,1426582641000000,1426582684000000,43.0,19.837777777777777,rule_v1
microwave,1426602860000000,1426602898000000,38.0,17.47138888888889,rule_v1
microwave,1426615518000000,1426615589000000,71.0,34.29416666666667,rule_v1
microwave,1426615869000000,1426615938000000,69.0,32.248333333333335,rule_v1
microwave,1426616539000000,1426616729000000,190.0,79.0313888888889,rule_v1
microwave,1426616887000000,1426616965000000,78.0,27.986666666666665,rule_v1
microwave,1426665068000000,1426665121000000,53.0,26.54111111111111,rule_v1
microwave,1426669274000000,1426669313000000,39.0,20.627777777777776,rule_v1
microwave,1426688082000000,1426688115000000,33.0,16.843333333333334,rule_v1
microwave,1426697506000000,1426698142000000,636.0,86.61611111111111,rule_v1
microwave,1426700003000000,1426700042000000,39.0,20.42,rule_v1
microwave,1426700216000000,1426700623000000,407.0,166.45222222222222,rule_v1
microwave,1426707767000000,1426707885000000,118.0,46.85416666666667,rule_v1
microwave,1426752493000000,1426752528000000,35.0,17.476666666666667,rule_v1
microwave,1426772480000000,1426772512000000,32.0,17.231666666666666,rule_v1
microwave,1426787291000000,1426787336000000,45.0,20.590555555555554,rule_v1
microwave,1426789175000000,1426789573000000,398.0,163.7788888888889,rule_v1
microwave,1426789641000000,1426789679000000,38.0,17.4825,rule_v1
microwave,1426794206000000,1426794285000000,79.0,32.51638888888889,rule_v1
microwave,1426836174000000,1426836295000000,121.0,44.05111111111111,rule_v1
microwave,1426836420000000,1426836514000000,94.0,24.457222222222224,rule_v1
microwave,1426838967000000,1426838999000000,32.0,16.961944444444445,rule_v1
microwave,1426842160000000,1426842194000000,34.0,14.810833333333335,rule_v1
microwave,1426847143000000,1426847202000000,59.0,29.397222222222222,rule_v1
microwave,1426847766000000,1426847839000000,73.0,17.185277777777777,rule_v1
microwave,1426875548000000,1426875605000000,57.0,25.238333333333337,rule_v1
microwave,1426923046000000,1426923103000000,57.0,15.814722222222223,rule_v1
microwave,1426923262000000,1426923332000000,70.0,19.51527777777778,rule_v1
microwave,1426929348000000,1426929379000000,31.0,17.013333333333332,rule_v1
microwave,1426930484000000,1426930909000000,425.0,173.4586111111111,rule_v1
microwave,1426946349000000,1426946383000000,34.0,19.17527777777778,rule_v1
microwave,1426955940000000,1426955977000000,37.0,9.306944444444445,rule_v1
microwave,1426956062000000,1426956214000000,152.0,17.639999999999997,rule_v1
microwave,1426956278000000,1426956336000000,58.0,9.063333333333333,rule_v1
microwave,1426956477000000,1426956569000000,92.0,30.765555555555554,rule_v1
microwave,1426960070000000,1426960117000000,47.0,23.57138888888889,rule_v1
microwave,1426961953000000,1426961985000000,32.0,16.686944444444446,rule_v1
microwave,1426968495000000,1426968550000000,55.0,27.38888888888889,rule_v1
microwave,1427014041000000,1427014078000000,37.0,19.215,rule_v1
microwave,1427014756000000,1427014803000000,47.0,23.673611111111114,rule_v1
microwave,1427038466000000,1427038883000000,417.0,173.4736111111111,rule_v1
microwave,1427045503000000,1427045571000000,68.0,32.93861111111111,rule_v1
microwave,1427048856000000,1427048930000000,74.0,35.489444444444445,rule_v1
microwave,1427096836000000,1427096873000000,37.0,17.219444444444445,rule_v1
microwave,1427101254000000,1427101287000000,33.0,15.451666666666666,rule_v1
microwave,1427115934000000,1427116020000000,86.0,43.76777777777778,rule_v1
microwave,1427134706000000,1427134738000000,32.0,17.903333333333332,rule_v1
microwave,1427137698000000,1427137737000000,39.0,19.870555555555555,rule_v1
microwave,1427140847000000,1427140896000000,49.0,22.56861111111111,rule_v1
microwave,1427141677000000,1427141710000000,33.0,18.72,rule_v1
microwave,1427182250000000,1427182341000000,91.0,37.20166666666667,rule_v1
microwave,1427182429000000,1427182471000000,42.0,16.374444444444443,rule_v1
microwave,1427184581000000,1427184979000000,398.0,163.8997222222222,rule_v1
microwave,1427187669000000,1427187701000000,32.0,16.744722222222222,rule_v1
microwave,1427207183000000,1427207229000000,46.0,23.52888888888889,rule_v1
microwave,1427222445000000,1427222537000000,92.0,40.72361111111111,rule_v1
microwave,1427274003000000,1427274037000000,34.0,16.545277777777777,rule_v1
microwave,1427280061000000,1427280461000000,400.0,170.20694444444445,rule_v1
microwave,1427281293000000,1427281329000000,36.0,18.716666666666665,rule_v1
microwave,1427305555000000,1427305613000000,58.0,29.46361111111111,rule_v1
microwave,1427360361000000,1427360405000000,44.0,21.82777777777778,rule_v1
microwave,1427372329000000,1427372372000000,43.0,9.071944444444444,rule_v1
microwave,1427381002000000,1427381042000000,40.0,18.218611111111112,rule_v1
microwave,1427393702000000,1427393736000000,34.0,13.802222222222222,rule_v1
microwave,1427393875000000,1427393925000000,50.0,24.72888888888889,rule_v1
microwave,1427395533000000,1427395577000000,44.0,22.60861111111111,rule_v1
microwave,1427400108000000,1427400563000000,455.0,186.5638888888889,rule_v1
microwave,1427447685000000,1427447717000000,32.0,17.039166666666667,rule_v1
microwave,1427461685000000,1427461723000000,38.0,20.051666666666666,rule_v1
microwave,1427476446000000,1427476484000000,38.0,17.190555555555555,rule_v1
microwave,1427480587000000,1427480645000000,58.0,25.63388888888889,rule_v1
microwave,1427481312000000,1427481343000000,31.0,17.615833333333335,rule_v1
microwave,1427527852000000,1427528258000000,406.0,171.42416666666668,rule_v1
microwave,1427567870000000,1427567924000000,54.0,25.63,rule_v1
microwave,1427614904000000,1427615036000000,132.0,50.54055555555555,rule_v1
microwave,1427615221000000,1427615291000000,70.0,20.490833333333335,rule_v1
microwave,1427620970000000,1427621003000000,33.0,17.287777777777777,rule_v1
microwave,1427623203000000,1427623653000000,450.0,184.17361111111111,rule_v1
microwave,1427646702000000,1427646741000000,39.0,23.11888888888889,rule_v1
microwave,1427651473000000,1427651519000000,46.0,23.04888888888889,rule_v1
microwave,1427652219000000,1427652272000000,53.0,25.530833333333334,rule_v1
microwave,1427652464000000,1427652509000000,45.0,22.574166666666667,rule_v1
microwave,1427654836000000,1427654879000000,43.0,22.25027777777778,rule_v1
microwave,1427701377000000,1427701407000000,30.0,16.739722222222223,rule_v1
microwave,1427702052000000,1427702470000000,418.0,176.0377777777778,rule_v1
microwave,1427704178000000,1427704221000000,43.0,20.27027777777778,rule_v1
microwave,1427723519000000,1427723564000000,45.0,23.6975,rule_v1
microwave,1427734112000000,1427734145000000,33.0,13.2775,rule_v1
microwave,1427735129000000,1427735180000000,51.0,25.348333333333333,rule_v1
microwave,1427737444000000,1427737488000000,44.0,23.18138888888889,rule_v1
microwave,1427790781000000,1427790827000000,46.0,20.166666666666664,rule_v1
microwave,1427812190000000,1427812222000000,32.0,17.105,rule_v1
microwave,1427819148000000,1427819316000000,168.0,75.32388888888889,rule_v1
microwave,1427823024000000,1427823069000000,45.0,22.37,rule_v1
microwave,1427823135000000,1427823205000000,70.0,21.15388888888889,rule_v1
microwave,1427828401000000,1427828807000000,406.0,172.1186111111111,rule_v1
microwave,1427872978000000,1427873020000000,42.0,21.788333333333334,rule_v1
microwave,1427875703000000,1427875736000000,33.0,13.790555555555557,rule_v1
microwave,1427895952000000,1427895983000000,31.0,16.70138888888889,rule_v1
microwave,1427906156000000,1427906189000000,33.0,17.14388888888889,rule_v1
microwave,1427908302000000,1427908348000000,46.0,22.357777777777777,rule_v1
microwave,1427911053000000,1427911099000000,46.0,18.34916666666667,rule_v1
microwave,1428363362000000,1428363400000000,38.0,21.403055555555557,rule_v1
microwave,1428395441000000,1428395477000000,36.0,21.335833333333333,rule_v1
microwave,1428414149000000,1428414191000000,42.0,22.085833333333333,rule_v1
microwave,1428422524000000,1428422918000000,394.0,165.7275,rule_v1
microwave,1428426737000000,1428426782000000,45.0,22.398888888888887,rule_v1
microwave,1428429625000000,1428429698000000,73.0,34.681666666666665,rule_v1
microwave,1428433959000000,1428434030000000,71.0,21.74388888888889,rule_v1
microwave,1428435837000000,1428435877000000,40.0,12.428888888888888,rule_v1
microwave,1428475429000000,1428475464000000,35.0,16.70861111111111,rule_v1
microwave,1428483934000000,1428483974000000,40.0,20.14388888888889,rule_v1
microwave,1428513431000000,1428513463000000,32.0,16.996111111111112,rule_v1
microwave,1428514614000000,1428514680000000,66.0,32.38805555555555,rule_v1
microwave,1428521077000000,1428521481000000,404.0,169.07083333333333,rule_v1
microwave,1428522550000000,1428522696000000,146.0,62.24638888888889,rule_v1
microwave,1428564910000000,1428564943000000,33.0,18.060555555555556,rule_v1
microwave,1428580777000000,1428580842000000,65.0,29.423333333333332,rule_v1
microwave,1428592940000000,1428593576000000,636.0,261.1358333333333,rule_v1
microwave,1428599551000000,1428599593000000,42.0,22.065,rule_v1
microwave,1428599794000000,1428599824000000,30.0,16.29111111111111,rule_v1
microwave,1428648946000000,1428649348000000,402.0,170.23611111111111,rule_v1
microwave,1428650929000000,1428650964000000,35.0,13.985833333333334,rule_v1
microwave,1428655279000000,1428655368000000,89.0,23.654444444444444,rule_v1
microwave,1428685484000000,1428685569000000,85.0,40.71861111111111,rule_v1
microwave,1428686864000000,1428687021000000,157.0,45.26611111111111,rule_v1
microwave,1428734235000000,1428734505000000,270.0,65.44722222222222,rule_v1
microwave,1428743056000000,1428743120000000,64.0,26.857777777777777,rule_v1
microwave,1428770447000000,1428770537000000,90.0,42.87861111111111,rule_v1
microwave,1428770676000000,1428770710000000,34.0,16.738611111111112,rule_v1
microwave,1428772652000000,1428772719000000,67.0,32.132222222222225,rule_v1
microwave,1428773460000000,1428773492000000,32.0,16.81111111111111,rule_v1
microwave,1428820799000000,1428821392000000,593.0,235.21666666666667,rule_v1
microwave,1428828629000000,1428828659000000,30.0,16.962777777777777,rule_v1
microwave,1428828938000000,1428828973000000,35.0,18.22888888888889,rule_v1
microwave,1428857199000000,1428857255000000,56.0,29.42,rule_v1
microwave,1428859847000000,1428859880000000,33.0,18.13138888888889,rule_v1
microwave,1428860037000000,1428860085000000,48.0,20.671944444444446,rule_v1
microwave,1428862858000000,1428863061000000,203.0,79.31833333333333,rule_v1
microwave,1428864681000000,1428864734000000,53.0,25.108333333333334,rule_v1
microwave,1428909641000000,1428909697000000,56.0,25.865833333333335,rule_v1
microwave,1428913696000000,1428913752000000,56.0,27.598055555555554,rule_v1
microwave,1428945169000000,1428945245000000,76.0,37.91916666666667,rule_v1
microwave,1428946465000000,1428946528000000,63.0,27.674444444444447,rule_v1
microwave,1428995273000000,1428995306000000,33.0,14.25888888888889,rule_v1
microwave,1428998526000000,1428998635000000,109.0,32.44138888888889,rule_v1
microwave,1429003417000000,1429003822000000,405.0,169.45694444444445,rule_v1
microwave,1429032134000000,1429032165000000,31.0,17.07,rule_v1
microwave,1429036768000000,1429036865000000,97.0,36.849444444444444,rule_v1
microwave,1429037109000000,1429037139000000,30.0,9.837777777777777,rule_v1
microwave,1429084980000000,1429085021000000,41.0,18.45583333333333,rule_v1
microwave,1429096399000000,1429096456000000,57.0,28.85361111111111,rule_v1
microwave,1429117670000000,1429117703000000,33.0,18.528055555555557,rule_v1
microwave,1429119591000000,1429119663000000,72.0,32.64805555555556,rule_v1
microwave,1429123839000000,1429123998000000,159.0,70.63694444444444,rule_v1
microwave,1429125912000000,1429126329000000,417.0,170.57805555555555,rule_v1
microwave,1429169251000000,1429169288000000,37.0,20.220555555555556,rule_v1
microwave,1429171435000000,1429171465000000,30.0,16.95777777777778,rule_v1
microwave,1429203024000000,1429203084000000,60.0,29.400833333333335,rule_v1
microwave,1429205394000000,1429205478000000,84.0,27.877499999999998,rule_v1
microwave,1429210026000000,1429210084000000,58.0,25.56888888888889,rule_v1
microwave,1429252599000000,1429252733000000,134.0,49.22222222222222,rule_v1
microwave,1429255055000000,1429255087000000,32.0,17.733888888888888,rule_v1
microwave,1429285690000000,1429286189000000,499.0,211.6063888888889,rule_v1
microwave,1429286257000000,1429286368000000,111.0,43.99055555555555,rule_v1
microwave,1429291037000000,1429291075000000,38.0,19.26388888888889,rule_v1
microwave,1429291179000000,1429291239000000,60.0,21.572777777777777,rule_v1
microwave,1429297403000000,1429297796000000,393.0,169.42944444444444,rule_v1
microwave,1429346163000000,1429346200000000,37.0,18.927222222222223,rule_v1
microwave,1429375955000000,1429375986000000,31.0,17.783055555555556,rule_v1
microwave,1429378360000000,1429378412000000,52.0,26.44527777777778,rule_v1
microwave,1429382877000000,1429382936000000,59.0,28.837777777777777,rule_v1
microwave,1429425077000000,1429425282000000,205.0,26.783333333333335,rule_v1
microwave,1429425358000000,1429425397000000,39.0,14.216666666666665,rule_v1
microwave,1429425459000000,1429425524000000,65.0,16.762777777777778,rule_v1
microwave,1429426981000000,1429427017000000,36.0,15.101666666666667,rule_v1
microwave,1429431621000000,1429431679000000,58.0,19.19361111111111,rule_v1
microwave,1429439339000000,1429439756000000,417.0,176.6663888888889,rule_v1
microwave,1429459096000000,1429459287000000,191.0,47.31194444444444,rule_v1
microwave,1429463336000000,1429463389000000,53.0,22.23777777777778,rule_v1
microwave,1429464570000000,1429464608000000,38.0,17.37527777777778,rule_v1
microwave,1429469971000000,1429470062000000,91.0,35.44694444444444,rule_v1
microwave,1429472814000000,1429472849000000,35.0,18.85611111111111,rule_v1
microwave,1429510500000000,1429510669000000,169.0,72.67722222222223,rule_v1
microwave,1429512533000000,1429512567000000,34.0,18.0125,rule_v1
microwave,1429516862000000,1429516894000000,32.0,16.545555555555556,rule_v1
microwave,1429550005000000,1429550037000000,32.0,17.394166666666667,rule_v1
microwave,1429553831000000,1429553937000000,106.0,33.50361111111111,rule_v1
microwave,1429599899000000,1429599936000000,37.0,19.995555555555555,rule_v1
microwave,1429605217000000,1429605608000000,391.0,164.9427777777778,rule_v1
microwave,1429636202000000,1429636242000000,40.0,20.85388888888889,rule_v1
microwave,1429636895000000,1429636981000000,86.0,23.077222222222225,rule_v1
microwave,1429685477000000,1429685717000000,240.0,54.798611111111114,rule_v1
microwave,1429686859000000,1429686914000000,55.0,20.121111111111112,rule_v1
microwave,1429687892000000,1429687941000000,49.0,22.095555555555556,rule_v1
microwave,1429722973000000,1429723024000000,51.0,16.53388888888889,rule_v1
microwave,1429771805000000,1429771840000000,35.0,18.6325,rule_v1
microwave,1429776056000000,1429776090000000,34.0,18.6875,rule_v1
microwave,1429787639000000,1429788030000000,391.0,164.0775,rule_v1
microwave,1429810211000000,1429810248000000,37.0,18.868333333333332,rule_v1
microwave,1429810670000000,1429810700000000,30.0,15.51,rule_v1
microwave,1429856915000000,1429857127000000,212.0,53.89472222222223,rule_v1
microwave,1429858377000000,1429858419000000,42.0,9.669722222222223,rule_v1
microwave,1429862484000000,1429862536000000,52.0,24.084722222222222,rule_v1
microwave,1429894626000000,1429894656000000,30.0,16.281944444444445,rule_v1
microwave,1429896390000000,1429896501000000,111.0,37.66,rule_v1
microwave,1429944974000000,1429945061000000,87.0,33.90694444444445,rule_v1
microwave,1429945154000000,1429945253000000,99.0,24.23305555555556,rule_v1
microwave,1429949338000000,1429949386000000,48.0,14.993333333333332,rule_v1
microwave,1429950852000000,1429950918000000,66.0,28.986944444444447,rule_v1
microwave,1429978714000000,1429978825000000,111.0,22.966944444444444,rule_v1
microwave,1429980710000000,1429981116000000,406.0,166.86305555555555,rule_v1
microwave,1429986057000000,1429986193000000,136.0,42.196666666666665,rule_v1
microwave,1429991591000000,1429991685000000,94.0,33.864999999999995,rule_v1
microwave,1430031847000000,1430032086000000,239.0,46.294444444444444,rule_v1
microwave,1430032160000000,1430032194000000,34.0,12.2325,rule_v1
microwave,1430032953000000,1430032999000000,46.0,14.035555555555554,rule_v1
microwave,1430036937000000,1430036969000000,32.0,16.88138888888889,rule_v1
microwave,1430037463000000,1430037510000000,47.0,23.71611111111111,rule_v1
microwave,1430071028000000,1430071074000000,46.0,22.95916666666667,rule_v1
microwave,1430116214000000,1430116424000000,210.0,66.15444444444444,rule_v1
microwave,1430118678000000,1430119010000000,332.0,135.2822222222222,rule_v1
microwave,1430119091000000,1430119237000000,146.0,57.57416666666666,rule_v1
microwave,1430121741000000,1430121778000000,37.0,18.6025,rule_v1
microwave,1430148888000000,1430149270000000,382.0,168.3413888888889,rule_v1
microwave,1430149522000000,1430149944000000,422.0,163.2722222222222,rule_v1
microwave,1430150050000000,1430150308000000,258.0,97.04,rule_v1
microwave,1430153220000000,1430153259000000,39.0,20.33416666666667,rule_v1
microwave,1430156160000000,1430156204000000,44.0,23.352777777777778,rule_v1
microwave,1430202912000000,1430203135000000,223.0,46.17972222222222,rule_v1
microwave,1430204407000000,1430204460000000,53.0,11.272777777777778,rule_v1
microwave,1430214853000000,1430215245000000,392.0,166.9736111111111,rule_v1
microwave,1430237079000000,1430237146000000,67.0,35.69305555555555,rule_v1
microwave,1430242296000000,1430242334000000,38.0,20.074166666666667,rule_v1
microwave,1430242462000000,1430242505000000,43.0,21.770833333333332,rule_v1
microwave,1430246283000000,1430246329000000,46.0,20.244722222222222,rule_v1
microwave,1430328824000000,1430329237000000,413.0,165.85305555555556,rule_v1
microwave,1430329774000000,1430329807000000,33.0,15.8275,rule_v1
microwave,1430375262000000,1430375371000000,109.0,51.27472222222222,rule_v1
microwave,1430377101000000,1430377132000000,31.0,16.64,rule_v1
microwave,1430413738000000,1430413776000000,38.0,19.61611111111111,rule_v1
microwave,1430415316000000,1430415356000000,40.0,20.780555555555555,rule_v1
microwave,1430461697000000,1430461979000000,282.0,52.639722222222225,rule_v1
microwave,1430464595000000,1430464641000000,46.0,23.20888888888889,rule_v1
microwave,1430548019000000,1430548144000000,125.0,30.1875,rule_v1
microwave,1430548323000000,1430548577000000,254.0,82.17666666666666,rule_v1
microwave,1430551468000000,1430551502000000,34.0,20.508333333333333,rule_v1
microwave,1430554709000000,1430554740000000,31.0,19.04361111111111,rule_v1
microwave,1430580969000000,1430582535000000,1566.0,545.2158333333334,rule_v1
microwave,1430635012000000,1430635225000000,213.0,51.53527777777778,rule_v1
microwave,1430640213000000,1430640261000000,48.0,23.49888888888889,rule_v1
microwave,1430643950000000,1430644367000000,417.0,173.8625,rule_v1
microwave,1430670800000000,1430670924000000,124.0,58.91388888888889,rule_v1
microwave,1430674620000000,1430674685000000,65.0,24.995555555555555,rule_v1
microwave,1430678974000000,1430679017000000,43.0,22.590555555555557,rule_v1
microwave,1430721344000000,1430721464000000,120.0,28.235833333333336,rule_v1
microwave,1430721537000000,1430721576000000,39.0,7.74,rule_v1
microwave,1430727287000000,1430727320000000,33.0,16.998333333333335,rule_v1
microwave,1430757828000000,1430757881000000,53.0,26.264444444444443,rule_v1
microwave,1430759654000000,1430759688000000,34.0,14.865277777777777,rule_v1
microwave,1430761896000000,1430761970000000,74.0,17.806944444444444,rule_v1
microwave,1430765543000000,1430765954000000,411.0,168.99805555555557,rule_v1
microwave,1430807704000000,1430807873000000,169.0,47.54194444444444,rule_v1
microwave,1430807946000000,1430807995000000,49.0,10.122777777777777,rule_v1
microwave,1430808326000000,1430808645000000,319.0,90.00305555555556,rule_v1
microwave,1430846551000000,1430846608000000,57.0,28.076666666666668,rule_v1
microwave,1430848244000000,1430848297000000,53.0,25.876944444444444,rule_v1
microwave,1430896199000000,1430896232000000,33.0,17.005555555555556,rule_v1
microwave,1430899946000000,1430899992000000,46.0,23.210555555555555,rule_v1
microwave,1430933119000000,1430933177000000,58.0,28.656111111111112,rule_v1
microwave,1430939532000000,1430939584000000,52.0,28.745555555555555,rule_v1
microwave,1430982927000000,1430983368000000,441.0,183.74777777777777,rule_v1
microwave,1431018322000000,1431018362000000,40.0,20.8175,rule_v1
microwave,1431019918000000,1431020001000000,83.0,33.520833333333336,rule_v1
microwave,1431098203000000,1431098394000000,191.0,85.31944444444444,rule_v1
microwave,1431106098000000,1431106144000000,46.0,22.69333333333333,rule_v1
microwave,1431154620000000,1431154787000000,167.0,58.825,rule_v1
microwave,1431156210000000,1431156254000000,44.0,21.875833333333333,rule_v1
microwave,1431157032000000,1431157063000000,31.0,17.040555555555557,rule_v1
microwave,1431157209000000,1431157619000000,410.0,163.91194444444446,rule_v1
microwave,1431159683000000,1431159732000000,49.0,23.25722222222222,rule_v1
microwave,1431193157000000,1431193193000000,36.0,18.1375,rule_v1
microwave,1431193277000000,1431193335000000,58.0,28.407777777777778,rule_v1
microwave,1431241527000000,1431241671000000,144.0,46.43944444444444,rule_v1
microwave,1431243572000000,1431243651000000,79.0,38.367777777777775,rule_v1
microwave,1431246481000000,1431246521000000,40.0,17.999444444444446,rule_v1
microwave,1431275151000000,1431275566000000,415.0,173.8125,rule_v1
microwave,1431278857000000,1431278896000000,39.0,20.02611111111111,rule_v1
microwave,1431281324000000,1431281363000000,39.0,19.663611111111113,rule_v1
microwave,1431326724000000,1431326782000000,58.0,29.435,rule_v1
microwave,1431365048000000,1431365079000000,31.0,16.553055555555556,rule_v1
microwave,1431365335000000,1431365381000000,46.0,22.84138888888889,rule_v1
microwave,1431373254000000,1431373658000000,404.0,167.30444444444444,rule_v1
microwave,1431411730000000,1431411896000000,166.0,56.73861111111111,rule_v1
microwave,1431413423000000,1431413461000000,38.0,19.455833333333334,rule_v1
microwave,1431452485000000,1431452571000000,86.0,20.338055555555556,rule_v1
microwave,1431452660000000,1431452691000000,31.0,16.09722222222222,rule_v1
microwave,1431497603000000,1431497755000000,152.0,52.48777777777778,rule_v1
microwave,1431497860000000,1431497905000000,45.0,18.995,rule_v1
microwave,1431499778000000,1431499810000000,32.0,17.32611111111111,rule_v1
microwave,1431538115000000,1431538222000000,107.0,41.28055555555555,rule_v1
microwave,1431544991000000,1431545319000000,328.0,135.53416666666666,rule_v1
microwave,1431545570000000,1431545621000000,51.0,22.753333333333334,rule_v1
microwave,1431569051000000,1431569088000000,37.0,20.376666666666665,rule_v1
microwave,1431588759000000,1431588867000000,108.0,51.41388888888889,rule_v1
microwave,1431623783000000,1431623839000000,56.0,27.520555555555557,rule_v1
microwave,1431625177000000,1431625261000000,84.0,22.274444444444445,rule_v1
microwave,1431631716000000,1431631747000000,31.0,16.4375,rule_v1
microwave,1431633990000000,1431634489000000,499.0,202.54416666666665,rule_v1
microwave,1431669574000000,1431669735000000,161.0,69.50111111111111,rule_v1
microwave,1431673338000000,1431673506000000,168.0,35.280833333333334,rule_v1
microwave,1431677063000000,1431677094000000,31.0,16.561944444444446,rule_v1
microwave,1431711021000000,1431711052000000,31.0,16.305,rule_v1
microwave,1431711265000000,1431711374000000,109.0,24.151666666666667,rule_v1
microwave,1431717147000000,1431717208000000,61.0,14.483888888888888,rule_v1
microwave,1431759427000000,1431759576000000,149.0,52.55,rule_v1
microwave,1431762018000000,1431762061000000,43.0,20.4725,rule_v1
microwave,1431765422000000,1431765462000000,40.0,20.341944444444444,rule_v1
microwave,1431776071000000,1431776565000000,494.0,208.21083333333334,rule_v1
microwave,1431776664000000,1431777451000000,787.0,265.61055555555555,rule_v1
microwave,1431798058000000,1431798114000000,56.0,17.786388888888887,rule_v1
microwave,1431800174000000,1431800213000000,39.0,20.0375,rule_v1
microwave,1431803047000000,1431803085000000,38.0,20.07472222222222,rule_v1
microwave,1431803291000000,1431803363000000,72.0,29.56111111111111,rule_v1
microwave,1431805503000000,1431805553000000,50.0,19.0725,rule_v1
microwave,1431846508000000,1431846698000000,190.0,51.76888888888889,rule_v1
microwave,1431849156000000,1431849192000000,36.0,15.651666666666667,rule_v1
microwave,1431850030000000,1431850428000000,398.0,163.87666666666667,rule_v1
microwave,1431883817000000,1431883854000000,37.0,16.54222222222222,rule_v1
microwave,1431884039000000,1431884124000000,85.0,31.823333333333338,rule_v1
microwave,1431929608000000,1431929729000000,121.0,56.305,rule_v1
microwave,1431929824000000,1431929867000000,43.0,20.944166666666668,rule_v1
microwave,1431964557000000,1431964647000000,90.0,36.34388888888889,rule_v1
microwave,1431964851000000,1431964882000000,31.0,15.757777777777777,rule_v1
microwave,1431969645000000,1431969705000000,60.0,31.111666666666668,rule_v1
microwave,1431975360000000,1431975395000000,35.0,17.773333333333333,rule_v1
microwave,1431980569000000,1431980719000000,150.0,60.24722222222223,rule_v1
microwave,1432018455000000,1432018617000000,162.0,45.425000000000004,rule_v1
microwave,1432023356000000,1432023388000000,32.0,17.852222222222224,rule_v1
microwave,1432056364000000,1432056408000000,44.0,22.088333333333335,rule_v1
microwave,1432057417000000,1432057483000000,66.0,27.76638888888889,rule_v1
microwave,1432102480000000,1432102680000000,200.0,53.340555555555554,rule_v1
microwave,1432104761000000,1432104794000000,33.0,13.955555555555556,rule_v1
microwave,1432138054000000,1432138762000000,708.0,96.41638888888887,rule_v1
microwave,1432143301000000,1432143444000000,143.0,42.00777777777778,rule_v1
microwave,1432148623000000,1432149031000000,408.0,169.6561111111111,rule_v1
microwave,1432190099000000,1432190299000000,200.0,49.69555555555556,rule_v1
microwave,1432195320000000,1432195352000000,32.0,13.831944444444444,rule_v1
microwave,1432228982000000,1432229046000000,64.0,33.55888888888889,rule_v1
microwave,1432229256000000,1432229338000000,82.0,37.579166666666666,rule_v1
microwave,1432277129000000,1432277320000000,191.0,60.443888888888885,rule_v1
microwave,1432279032000000,1432279065000000,33.0,14.959166666666667,rule_v1
microwave,1432315540000000,1432315636000000,96.0,32.289722222222224,rule_v1
microwave,1432315943000000,1432315974000000,31.0,15.851944444444445,rule_v1
microwave,1432320809000000,1432320875000000,66.0,35.05388888888889,rule_v1
microwave,1432321554000000,1432321647000000,93.0,45.72555555555556,rule_v1
microwave,1432323413000000,1432323474000000,61.0,29.12,rule_v1
microwave,1433095327000000,1433095918000000,591.0,210.97500000000002,rule_v1
microwave,1433099030000000,1433099097000000,67.0,30.89638888888889,rule_v1
microwave,1433099364000000,1433099545000000,181.0,64.68083333333334,rule_v1
microwave,1433181160000000,1433181215000000,55.0,27.900277777777777,rule_v1
microwave,1433181305000000,1433181354000000,49.0,23.670555555555556,rule_v1
microwave,1433227651000000,1433227807000000,156.0,51.02611111111111,rule_v1
microwave,1433268175000000,1433268265000000,90.0,31.76388888888889,rule_v1
microwave,1433321811000000,1433321929000000,118.0,38.13444444444444,rule_v1
microwave,1433343988000000,1433344054000000,66.0,32.72361111111111,rule_v1
microwave,1433353000000000,1433353157000000,157.0,50.21694444444444,rule_v1
microwave,1433400267000000,1433400323000000,56.0,22.45777777777778,rule_v1
microwave,1433400744000000,1433400871000000,127.0,31.846944444444446,rule_v1
microwave,1433439264000000,1433439305000000,41.0,22.27777777777778,rule_v1
microwave,1433439454000000,1433439516000000,62.0,29.715833333333332,rule_v1
microwave,1433486890000000,1433487083000000,193.0,43.65083333333333,rule_v1
microwave,1433488868000000,1433488913000000,45.0,22.121666666666666,rule_v1
microwave,1433502343000000,1433502637000000,294.0,127.53166666666667,rule_v1
microwave,1433502710000000,1433503011000000,301.0,117.22305555555556,rule_v1
microwave,1433503142000000,1433503345000000,203.0,76.35111111111111,rule_v1
microwave,1433576191000000,1433576222000000,31.0,17.375555555555554,rule_v1
microwave,1433612494000000,1433612525000000,31.0,16.371666666666666,rule_v1
microwave,1433612739000000,1433612770000000,31.0,17.210833333333333,rule_v1
microwave,1433664147000000,1433664303000000,156.0,56.533055555555556,rule_v1
microwave,1433674087000000,1433674124000000,37.0,10.113333333333333,rule_v1
microwave,1433674229000000,1433674299000000,70.0,19.805833333333332,rule_v1
microwave,1433674365000000,1433674433000000,68.0,22.08888888888889,rule_v1
microwave,1433699316000000,1433699375000000,59.0,28.391111111111112,rule_v1
microwave,1433710576000000,1433710727000000,151.0,43.32694444444445,rule_v1
microwave,1433784108000000,1433784153000000,45.0,23.15972222222222,rule_v1
microwave,1433784251000000,1433784297000000,46.0,23.70888888888889,rule_v1
microwave,1433832585000000,1433832727000000,142.0,32.91638888888889,rule_v1
microwave,1433832791000000,1433832950000000,159.0,31.189444444444444,rule_v1
microwave,1433872724000000,1433872763000000,39.0,20.63888888888889,rule_v1
microwave,1433873195000000,1433873266000000,71.0,18.678333333333335,rule_v1
microwave,1433880787000000,1433880818000000,31.0,13.529166666666667,rule_v1
microwave,1433956031000000,1433956102000000,71.0,23.484444444444442,rule_v1
microwave,1434006616000000,1434006665000000,49.0,25.81138888888889,rule_v1
microwave,1434037759000000,1434037856000000,97.0,47.05972222222222,rule_v1
microwave,1434043366000000,1434043436000000,70.0,33.95027777777778,rule_v1
microwave,1434133439000000,1434133485000000,46.0,22.330277777777777,rule_v1
microwave,1434182803000000,1434182840000000,37.0,19.7525,rule_v1
microwave,1434185578000000,1434185619000000,41.0,18.00638888888889,rule_v1
microwave,1434216735000000,1434216767000000,32.0,16.961944444444445,rule_v1
microwave,1434216844000000,1434216875000000,31.0,16.20111111111111,rule_v1
microwave,1434265488000000,1434265587000000,99.0,25.421111111111113,rule_v1
microwave,1434265690000000,1434265752000000,62.0,18.371944444444445,rule_v1
microwave,1434266821000000,1434266865000000,44.0,17.490000000000002,rule_v1
microwave,1434281978000000,1434282270000000,292.0,126.31805555555556,rule_v1
microwave,1434282358000000,1434282617000000,259.0,102.9811111111111,rule_v1
microwave,1434282770000000,1434282862000000,92.0,37.105,rule_v1
microwave,1434300199000000,1434300248000000,49.0,24.435,rule_v1
microwave,1434303041000000,1434303086000000,45.0,20.376666666666665,rule_v1
microwave,1434303505000000,1434303544000000,39.0,20.838055555555556,rule_v1
microwave,1434351661000000,1434351924000000,263.0,56.215,rule_v1
microwave,1434353217000000,1434353267000000,50.0,10.2225,rule_v1
microwave,1434354657000000,1434354870000000,213.0,59.67888888888889,rule_v1
microwave,1434359684000000,1434359716000000,32.0,17.694166666666668,rule_v1
microwave,1434368435000000,1434368991000000,556.0,224.1938888888889,rule_v1
microwave,1434388740000000,1434388779000000,39.0,19.719166666666666,rule_v1
microwave,1434389256000000,1434389309000000,53.0,25.954444444444444,rule_v1
microwave,1434435802000000,1434436197000000,395.0,119.13138888888889,rule_v1
microwave,1434438421000000,1434438454000000,33.0,11.054722222222223,rule_v1
microwave,1434475863000000,1434475974000000,111.0,43.37138888888889,rule_v1
microwave,1434520720000000,1434520873000000,153.0,51.893055555555556,rule_v1
microwave,1434523601000000,1434523678000000,77.0,12.71638888888889,rule_v1
microwave,1434562034000000,1434562070000000,36.0,11.813333333333333,rule_v1
microwave,1434562274000000,1434562331000000,57.0,12.106666666666667,rule_v1
microwave,1434609492000000,1434609743000000,251.0,71.6288888888889,rule_v1
microwave,1434611045000000,1434611106000000,61.0,14.419999999999998,rule_v1
microwave,1434648870000000,1434648907000000,37.0,19.1025,rule_v1
microwave,1434654701000000,1434654733000000,32.0,14.244166666666665,rule_v1
microwave,1434696691000000,1434696749000000,58.0,18.156944444444445,rule_v1
microwave,1434712836000000,1434713631000000,795.0,299.50611111111107,rule_v1
microwave,1434713729000000,1434714021000000,292.0,101.455,rule_v1
microwave,1434716483000000,1434716521000000,38.0,19.14527777777778,rule_v1
microwave,1434734561000000,1434734647000000,86.0,16.28333333333333,rule_v1
microwave,1434737093000000,1434737170000000,77.0,23.313888888888886,rule_v1
microwave,1434781453000000,1434781543000000,90.0,45.08416666666667,rule_v1
microwave,1434781691000000,1434781748000000,57.0,19.569444444444443,rule_v1
microwave,1434786662000000,1434786696000000,34.0,11.510833333333334,rule_v1
microwave,1434804652000000,1434804745000000,93.0,43.68138888888889,rule_v1
microwave,1434826000000000,1434826037000000,37.0,19.134166666666665,rule_v1
microwave,1434830644000000,1434830686000000,42.0,20.774722222222223,rule_v1
microwave,1434872408000000,1434872515000000,107.0,28.576666666666668,rule_v1
microwave,1434874937000000,1434875005000000,68.0,20.192222222222224,rule_v1
microwave,1434909132000000,1434909333000000,201.0,38.581111111111106,rule_v1
microwave,1434911697000000,1434911784000000,87.0,36.963055555555556,rule_v1
microwave,1434956928000000,1434956993000000,65.0,10.31388888888889,rule_v1
microwave,1434991696000000,1434991763000000,67.0,20.22138888888889,rule_v1
microwave,1434993459000000,1434993591000000,132.0,45.43805555555556,rule_v1
microwave,1434994409000000,1434994468000000,59.0,27.90388888888889,rule_v1
microwave,1435041326000000,1435041531000000,205.0,64.29,rule_v1
microwave,1435044226000000,1435044260000000,34.0,10.28361111111111,rule_v1
microwave,1435079265000000,1435079310000000,45.0,22.54861111111111,rule_v1
microwave,1435080303000000,1435080379000000,76.0,26.683055555555555,rule_v1
microwave,1435128598000000,1435128760000000,162.0,44.79416666666667,rule_v1
microwave,1435129949000000,1435129999000000,50.0,11.462777777777777,rule_v1
microwave,1435166249000000,1435166317000000,68.0,14.865,rule_v1
microwave,1435167244000000,1435167330000000,86.0,23.368333333333332,rule_v1
microwave,1435213645000000,1435213836000000,191.0,35.40555555555555,rule_v1
microwave,1435214931000000,1435214994000000,63.0,20.544999999999998,rule_v1
microwave,1435246782000000,1435247175000000,393.0,171.33277777777778,rule_v1
microwave,1435247316000000,1435247676000000,360.0,138.6888888888889,rule_v1
microwave,1435247910000000,1435248252000000,342.0,127.14027777777778,rule_v1
microwave,1435253584000000,1435253634000000,50.0,24.58972222222222,rule_v1
microwave,1435300882000000,1435300928000000,46.0,13.785833333333333,rule_v1
microwave,1435332523000000,1435332573000000,50.0,20.996111111111112,rule_v1
microwave,1435340039000000,1435340084000000,45.0,22.805,rule_v1
microwave,1435340155000000,1435340219000000,64.0,31.403055555555557,rule_v1
microwave,1435398266000000,1435398338000000,72.0,19.92888888888889,rule_v1
microwave,1435425111000000,1435425171000000,60.0,13.043333333333333,rule_v1
microwave,1435426458000000,1435426557000000,99.0,25.625555555555557,rule_v1
microwave,1435472280000000,1435472392000000,112.0,26.885,rule_v1
microwave,1435472658000000,1435472747000000,89.0,20.319166666666668,rule_v1
microwave,1435478009000000,1435478044000000,35.0,11.661111111111111,rule_v1
microwave,1435513888000000,1435513946000000,58.0,28.34888888888889,rule_v1
microwave,1435560285000000,1435560321000000,36.0,19.711111111111112,rule_v1
microwave,1435588599000000,1435588841000000,242.0,108.76611111111112,rule_v1
microwave,1435598554000000,1435598688000000,134.0,40.089166666666664,rule_v1
microwave,1435610440000000,1435610484000000,44.0,15.9375,rule_v1
microwave,1435645011000000,1435645235000000,224.0,58.50333333333334,rule_v1
microwave,1435687791000000,1435687826000000,35.0,17.651944444444446,rule_v1
microwave,1435687892000000,1435687941000000,49.0,23.36111111111111,rule_v1
microwave,1435729431000000,1435729526000000,95.0,44.88166666666667,rule_v1
microwave,1435729590000000,1435729637000000,47.0,17.2175,rule_v1
microwave,1435732323000000,1435732356000000,33.0,14.366388888888888,rule_v1
microwave,1435780919000000,1435780958000000,39.0,19.785555555555554,rule_v1
microwave,1435817000000000,1435817105000000,105.0,23.26888888888889,rule_v1
microwave,1435819533000000,1435819565000000,32.0,17.5175,rule_v1
microwave,1435857234000000,1435857294000000,60.0,23.841666666666665,rule_v1
microwave,1435864461000000,1435864492000000,31.0,16.58972222222222,rule_v1
microwave,1435904323000000,1435904472000000,149.0,32.14833333333333,rule_v1
microwave,1435904670000000,1435904740000000,70.0,21.246666666666666,rule_v1
microwave,1435907071000000,1435907118000000,47.0,13.410833333333333,rule_v1
microwave,1435943473000000,1435943592000000,119.0,35.488888888888894,rule_v1
microwave,1435992088000000,1435992155000000,67.0,35.532222222222224,rule_v1
microwave,1435992264000000,1435992329000000,65.0,23.648611111111112,rule_v1
microwave,1435994562000000,1435994595000000,33.0,16.286666666666665,rule_v1
microwave,1436031718000000,1436031762000000,44.0,25.441666666666666,rule_v1
microwave,1436079844000000,1436079935000000,91.0,43.58611111111111,rule_v1
microwave,1436080055000000,1436080123000000,68.0,34.72138888888889,rule_v1
microwave,1436082594000000,1436082637000000,43.0,23.415555555555557,rule_v1
microwave,1436111608000000,1436111706000000,98.0,22.73166666666667,rule_v1
microwave,1436115453000000,1436115532000000,79.0,14.706944444444446,rule_v1
microwave,1436117587000000,1436117618000000,31.0,16.756944444444443,rule_v1
microwave,1436124832000000,1436124872000000,40.0,19.841944444444444,rule_v1
microwave,1436161945000000,1436162197000000,252.0,71.83,rule_v1
microwave,1436203621000000,1436203660000000,39.0,20.521944444444443,rule_v1
microwave,1436203754000000,1436203791000000,37.0,18.48361111111111,rule_v1
microwave,1436217933000000,1436218035000000,102.0,23.706944444444446,rule_v1
microwave,1436252994000000,1436253070000000,76.0,20.003611111111113,rule_v1
microwave,1436284499000000,1436284538000000,39.0,15.580555555555556,rule_v1
microwave,1436288875000000,1436288969000000,94.0,19.36611111111111,rule_v1
microwave,1436289472000000,1436289527000000,55.0,10.615,rule_v1
microwave,1436290619000000,1436290656000000,37.0,11.06388888888889,rule_v1
microwave,1436292801000000,1436292847000000,46.0,9.15638888888889,rule_v1
microwave,1436300650000000,1436300688000000,38.0,13.982222222222223,rule_v1
microwave,1436334261000000,1436334533000000,272.0,92.53777777777778,rule_v1
microwave,1436336665000000,1436336786000000,121.0,24.734444444444446,rule_v1
microwave,1436336850000000,1436336887000000,37.0,8.715555555555556,rule_v1
microwave,1436338521000000,1436338563000000,42.0,12.320277777777779,rule_v1
microwave,1436422646000000,1436422808000000,162.0,63.08777777777778,rule_v1
microwave,1436424061000000,1436424106000000,45.0,20.346111111111114,rule_v1
microwave,1436463652000000,1436463737000000,85.0,34.01611111111111,rule_v1
microwave,1436509508000000,1436509561000000,53.0,27.635555555555555,rule_v1
microwave,1436509695000000,1436509746000000,51.0,25.134166666666665,rule_v1
microwave,1436512282000000,1436512319000000,37.0,19.13222222222222,rule_v1
microwave,1436542560000000,1436542892000000,332.0,37.92916666666667,rule_v1
microwave,1436543045000000,1436543376000000,331.0,46.59527777777778,rule_v1
microwave,1436543477000000,1436543631000000,154.0,50.29833333333333,rule_v1
microwave,1436548186000000,1436548226000000,40.0,22.008055555555554,rule_v1
microwave,1436549211000000,1436549248000000,37.0,18.4725,rule_v1
microwave,1436555229000000,1436555322000000,93.0,31.109444444444446,rule_v1
microwave,1436595287000000,1436595379000000,92.0,44.10305555555556,rule_v1
microwave,1436639310000000,1436639424000000,114.0,44.79694444444445,rule_v1
microwave,1436684380000000,1436684531000000,151.0,59.76861111111111,rule_v1
microwave,1436688440000000,1436688480000000,40.0,20.341944444444444,rule_v1
microwave,1436721763000000,1436721822000000,59.0,17.429444444444446,rule_v1
microwave,1436721942000000,1436721980000000,38.0,19.063333333333333,rule_v1
microwave,1436728356000000,1436728412000000,56.0,24.88388888888889,rule_v1
microwave,1436769271000000,1436769487000000,216.0,65.64111111111112,rule_v1
microwave,1436786905000000,1436786990000000,85.0,37.84916666666667,rule_v1
microwave,1436808928000000,1436808972000000,44.0,22.3025,rule_v1
microwave,1436861159000000,1436861199000000,40.0,17.38361111111111,rule_v1
microwave,1436896142000000,1436896247000000,105.0,40.891111111111115,rule_v1
microwave,1436941645000000,1436941772000000,127.0,31.892500000000002,rule_v1
microwave,1436941868000000,1436941936000000,68.0,21.004166666666666,rule_v1
microwave,1436943920000000,1436943965000000,45.0,11.01,rule_v1
microwave,1436959559000000,1436959610000000,51.0,23.110555555555557,rule_v1
microwave,1436978146000000,1436978566000000,420.0,38.60611111111111,rule_v1
microwave,1436978655000000,1436978762000000,107.0,38.755,rule_v1
microwave,1436981551000000,1436981610000000,59.0,25.111944444444443,rule_v1
microwave,1437027101000000,1437027177000000,76.0,36.71861111111111,rule_v1
microwave,1437061536000000,1437061622000000,86.0,41.043055555555554,rule_v1
microwave,1437068468000000,1437068533000000,65.0,27.60666666666667,rule_v1
microwave,1437077396000000,1437077858000000,462.0,58.29611111111112,rule_v1
microwave,1437078405000000,1437078490000000,85.0,38.801944444444445,rule_v1
microwave,1437114671000000,1437114898000000,227.0,55.51611111111111,rule_v1
microwave,1437152796000000,1437152849000000,53.0,26.21388888888889,rule_v1
microwave,1437154022000000,1437154063000000,41.0,17.943055555555556,rule_v1
microwave,1437158382000000,1437158459000000,77.0,35.7675,rule_v1
microwave,1437158631000000,1437158664000000,33.0,17.789166666666667,rule_v1
microwave,1437200860000000,1437200989000000,129.0,31.86583333333333,rule_v1
microwave,1437201051000000,1437201110000000,59.0,16.061666666666667,rule_v1
microwave,1437201248000000,1437201401000000,153.0,30.018611111111113,rule_v1
microwave,1437202299000000,1437202354000000,55.0,8.417777777777777,rule_v1
microwave,1437241819000000,1437241890000000,71.0,30.580277777777777,rule_v1
microwave,1437249878000000,1437249930000000,52.0,16.287222222222223,rule_v1
microwave,1437287143000000,1437287234000000,91.0,43.17027777777778,rule_v1
microwave,1437287525000000,1437287688000000,163.0,55.281666666666666,rule_v1
microwave,1437287754000000,1437287791000000,37.0,12.475833333333334,rule_v1
microwave,1437295553000000,1437295592000000,39.0,20.795555555555556,rule_v1
microwave,1437326120000000,1437326177000000,57.0,27.809722222222224,rule_v1
microwave,1437326340000000,1437326394000000,54.0,12.186944444444444,rule_v1
microwave,1437330998000000,1437331653000000,655.0,245.97444444444443,rule_v1
microwave,1437331751000000,1437331972000000,221.0,80.42888888888889,rule_v1
microwave,1437373706000000,1437373834000000,128.0,34.65416666666667,rule_v1
microwave,1437374101000000,1437374216000000,115.0,25.75777777777778,rule_v1
microwave,1437406654000000,1437406685000000,31.0,17.789444444444445,rule_v1
microwave,1437413196000000,1437413228000000,32.0,16.936666666666667,rule_v1
microwave,1437500431000000,1437500476000000,45.0,23.763055555555557,rule_v1
microwave,1437506079000000,1437506124000000,45.0,22.791666666666668,rule_v1
microwave,1437545561000000,1437545798000000,237.0,60.22944444444445,rule_v1
microwave,1437545887000000,1437546074000000,187.0,44.14333333333334,rule_v1
microwave,1437546469000000,1437546713000000,244.0,49.88861111111112,rule_v1
microwave,1437548304000000,1437548364000000,60.0,28.955555555555556,rule_v1
microwave,1437586024000000,1437586064000000,40.0,20.990555555555556,rule_v1
microwave,1437633504000000,1437633749000000,245.0,48.320277777777775,rule_v1
microwave,1437633874000000,1437633970000000,96.0,23.35527777777778,rule_v1
microwave,1437634745000000,1437634816000000,71.0,19.744722222222222,rule_v1
microwave,1437667355000000,1437667469000000,114.0,42.86472222222222,rule_v1
microwave,1437673928000000,1437674005000000,77.0,27.092777777777776,rule_v1
microwave,1438414272000000,1438414304000000,32.0,17.065277777777776,rule_v1
microwave,1438450647000000,1438450696000000,49.0,25.444444444444443,rule_v1
microwave,1438454573000000,1438454630000000,57.0,27.083055555555557,rule_v1
microwave,1438457344000000,1438457376000000,32.0,17.696944444444444,rule_v1
microwave,1438536597000000,1438536635000000,38.0,20.333055555555557,rule_v1
microwave,1438587455000000,1438587486000000,31.0,17.56277777777778,rule_v1
microwave,1438597477000000,1438597623000000,146.0,33.91361111111111,rule_v1
microwave,1438623872000000,1438623996000000,124.0,38.14416666666666,rule_v1
microwave,1438627607000000,1438627675000000,68.0,28.01916666666667,rule_v1
microwave,1438704835000000,1438704867000000,32.0,8.43138888888889,rule_v1
microwave,1438706660000000,1438706698000000,38.0,21.545277777777777,rule_v1
microwave,1438709605000000,1438709636000000,31.0,16.053333333333335,rule_v1
microwave,1438790528000000,1438790869000000,341.0,45.54833333333333,rule_v1
microwave,1438790955000000,1438791194000000,239.0,27.541944444444447,rule_v1
microwave,1438794726000000,1438794786000000,60.0,29.046944444444446,rule_v1
microwave,1438796343000000,1438796380000000,37.0,19.961944444444445,rule_v1
microwave,1438846493000000,1438846531000000,38.0,19.753333333333334,rule_v1
microwave,1438883094000000,1438883145000000,51.0,25.01527777777778,rule_v1
microwave,1438966738000000,1438966783000000,45.0,20.724444444444444,rule_v1
microwave,1438969624000000,1438969669000000,45.0,22.616944444444446,rule_v1
microwave,1439365030000000,1439365429000000,399.0,60.37638888888889,rule_v1
microwave,1439366678000000,1439366893000000,215.0,28.87666666666667,rule_v1
microwave,1439397180000000,1439397227000000,47.0,23.704166666666666,rule_v1
microwave,1439400541000000,1439400604000000,63.0,31.463055555555556,rule_v1
microwave,1439405137000000,1439405216000000,79.0,35.32833333333333,rule_v1
microwave,1439452965000000,1439452997000000,32.0,20.235277777777778,rule_v1
microwave,1439487047000000,1439487155000000,108.0,37.85388888888889,rule_v1
microwave,1439538588000000,1439538826000000,238.0,52.44166666666666,rule_v1
microwave,1439542788000000,1439542840000000,52.0,24.396944444444443,rule_v1
microwave,1439566659000000,1439567268000000,609.0,236.87861111111113,rule_v1
microwave,1439573281000000,1439573335000000,54.0,26.260555555555555,rule_v1
microwave,1439578047000000,1439578093000000,46.0,19.826666666666668,rule_v1
microwave,1439660560000000,1439660601000000,41.0,23.32472222222222,rule_v1
microwave,1439745214000000,1439745261000000,47.0,23.546944444444442,rule_v1
microwave,1439747665000000,1439747715000000,50.0,22.374722222222225,rule_v1
microwave,1439750956000000,1439751006000000,50.0,22.071666666666665,rule_v1
microwave,1439832782000000,1439832842000000,60.0,25.088611111111113,rule_v1
microwave,1439882620000000,1439882660000000,40.0,18.424722222222222,rule_v1
microwave,1439915234000000,1439915493000000,259.0,80.79277777777779,rule_v1
microwave,1439918415000000,1439918452000000,37.0,13.267777777777777,rule_v1
microwave,1439919080000000,1439919120000000,40.0,19.42222222222222,rule_v1
microwave,1439922202000000,1439922236000000,34.0,17.466944444444444,rule_v1
microwave,1439925587000000,1439925633000000,46.0,19.905555555555555,rule_v1
microwave,1440436372000000,1440436408000000,36.0,19.055,rule_v1
microwave,1440437671000000,1440437771000000,100.0,38.03527777777778,rule_v1
microwave,1440485534000000,1440485566000000,32.0,18.096944444444443,rule_v1
microwave,1440523898000000,1440523957000000,59.0,28.808055555555555,rule_v1
microwave,1440571589000000,1440571706000000,117.0,47.504444444444445,rule_v1
microwave,1440602318000000,1440602365000000,47.0,24.575277777777778,rule_v1
microwave,1440604169000000,1440604230000000,61.0,30.12361111111111,rule_v1
microwave,1440610240000000,1440610334000000,94.0,30.19,rule_v1
microwave,1440663888000000,1440664022000000,134.0,54.107499999999995,rule_v1
microwave,1440669172000000,1440669206000000,34.0,15.198611111111111,rule_v1
microwave,1440678989000000,1440679022000000,33.0,17.376944444444444,rule_v1
microwave,1440697811000000,1440697849000000,38.0,18.776666666666667,rule_v1
microwave,1440762598000000,1440762892000000,294.0,127.35472222222222,rule_v1
microwave,1440780637000000,1440780677000000,40.0,22.044166666666666,rule_v1
microwave,1440783034000000,1440783098000000,64.0,32.69777777777778,rule_v1
microwave,1440837802000000,1440837856000000,54.0,27.56222222222222,rule_v1
microwave,1440869477000000,1440869508000000,31.0,17.24277777777778,rule_v1
microwave,1440869585000000,1440869629000000,44.0,22.6375,rule_v1
microwave,1440917505000000,1440917691000000,186.0,68.72333333333333,rule_v1
microwave,1440955698000000,1440955744000000,46.0,22.93,rule_v1
microwave,1440959260000000,1440959308000000,48.0,23.362222222222222,rule_v1
microwave,1441007955000000,1441008031000000,76.0,17.979444444444447,rule_v1
microwave,1441041585000000,1441041634000000,49.0,25.967777777777776,rule_v1
microwave,1441041698000000,1441041730000000,32.0,16.496111111111112,rule_v1
microwave,1441046970000000,1441047036000000,66.0,27.032777777777774,rule_v1
microwave,1441095908000000,1441095940000000,32.0,14.354722222222222,rule_v1
microwave,1441128683000000,1441128727000000,44.0,22.231944444444444,rule_v1
microwave,1441179072000000,1441179113000000,41.0,18.399722222222223,rule_v1
microwave,1441190573000000,1441191004000000,431.0,48.76166666666667,rule_v1
microwave,1441214561000000,1441214644000000,83.0,33.750277777777775,rule_v1
microwave,1441215370000000,1441215402000000,32.0,12.11138888888889,rule_v1
microwave,1441299401000000,1441299453000000,52.0,12.790277777777778,rule_v1
microwave,1441299718000000,1441299854000000,136.0,59.235,rule_v1
microwave,1441301283000000,1441301341000000,58.0,28.113333333333333,rule_v1
microwave,1441301720000000,1441301792000000,72.0,24.593333333333334,rule_v1
microwave,1441384397000000,1441384462000000,65.0,28.198888888888888,rule_v1
microwave,1441389204000000,1441389251000000,47.0,23.645555555555557,rule_v1
microwave,1441438958000000,1441439021000000,63.0,30.947777777777777,rule_v1
microwave,1441439149000000,1441439207000000,58.0,28.914166666666667,rule_v1
microwave,1441440980000000,1441441059000000,79.0,20.935000000000002,rule_v1
microwave,1441442865000000,1441442898000000,33.0,18.473333333333333,rule_v1
microwave,1441475961000000,1441476000000000,39.0,20.569444444444443,rule_v1
microwave,1441476121000000,1441476178000000,57.0,27.54388888888889,rule_v1
microwave,1441545614000000,1441545741000000,127.0,51.74027777777778,rule_v1
microwave,1441560734000000,1441560831000000,97.0,36.53055555555555,rule_v1
microwave,1441565784000000,1441565859000000,75.0,31.931944444444444,rule_v1
microwave,1441645793000000,1441645832000000,39.0,21.05,rule_v1
microwave,1441646576000000,1441646628000000,52.0,23.869166666666665,rule_v1
microwave,1441647086000000,1441647164000000,78.0,28.024166666666666,rule_v1
microwave,1441695495000000,1441695641000000,146.0,59.486111111111114,rule_v1
microwave,1441697284000000,1441697321000000,37.0,14.63361111111111,rule_v1
microwave,1441734108000000,1441734220000000,112.0,45.476388888888884,rule_v1
microwave,1441782389000000,1441782599000000,210.0,48.83138888888889,rule_v1
microwave,1441782866000000,1441782993000000,127.0,30.183888888888887,rule_v1
microwave,1441818871000000,1441818915000000,44.0,22.414722222222224,rule_v1
microwave,1441819209000000,1441819253000000,44.0,22.484166666666667,rule_v1
microwave,1441825335000000,1441825398000000,63.0,33.4175,rule_v1
microwave,1441869505000000,1441869543000000,38.0,19.105,rule_v1
microwave,1441905222000000,1441905341000000,119.0,39.16555555555556,rule_v1
microwave,1441984219000000,1441984652000000,433.0,51.63944444444444,rule_v1
microwave,1441985540000000,1441986245000000,705.0,108.82694444444445,rule_v1
microwave,1441988150000000,1441988185000000,35.0,18.118055555555557,rule_v1
microwave,1441992492000000,1441992535000000,43.0,20.455,rule_v1
microwave,1441997270000000,1441997373000000,103.0,29.89,rule_v1
microwave,1442001505000000,1442001536000000,31.0,14.633611111111112,rule_v1
microwave,1442077840000000,1442077890000000,50.0,16.357777777777777,rule_v1
microwave,1442079984000000,1442080032000000,48.0,23.622222222222224,rule_v1
microwave,1442128785000000,1442128819000000,34.0,18.02138888888889,rule_v1
microwave,1442165359000000,1442165516000000,157.0,54.78555555555556,rule_v1
microwave,1442214710000000,1442214742000000,32.0,17.094722222222224,rule_v1
microwave,1442248718000000,1442248758000000,40.0,17.445,rule_v1
microwave,1442252006000000,1442252069000000,63.0,27.19861111111111,rule_v1
microwave,1442300783000000,1442300823000000,40.0,21.034166666666668,rule_v1
microwave,1442337912000000,1442338039000000,127.0,42.818333333333335,rule_v1
microwave,1442344970000000,1442345043000000,73.0,35.605555555555554,rule_v1
microwave,1442384891000000,1442385171000000,280.0,83.5013888888889,rule_v1
microwave,1442386983000000,1442387017000000,34.0,17.273888888888887,rule_v1
microwave,1442422138000000,1442422209000000,71.0,26.30472222222222,rule_v1
microwave,1442424558000000,1442424628000000,70.0,32.86666666666667,rule_v1
microwave,1442429256000000,1442429296000000,40.0,20.297777777777778,rule_v1
microwave,1442429436000000,1442429474000000,38.0,20.481944444444444,rule_v1
microwave,1442474113000000,1442474151000000,38.0,17.1225,rule_v1
microwave,1442488692000000,1442489533000000,841.0,328.1661111111111,rule_v1
microwave,1442489838000000,1442490001000000,163.0,62.48277777777778,rule_v1
microwave,1442509347000000,1442509444000000,97.0,37.30833333333334,rule_v1
microwave,1442510273000000,1442510314000000,41.0,21.333055555555557,rule_v1
microwave,1442511914000000,1442512116000000,202.0,63.37527777777778,rule_v1
microwave,1442560745000000,1442560789000000,44.0,19.498055555555556,rule_v1
microwave,1442593998000000,1442594066000000,68.0,28.4,rule_v1
microwave,1442597974000000,1442598015000000,41.0,20.34611111111111,rule_v1
microwave,1442646700000000,1442647011000000,311.0,88.92361111111111,rule_v1
microwave,1442679000000000,1442679205000000,205.0,42.91916666666667,rule_v1
microwave,1442683958000000,1442684054000000,96.0,37.614999999999995,rule_v1
microwave,1442733072000000,1442733104000000,32.0,17.226111111111113,rule_v1
microwave,1442755035000000,1442755083000000,48.0,24.293055555555554,rule_v1
microwave,1442755269000000,1442755329000000,60.0,26.11,rule_v1
microwave,1442769933000000,1442769974000000,41.0,18.53361111111111,rule_v1
microwave,1442770070000000,1442770118000000,48.0,24.27638888888889,rule_v1
microwave,1442774297000000,1442774358000000,61.0,23.5175,rule_v1
microwave,1442776916000000,1442776978000000,62.0,15.750833333333333,rule_v1
microwave,1442817464000000,1442817559000000,95.0,45.58277777777778,rule_v1
microwave,1442817695000000,1442817728000000,33.0,16.823888888888888,rule_v1
microwave,1442819595000000,1442819636000000,41.0,18.994999999999997,rule_v1
microwave,1442833178000000,1442833228000000,50.0,24.646944444444443,rule_v1
microwave,1442852985000000,1442853022000000,37.0,19.75611111111111,rule_v1
microwave,1442857221000000,1442857275000000,54.0,22.54,rule_v1
microwave,1442864212000000,1442864269000000,57.0,25.569166666666668,rule_v1
microwave,1442904054000000,1442904312000000,258.0,81.63805555555555,rule_v1
microwave,1442906410000000,1442906466000000,56.0,24.460277777777776,rule_v1
microwave,1442925592000000,1442925781000000,189.0,76.96527777777777,rule_v1
microwave,1442941921000000,1442942152000000,231.0,75.7511111111111,rule_v1
microwave,1442942731000000,1442942789000000,58.0,20.308333333333334,rule_v1
microwave,1442988983000000,1442989187000000,204.0,75.02722222222222,rule_v1
microwave,1443005819000000,1443006224000000,405.0,173.7488888888889,rule_v1
microwave,1443006365000000,1443007086000000,721.0,264.5886111111111,rule_v1
microwave,1443007181000000,1443007778000000,597.0,207.1447222222222,rule_v1
microwave,1443010336000000,1443010443000000,107.0,27.714444444444446,rule_v1
microwave,1443029751000000,1443029825000000,74.0,27.212222222222223,rule_v1
microwave,1443036177000000,1443036208000000,31.0,15.232222222222223,rule_v1
microwave,1443079553000000,1443079599000000,46.0,24.253055555555555,rule_v1
microwave,1443114466000000,1443114497000000,31.0,16.024722222222223,rule_v1
microwave,1443115745000000,1443115785000000,40.0,21.52111111111111,rule_v1
microwave,1443116418000000,1443116465000000,47.0,23.033333333333335,rule_v1
microwave,1443165672000000,1443165710000000,38.0,16.89861111111111,rule_v1
microwave,1443203227000000,1443203350000000,123.0,40.92666666666666,rule_v1
microwave,1443284611000000,1443284716000000,105.0,18.386944444444445,rule_v1
microwave,1443284777000000,1443285450000000,673.0,73.21166666666664,rule_v1
microwave,1443285514000000,1443285823000000,309.0,88.41083333333333,rule_v1
microwave,1443287892000000,1443287941000000,49.0,20.546944444444446,rule_v1
microwave,1443288532000000,1443288575000000,43.0,21.615833333333335,rule_v1
microwave,1443292107000000,1443292173000000,66.0,31.437222222222225,rule_v1
microwave,1443336428000000,1443336584000000,156.0,71.63027777777778,rule_v1
microwave,1443336657000000,1443336688000000,31.0,16.849166666666665,rule_v1
microwave,1443342645000000,1443342683000000,38.0,19.858055555555556,rule_v1
microwave,1443343403000000,1443343443000000,40.0,20.120833333333334,rule_v1
microwave,1443374361000000,1443374491000000,130.0,43.57388888888889,rule_v1
microwave,1443421673000000,1443421906000000,233.0,83.20888888888888,rule_v1
microwave,1443422063000000,1443422101000000,38.0,13.466111111111111,rule_v1
microwave,1443423298000000,1443423357000000,59.0,16.521388888888886,rule_v1
microwave,1443439295000000,1443439389000000,94.0,34.24194444444444,rule_v1
microwave,1443457900000000,1443457952000000,52.0,16.611666666666665,rule_v1
microwave,1443509015000000,1443509173000000,158.0,52.57472222222222,rule_v1
microwave,1443509606000000,1443509649000000,43.0,21.34027777777778,rule_v1
microwave,1443509803000000,1443509835000000,32.0,15.517222222222221,rule_v1
microwave,1443510912000000,1443510956000000,44.0,21.60472222222222,rule_v1
microwave,1443547456000000,1443547495000000,39.0,20.476944444444445,rule_v1
microwave,1443595611000000,1443595731000000,120.0,38.905,rule_v1
microwave,1443595796000000,1443595841000000,45.0,16.471944444444443,rule_v1
microwave,1443597309000000,1443597362000000,53.0,19.225,rule_v1
microwave,1443597594000000,1443597645000000,51.0,18.770555555555553,rule_v1
microwave,1443631775000000,1443631847000000,72.0,25.968055555555555,rule_v1
microwave,1443682511000000,1443682744000000,233.0,61.407500000000006,rule_v1
microwave,1443684441000000,1443684497000000,56.0,24.437777777777775,rule_v1
microwave,1443720254000000,1443720315000000,61.0,22.880555555555556,rule_v1
microwave,1443725279000000,1443725310000000,31.0,17.19527777777778,rule_v1
microwave,1443769154000000,1443769402000000,248.0,75.30638888888889,rule_v1
microwave,1443770652000000,1443770714000000,62.0,22.41,rule_v1
microwave,1443782867000000,1443783149000000,282.0,82.92777777777778,rule_v1
microwave,1443786399000000,1443786453000000,54.0,17.583055555555557,rule_v1
microwave,1443803268000000,1443803340000000,72.0,21.020555555555553,rule_v1
microwave,1443814130000000,1443814232000000,102.0,43.202777777777776,rule_v1
microwave,1443854980000000,1443855148000000,168.0,42.6375,rule_v1
microwave,1443859114000000,1443859176000000,62.0,20.232777777777777,rule_v1
microwave,1443861804000000,1443861842000000,38.0,16.662222222222223,rule_v1
microwave,1443894660000000,1443894697000000,37.0,20.95,rule_v1
microwave,1443942892000000,1443943138000000,246.0,55.93277777777777,rule_v1
microwave,1443943219000000,1443943261000000,42.0,13.955555555555556,rule_v1
microwave,1443945088000000,1443945127000000,39.0,15.430555555555554,rule_v1
microwave,1443958633000000,1443958728000000,95.0,29.468611111111112,rule_v1
microwave,1443958809000000,1443958891000000,82.0,13.409166666666668,rule_v1
microwave,1443959200000000,1443959260000000,60.0,17.37166666666667,rule_v1
microwave,1443980125000000,1443980182000000,57.0,16.61861111111111,rule_v1
microwave,1443985551000000,1443985660000000,109.0,30.115833333333335,rule_v1
microwave,1444029437000000,1444029482000000,45.0,17.528333333333332,rule_v1
microwave,1444045075000000,1444045141000000,66.0,23.27583333333333,rule_v1
microwave,1444064819000000,1444064890000000,71.0,34.43666666666667,rule_v1
microwave,1444065012000000,1444065067000000,55.0,26.67,rule_v1
microwave,1444066187000000,1444066233000000,46.0,19.908333333333335,rule_v1
microwave,1444113956000000,1444114169000000,213.0,61.227777777777774,rule_v1
microwave,1444115774000000,1444115805000000,31.0,13.598888888888888,rule_v1
microwave,1444151889000000,1444151921000000,32.0,17.613055555555555,rule_v1
microwave,1444202200000000,1444202259000000,59.0,21.464444444444446,rule_v1
microwave,1444217987000000,1444218020000000,33.0,17.288888888888888,rule_v1
microwave,1444219043000000,1444219118000000,75.0,32.823055555555555,rule_v1
microwave,1444230700000000,1444231633000000,933.0,370.7838888888889,rule_v1
microwave,1444231771000000,1444231924000000,153.0,56.90777777777778,rule_v1
microwave,1444238333000000,1444238364000000,31.0,16.322222222222223,rule_v1
microwave,1444286798000000,1444286962000000,164.0,56.47611111111111,rule_v1
microwave,1444287036000000,1444287070000000,34.0,14.467777777777776,rule_v1
microwave,1444288037000000,1444288092000000,55.0,16.153055555555554,rule_v1
microwave,1444305051000000,1444305392000000,341.0,99.03444444444443,rule_v1
microwave,1444306220000000,1444306306000000,86.0,27.818888888888885,rule_v1
microwave,1444322457000000,1444322511000000,54.0,26.996944444444445,rule_v1
microwave,1444330146000000,1444330205000000,59.0,29.716944444444444,rule_v1
microwave,1444373494000000,1444373679000000,185.0,66.87972222222221,rule_v1
microwave,1444373817000000,1444373869000000,52.0,19.625277777777775,rule_v1
microwave,1444388131000000,1444388274000000,143.0,53.07194444444444,rule_v1
microwave,1444407598000000,1444407635000000,37.0,18.025,rule_v1
microwave,1444633211000000,1444633381000000,170.0,51.71888888888889,rule_v1
microwave,1444633494000000,1444633576000000,82.0,16.328333333333333,rule_v1
microwave,1444634666000000,1444634707000000,41.0,18.517222222222223,rule_v1
microwave,1444650636000000,1444650842000000,206.0,87.08222222222221,rule_v1
microwave,1444651713000000,1444651872000000,159.0,40.26638888888888,rule_v1
microwave,1444665445000000,1444665522000000,77.0,31.460555555555555,rule_v1
microwave,1444669226000000,1444669269000000,43.0,21.8525,rule_v1
microwave,1444671137000000,1444671177000000,40.0,21.33222222222222,rule_v1
microwave,1444720883000000,1444720937000000,54.0,27.365833333333335,rule_v1
microwave,1444757476000000,1444757528000000,52.0,24.10361111111111,rule_v1
microwave,1444805527000000,1444805799000000,272.0,70.94444444444444,rule_v1
microwave,1444807060000000,1444807099000000,39.0,17.351666666666667,rule_v1
microwave,1444818670000000,1444819055000000,385.0,166.95888888888888,rule_v1
microwave,1444819161000000,1444819511000000,350.0,134.78472222222223,rule_v1
microwave,1444820488000000,1444820590000000,102.0,43.31166666666667,rule_v1
microwave,1444839534000000,1444839571000000,37.0,15.691944444444443,rule_v1
microwave,1444849343000000,1444849375000000,32.0,17.149166666666666,rule_v1
microwave,1444851668000000,1444851801000000,133.0,42.09388888888889,rule_v1
microwave,1444892458000000,1444892628000000,170.0,46.71666666666667,rule_v1
microwave,1444893906000000,1444893940000000,34.0,17.350833333333334,rule_v1
microwave,1444922731000000,1444923090000000,359.0,47.182500000000005,rule_v1
microwave,1444923375000000,1444923536000000,161.0,55.784444444444446,rule_v1
microwave,1444978558000000,1444978653000000,95.0,32.05777777777777,rule_v1
microwave,1444978725000000,1444978851000000,126.0,36.63333333333334,rule_v1
microwave,1444980522000000,1444980554000000,32.0,16.81138888888889,rule_v1
microwave,1444992810000000,1444993079000000,269.0,77.45138888888889,rule_v1
microwave,1445015596000000,1445015634000000,38.0,20.766111111111112,rule_v1
microwave,1445021900000000,1445022026000000,126.0,49.141666666666666,rule_v1
microwave,1445023991000000,1445024023000000,32.0,16.164444444444445,rule_v1
microwave,1445068003000000,1445068131000000,128.0,46.03777777777778,rule_v1
microwave,1445068217000000,1445068271000000,54.0,16.84027777777778,rule_v1
microwave,1445070192000000,1445070230000000,38.0,20.295277777777777,rule_v1
microwave,1445084034000000,1445084084000000,50.0,25.195,rule_v1
microwave,1445102610000000,1445102647000000,37.0,20.316111111111113,rule_v1
microwave,1445151432000000,1445151702000000,270.0,78.17166666666667,rule_v1
microwave,1445151821000000,1445151852000000,31.0,13.133333333333333,rule_v1
microwave,1445158067000000,1445158184000000,117.0,40.79861111111111,rule_v1
microwave,1445158398000000,1445158455000000,57.0,26.718055555555555,rule_v1
microwave,1445188859000000,1445188902000000,43.0,15.054166666666667,rule_v1
microwave,1445193515000000,1445193548000000,33.0,16.0975,rule_v1
microwave,1445237800000000,1445238080000000,280.0,54.32888888888888,rule_v1
microwave,1445238996000000,1445239060000000,64.0,20.64611111111111,rule_v1
microwave,1445273357000000,1445273397000000,40.0,12.623888888888889,rule_v1
microwave,1445274388000000,1445274425000000,37.0,15.009722222222223,rule_v1
microwave,1445276898000000,1445276944000000,46.0,25.970555555555556,rule_v1
microwave,1445323244000000,1445323312000000,68.0,16.764166666666668,rule_v1
microwave,1445323714000000,1445323832000000,118.0,23.853333333333335,rule_v1
microwave,1445324798000000,1445324860000000,62.0,16.746666666666666,rule_v1
microwave,1445360958000000,1445361235000000,277.0,60.996388888888895,rule_v1
microwave,1445361430000000,1445361490000000,60.0,17.365833333333335,rule_v1
microwave,1445410828000000,1445410991000000,163.0,35.329722222222216,rule_v1
microwave,1445411069000000,1445411216000000,147.0,27.570555555555554,rule_v1
microwave,1445412373000000,1445412423000000,50.0,21.616388888888892,rule_v1
microwave,1445426097000000,1445426131000000,34.0,18.328055555555554,rule_v1
microwave,1445444181000000,1445444221000000,40.0,20.98472222222222,rule_v1
microwave,1445496088000000,1445496405000000,317.0,59.34222222222222,rule_v1
microwave,1445498175000000,1445498206000000,31.0,17.034444444444443,rule_v1
microwave,1445513325000000,1445513590000000,265.0,58.27694444444444,rule_v1
microwave,1445514202000000,1445514267000000,65.0,30.411944444444444,rule_v1
microwave,1445580320000000,1445580407000000,87.0,30.71527777777778,rule_v1
microwave,1445582973000000,1445583237000000,264.0,52.037777777777784,rule_v1
microwave,1445584490000000,1445584538000000,48.0,23.58861111111111,rule_v1
microwave,1445597738000000,1445597776000000,38.0,11.660277777777779,rule_v1
microwave,1445670677000000,1445670838000000,161.0,39.71722222222222,rule_v1
microwave,1445670932000000,1445671002000000,70.0,20.8875,rule_v1
microwave,1445672271000000,1445672358000000,87.0,19.09,rule_v1
microwave,1445706653000000,1445706964000000,311.0,117.83472222222221,rule_v1
microwave,1445707031000000,1445707086000000,55.0,16.996944444444445,rule_v1
microwave,1445708319000000,1445708382000000,63.0,16.763333333333332,rule_v1
microwave,1445712873000000,1445713013000000,140.0,66.63888888888889,rule_v1
microwave,1445758969000000,1445759056000000,87.0,41.91361111111111,rule_v1
microwave,1445759164000000,1445759272000000,108.0,34.35638888888889,rule_v1
microwave,1445845415000000,1445845761000000,346.0,60.46611111111111,rule_v1
microwave,1445854492000000,1445854561000000,69.0,14.552777777777777,rule_v1
microwave,1445883101000000,1445883134000000,33.0,11.660555555555554,rule_v1
microwave,1445931957000000,1445932012000000,55.0,24.822499999999998,rule_v1
microwave,1446230015000000,1446230055000000,40.0,17.02916666666667,rule_v1
microwave,1446233441000000,1446233539000000,98.0,40.67166666666667,rule_v1
microwave,1446277759000000,1446278102000000,343.0,58.20388888888889,rule_v1
microwave,1446321542000000,1446321654000000,112.0,49.739444444444445,rule_v1
microwave,1446324078000000,1446324112000000,34.0,13.291944444444445,rule_v1
microwave,1446367295000000,1446367383000000,88.0,42.54333333333334,rule_v1
microwave,1446367733000000,1446367785000000,52.0,24.115833333333335,rule_v1
microwave,1446369178000000,1446369210000000,32.0,16.491944444444446,rule_v1
microwave,1446402806000000,1446402840000000,34.0,18.477777777777778,rule_v1
microwave,1446448366000000,1446448508000000,142.0,65.78138888888888,rule_v1
microwave,1446451056000000,1446451097000000,41.0,18.215,rule_v1
microwave,1446468415000000,1446468503000000,88.0,20.865277777777777,rule_v1
microwave,1446470225000000,1446470370000000,145.0,53.47333333333333,rule_v1
microwave,1446481539000000,1446481976000000,437.0,185.94055555555556,rule_v1
microwave,1446482252000000,1446482891000000,639.0,226.28694444444443,rule_v1
microwave,1446486568000000,1446486623000000,55.0,13.86888888888889,rule_v1
microwave,1446537358000000,1446537487000000,129.0,29.083333333333332,rule_v1
microwave,1446537567000000,1446537683000000,116.0,22.778055555555557,rule_v1
microwave,1446538780000000,1446538824000000,44.0,20.225,rule_v1
microwave,1446581581000000,1446581612000000,31.0,13.826944444444445,rule_v1
microwave,1446623522000000,1446623816000000,294.0,55.10166666666667,rule_v1
microwave,1446625177000000,1446625249000000,72.0,16.686944444444443,rule_v1
microwave,1446659267000000,1446659311000000,44.0,18.6525,rule_v1
microwave,1446666174000000,1446666237000000,63.0,30.268333333333334,rule_v1
microwave,1446666388000000,1446666439000000,51.0,24.358333333333334,rule_v1
microwave,1446709330000000,1446709536000000,206.0,48.56472222222222,rule_v1
microwave,1446742714000000,1446743164000000,450.0,125.86583333333334,rule_v1
microwave,1446745797000000,1446745878000000,81.0,30.399722222222223,rule_v1
microwave,1446796684000000,1446796955000000,271.0,43.899166666666666,rule_v1
microwave,1446798226000000,1446798258000000,32.0,17.645,rule_v1
microwave,1446839782000000,1446839829000000,47.0,23.38888888888889,rule_v1
microwave,1446899224000000,1446899255000000,31.0,17.747222222222224,rule_v1
microwave,1446921987000000,1446922025000000,38.0,17.81388888888889,rule_v1
microwave,1446969235000000,1446969464000000,229.0,74.17833333333333,rule_v1
microwave,1447005491000000,1447005529000000,38.0,19.81138888888889,rule_v1
microwave,1447055674000000,1447055858000000,184.0,41.69277777777778,rule_v1
microwave,1447055967000000,1447056000000000,33.0,10.488333333333333,rule_v1
microwave,1447056964000000,1447057033000000,69.0,21.573611111111113,rule_v1
microwave,1447071553000000,1447071742000000,189.0,72.91027777777778,rule_v1
microwave,1447093507000000,1447093553000000,46.0,23.800833333333333,rule_v1
microwave,1447141948000000,1447142202000000,254.0,52.49666666666666,rule_v1
microwave,1447143352000000,1447143402000000,50.0,22.195,rule_v1
microwave,1447180039000000,1447180073000000,34.0,18.380277777777778,rule_v1
microwave,1447184921000000,1447184992000000,71.0,30.046666666666667,rule_v1
microwave,1447185242000000,1447185307000000,65.0,26.95666666666667,rule_v1
microwave,1447226560000000,1447226714000000,154.0,64.52388888888888,rule_v1
microwave,1447228232000000,1447228491000000,259.0,63.02111111111112,rule_v1
microwave,1447230058000000,1447230106000000,48.0,13.700277777777776,rule_v1
microwave,1447249437000000,1447249472000000,35.0,20.731666666666666,rule_v1
microwave,1447265801000000,1447265839000000,38.0,17.488333333333333,rule_v1
microwave,1447314647000000,1447315009000000,362.0,125.10083333333333,rule_v1
microwave,1447316477000000,1447316514000000,37.0,18.73638888888889,rule_v1
microwave,1447352916000000,1447352947000000,31.0,16.594722222222224,rule_v1
microwave,1447398311000000,1447398462000000,151.0,66.42222222222222,rule_v1
microwave,1447400930000000,1447401081000000,151.0,33.65166666666667,rule_v1
microwave,1447401156000000,1447401268000000,112.0,22.883333333333333,rule_v1
microwave,1447402686000000,1447402735000000,49.0,16.571666666666665,rule_v1
microwave,1447435389000000,1447435427000000,38.0,19.713055555555556,rule_v1
microwave,1447439771000000,1447439823000000,52.0,25.70111111111111,rule_v1
microwave,1447444939000000,1447445138000000,199.0,81.75166666666667,rule_v1
microwave,1447489409000000,1447489760000000,351.0,69.31916666666666,rule_v1
microwave,1447494533000000,1447494568000000,35.0,18.519444444444446,rule_v1
microwave,1447526593000000,1447526639000000,46.0,14.535833333333333,rule_v1
microwave,1447576764000000,1447576896000000,132.0,61.585277777777776,rule_v1
microwave,1447612592000000,1447612626000000,34.0,14.50138888888889,rule_v1
microwave,1447661333000000,1447661439000000,106.0,56.19833333333333,rule_v1
microwave,1447661509000000,1447661760000000,251.0,91.28277777777777,rule_v1
microwave,1447662711000000,1447662757000000,46.0,16.97611111111111,rule_v1
microwave,1447692838000000,1447693668000000,830.0,97.45,rule_v1
microwave,1447695828000000,1447695867000000,39.0,19.85611111111111,rule_v1
microwave,1447702654000000,1447702879000000,225.0,74.49333333333333,rule_v1
microwave,1447746629000000,1447746951000000,322.0,131.80166666666668,rule_v1
microwave,1447748390000000,1447748435000000,45.0,22.120833333333334,rule_v1
microwave,1447768601000000,1447768646000000,45.0,23.245833333333334,rule_v1
microwave,1447777931000000,1447777989000000,58.0,14.664722222222224,rule_v1
microwave,1447830690000000,1447830923000000,233.0,61.02777777777777,rule_v1
microwave,1447831024000000,1447831064000000,40.0,12.10138888888889,rule_v1
microwave,1447832910000000,1447833100000000,190.0,45.497499999999995,rule_v1
microwave,1447833162000000,1447833254000000,92.0,21.5075,rule_v1
microwave,1447843868000000,1447843934000000,66.0,21.14138888888889,rule_v1
microwave,1447849503000000,1447849547000000,44.0,22.93138888888889,rule_v1
microwave,1447866131000000,1447866203000000,72.0,30.70777777777778,rule_v1
microwave,1447868929000000,1447868982000000,53.0,26.249444444444446,rule_v1
microwave,1447919217000000,1447919437000000,220.0,49.32916666666666,rule_v1
microwave,1447919506000000,1447919578000000,72.0,20.5,rule_v1
microwave,1447923186000000,1447923322000000,136.0,63.76138888888889,rule_v1
microwave,1447949371000000,1447949858000000,487.0,206.74777777777777,rule_v1
microwave,1447950129000000,1447950687000000,558.0,210.1175,rule_v1
microwave,1447950916000000,1447951433000000,517.0,187.72333333333333,rule_v1
microwave,1447952493000000,1447952646000000,153.0,49.086111111111116,rule_v1
microwave,1447962123000000,1447962211000000,88.0,33.04972222222222,rule_v1
microwave,1448005203000000,1448005349000000,146.0,53.08694444444444,rule_v1
microwave,1448005435000000,1448005673000000,238.0,85.39222222222222,rule_v1
microwave,1448007183000000,1448007228000000,45.0,18.5825,rule_v1
microwave,1448014547000000,1448014628000000,81.0,19.61472222222222,rule_v1
microwave,1448020058000000,1448020206000000,148.0,57.18694444444445,rule_v1
microwave,1448020491000000,1448020547000000,56.0,21.53361111111111,rule_v1
microwave,1448021174000000,1448021232000000,58.0,16.341388888888886,rule_v1
microwave,1448041350000000,1448041398000000,48.0,20.90972222222222,rule_v1
microwave,1448044724000000,1448044772000000,48.0,21.450833333333335,rule_v1
microwave,1448264649000000,1448264773000000,124.0,60.979166666666664,rule_v1
microwave,1448266556000000,1448266796000000,240.0,71.215,rule_v1
microwave,1448267066000000,1448267118000000,52.0,21.70527777777778,rule_v1
microwave,1448300202000000,1448300237000000,35.0,19.163611111111113,rule_v1
microwave,1448301831000000,1448301901000000,70.0,33.61944444444445,rule_v1
microwave,1448350380000000,1448350497000000,117.0,55.62694444444445,rule_v1
microwave,1448352226000000,1448352265000000,39.0,19.9225,rule_v1
microwave,1448358234000000,1448358412000000,178.0,68.98722222222223,rule_v1
microwave,1448359615000000,1448359656000000,41.0,18.524722222222223,rule_v1
microwave,1448373459000000,1448373519000000,60.0,26.381944444444443,rule_v1
microwave,1448390660000000,1448390698000000,38.0,19.656944444444445,rule_v1
microwave,1448437954000000,1448438178000000,224.0,41.32333333333334,rule_v1
microwave,1448439947000000,1448439979000000,32.0,16.92388888888889,rule_v1
microwave,1448441919000000,1448442100000000,181.0,73.03555555555556,rule_v1
microwave,1448457298000000,1448457348000000,50.0,24.803333333333335,rule_v1
microwave,1448472096000000,1448472161000000,65.0,17.891944444444444,rule_v1
microwave,1448473694000000,1448473727000000,33.0,17.88388888888889,rule_v1
microwave,1448523220000000,1448523440000000,220.0,51.0375,rule_v1
microwave,1448523735000000,1448523951000000,216.0,78.06138888888889,rule_v1
microwave,1448524669000000,1448524736000000,67.0,13.172777777777776,rule_v1
microwave,1448557839000000,1448557904000000,65.0,27.651944444444446,rule_v1
microwave,1448560242000000,1448560289000000,47.0,22.730833333333333,rule_v1
microwave,1448611054000000,1448611278000000,224.0,53.016111111111115,rule_v1
microwave,1448611351000000,1448611390000000,39.0,10.883055555555556,rule_v1
microwave,1448612285000000,1448612348000000,63.0,19.14,rule_v1
microwave,1448646670000000,1448646710000000,40.0,14.447777777777778,rule_v1
microwave,1448653208000000,1448653269000000,61.0,28.03388888888889,rule_v1
microwave,1448654831000000,1448654865000000,34.0,18.19361111111111,rule_v1
microwave,1448699275000000,1448699390000000,115.0,53.22027777777778,rule_v1
microwave,1448701300000000,1448701373000000,73.0,21.90972222222222,rule_v1
microwave,1448731994000000,1448732323000000,329.0,145.94472222222223,rule_v1
microwave,1448732412000000,1448732861000000,449.0,173.85361111111112,rule_v1
microwave,1448733155000000,1448733234000000,79.0,31.91111111111111,rule_v1
microwave,1448734530000000,1448734582000000,52.0,25.144444444444446,rule_v1
microwave,1448785051000000,1448785340000000,289.0,58.171388888888885,rule_v1
microwave,1448786453000000,1448786503000000,50.0,25.078611111111112,rule_v1
microwave,1448818442000000,1448818570000000,128.0,32.762499999999996,rule_v1
microwave,1448818854000000,1448818929000000,75.0,23.30472222222222,rule_v1
microwave,1448821968000000,1448822008000000,40.0,14.391666666666667,rule_v1
microwave,1448865904000000,1448866046000000,142.0,71.85555555555555,rule_v1
microwave,1448869087000000,1448869404000000,317.0,71.25111111111111,rule_v1
microwave,1448870768000000,1448870827000000,59.0,12.691666666666666,rule_v1
microwave,1448904526000000,1448904558000000,32.0,16.85527777777778,rule_v1
microwave,1448915787000000,1448915840000000,53.0,26.024166666666666,rule_v1
microwave,1448957160000000,1448957267000000,107.0,50.495555555555555,rule_v1
microwave,1448957428000000,1448957589000000,161.0,70.79722222222222,rule_v1
microwave,1448972533000000,1448972646000000,113.0,43.20472222222222,rule_v1
microwave,1448991277000000,1448991409000000,132.0,58.25083333333333,rule_v1
microwave,1449041526000000,1449041715000000,189.0,66.99166666666667,rule_v1
microwave,1449041786000000,1449041948000000,162.0,69.26444444444445,rule_v1
microwave,1449043774000000,1449043823000000,49.0,24.82,rule_v1
microwave,1449060568000000,1449060642000000,74.0,23.389722222222222,rule_v1
microwave,1449078811000000,1449078844000000,33.0,17.654722222222222,rule_v1
microwave,1449129493000000,1449129671000000,178.0,67.79972222222221,rule_v1
microwave,1449131035000000,1449131069000000,34.0,20.153333333333332,rule_v1
microwave,1449132716000000,1449132974000000,258.0,50.00555555555555,rule_v1
microwave,1449144094000000,1449144138000000,44.0,22.195833333333333,rule_v1
microwave,1449160675000000,1449160735000000,60.0,29.850277777777777,rule_v1
microwave,1449171776000000,1449171839000000,63.0,33.42666666666667,rule_v1
microwave,1449212679000000,1449212867000000,188.0,75.90583333333333,rule_v1
microwave,1449214122000000,1449214337000000,215.0,72.52166666666666,rule_v1
microwave,1449214422000000,1449214506000000,84.0,16.558333333333334,rule_v1
microwave,1449216623000000,1449216689000000,66.0,14.95,rule_v1
microwave,1449232585000000,1449233059000000,474.0,203.20472222222222,rule_v1
microwave,1449233612000000,1449234037000000,425.0,169.22555555555556,rule_v1
microwave,1449234386000000,1449234544000000,158.0,61.945,rule_v1
microwave,1449306007000000,1449306102000000,95.0,45.41444444444444,rule_v1
microwave,1449306214000000,1449306260000000,46.0,22.320555555555554,rule_v1
microwave,1449339911000000,1449339951000000,40.0,17.42527777777778,rule_v1
microwave,1449392019000000,1449392209000000,190.0,44.922777777777775,rule_v1
microwave,1449395160000000,1449395221000000,61.0,20.111666666666665,rule_v1
microwave,1449474562000000,1449474722000000,160.0,44.84388888888889,rule_v1
microwave,1449476391000000,1449476450000000,59.0,19.975,rule_v1
microwave,1449492409000000,1449492450000000,41.0,15.120000000000001,rule_v1
microwave,1449509652000000,1449509773000000,121.0,56.76444444444444,rule_v1
microwave,1449511978000000,1449512010000000,32.0,16.953333333333333,rule_v1
microwave,1449558724000000,1449558918000000,194.0,76.16583333333332,rule_v1
microwave,1449558992000000,1449559239000000,247.0,73.79833333333333,rule_v1
microwave,1449561376000000,1449561416000000,40.0,17.392222222222223,rule_v1
microwave,1449598219000000,1449598251000000,32.0,17.564444444444444,rule_v1
microwave,1449604384000000,1449604535000000,151.0,56.90333333333333,rule_v1
microwave,1449646788000000,1449647189000000,401.0,134.90972222222223,rule_v1
microwave,1449649229000000,1449649290000000,61.0,28.561944444444446,rule_v1
microwave,1449654775000000,1449654814000000,39.0,20.46472222222222,rule_v1
microwave,1449663715000000,1449663796000000,81.0,19.47611111111111,rule_v1
microwave,1449681848000000,1449681923000000,75.0,34.651666666666664,rule_v1
microwave,1449682984000000,1449683019000000,35.0,17.135555555555555,rule_v1
microwave,1449732814000000,1449732964000000,150.0,63.92666666666667,rule_v1
microwave,1449746296000000,1449746348000000,52.0,20.571944444444444,rule_v1
microwave,1449750808000000,1449751025000000,217.0,60.3225,rule_v1
microwave,1449751665000000,1449751720000000,55.0,17.226111111111113,rule_v1
microwave,1449768319000000,1449768372000000,53.0,26.363888888888887,rule_v1
microwave,1449772594000000,1449772719000000,125.0,39.22944444444445,rule_v1
microwave,1449820962000000,1449821340000000,378.0,128.95555555555558,rule_v1
microwave,1449822299000000,1449822337000000,38.0,19.079722222222223,rule_v1
microwave,1449841841000000,1449841892000000,51.0,25.398611111111112,rule_v1
microwave,1449856086000000,1449856137000000,51.0,18.584444444444443,rule_v1
microwave,1449863838000000,1449863885000000,47.0,22.581944444444446,rule_v1
microwave,1449866568000000,1449866640000000,72.0,34.93416666666667,rule_v1
microwave,1449908640000000,1449908858000000,218.0,48.56166666666666,rule_v1
microwave,1449910239000000,1449910276000000,37.0,18.685277777777777,rule_v1
microwave,1449936701000000,1449936839000000,138.0,56.1225,rule_v1
microwave,1449997615000000,1449997821000000,206.0,68.25416666666666,rule_v1
microwave,1449999737000000,1449999803000000,66.0,22.40888888888889,rule_v1
microwave,1450083071000000,1450083207000000,136.0,55.90277777777778,rule_v1
microwave,1450092643000000,1450092770000000,127.0,49.26083333333334,rule_v1
microwave,1450097223000000,1450097320000000,97.0,24.444166666666668,rule_v1
microwave,1450164530000000,1450164685000000,155.0,54.74805555555555,rule_v1
microwave,1450166360000000,1450166394000000,34.0,18.238333333333333,rule_v1
microwave,1450249982000000,1450250215000000,233.0,57.33166666666667,rule_v1
microwave,1450285016000000,1450285056000000,40.0,20.620833333333334,rule_v1
microwave,1450287697000000,1450287732000000,35.0,18.158055555555556,rule_v1
microwave,1450339921000000,1450340090000000,169.0,47.12416666666667,rule_v1
microwave,1450341524000000,1450341556000000,32.0,16.838055555555556,rule_v1
microwave,1450376010000000,1450376061000000,51.0,27.712777777777777,rule_v1
microwave,1450424830000000,1450425100000000,270.0,53.56472222222223,rule_v1
microwave,1450440466000000,1450440527000000,61.0,27.992777777777775,rule_v1
microwave,1450462119000000,1450462227000000,108.0,23.041388888888893,rule_v1
microwave,1450468109000000,1450468230000000,121.0,29.319444444444443,rule_v1
microwave,1450468742000000,1450468783000000,41.0,15.339722222222221,rule_v1
microwave,1450512393000000,1450512641000000,248.0,45.84972222222221,rule_v1
microwave,1450527864000000,1450528840000000,976.0,380.62166666666667,rule_v1
microwave,1450547973000000,1450548024000000,51.0,28.012777777777778,rule_v1
microwave,1450599218000000,1450599482000000,264.0,58.086666666666666,rule_v1
microwave,1450600962000000,1450601058000000,96.0,22.66111111111111,rule_v1
microwave,1450632819000000,1450632865000000,46.0,22.466944444444444,rule_v1
microwave,1450684368000000,1450684578000000,210.0,49.830555555555556,rule_v1
microwave,1450686599000000,1450686710000000,111.0,17.050833333333333,rule_v1
microwave,1450721542000000,1450721586000000,44.0,22.50138888888889,rule_v1
microwave,1450730913000000,1450730945000000,32.0,15.074722222222222,rule_v1
microwave,1450770319000000,1450770584000000,265.0,58.96583333333333,rule_v1
microwave,1450772014000000,1450772104000000,90.0,16.334444444444443,rule_v1
microwave,1450789245000000,1450789350000000,105.0,25.74111111111111,rule_v1
microwave,1450801650000000,1450802092000000,442.0,58.32694444444444,rule_v1
microwave,1450802154000000,1450802328000000,174.0,18.875833333333333,rule_v1
microwave,1450802393000000,1450803518000000,1125.0,131.94111111111113,rule_v1
microwave,1450803613000000,1450803910000000,297.0,33.576388888888886,rule_v1
microwave,1450803995000000,1450804264000000,269.0,86.43944444444445,rule_v1
microwave,1450805720000000,1450805758000000,38.0,18.84,rule_v1
microwave,1450814336000000,1450814454000000,118.0,53.904444444444444,rule_v1
microwave,1451378344000000,1451378498000000,154.0,30.852222222222224,rule_v1
microwave,1451378570000000,1451378604000000,34.0,12.330555555555556,rule_v1
microwave,1451378789000000,1451378962000000,173.0,77.12944444444445,rule_v1
microwave,1451382428000000,1451382468000000,40.0,20.909444444444446,rule_v1
microwave,1451393374000000,1451393411000000,37.0,22.169444444444444,rule_v1
microwave,1451410138000000,1451410413000000,275.0,39.064166666666665,rule_v1
microwave,1451410475000000,1451410682000000,207.0,20.601388888888888,rule_v1
microwave,1451410749000000,1451410865000000,116.0,18.189166666666665,rule_v1
microwave,1451410964000000,1451411176000000,212.0,27.890555555555554,rule_v1
microwave,1451411251000000,1451411461000000,210.0,24.048888888888882,rule_v1
microwave,1451411537000000,1451411638000000,101.0,35.843611111111116,rule_v1
microwave,1451463130000000,1451463395000000,265.0,53.959722222222226,rule_v1
microwave,1451465491000000,1451465595000000,104.0,22.755833333333335,rule_v1
microwave,1451496883000000,1451497393000000,510.0,65.20916666666668,rule_v1
microwave,1451497653000000,1451497924000000,271.0,31.326666666666664,rule_v1
microwave,1451498023000000,1451498383000000,360.0,108.14222222222223,rule_v1
microwave,1451501204000000,1451501237000000,33.0,16.950833333333332,rule_v1
microwave,1451507462000000,1451507563000000,101.0,66.83027777777778,rule_v1
microwave,1451551286000000,1451551456000000,170.0,67.26388888888889,rule_v1
microwave,1451551558000000,1451551716000000,158.0,67.35,rule_v1
microwave,1451552822000000,1451552862000000,40.0,15.94861111111111,rule_v1
microwave,1451588757000000,1451588860000000,103.0,32.85194444444444,rule_v1
microwave,1451590320000000,1451590361000000,41.0,20.037222222222223,rule_v1
microwave,1451593934000000,1451593965000000,31.0,17.488333333333333,rule_v1
microwave,1451637293000000,1451637474000000,181.0,36.51888888888889,rule_v1
microwave,1451637543000000,1451637580000000,37.0,14.356666666666667,rule_v1
microwave,1451672906000000,1451672952000000,46.0,16.620555555555555,rule_v1
microwave,1451724220000000,1451724387000000,167.0,43.57472222222222,rule_v1
microwave,1451725918000000,1451725956000000,38.0,19.35638888888889,rule_v1
microwave,1451737880000000,1451738133000000,253.0,43.617222222222225,rule_v1
microwave,1451738523000000,1451738573000000,50.0,23.961111111111112,rule_v1
microwave,1451738740000000,1451738778000000,38.0,16.938333333333333,rule_v1
microwave,1451810253000000,1451810512000000,259.0,52.29555555555555,rule_v1
microwave,1451812412000000,1451812456000000,44.0,22.32472222222222,rule_v1
microwave,1451812543000000,1451812714000000,171.0,73.90777777777778,rule_v1
microwave,1451816753000000,1451816801000000,48.0,24.127777777777776,rule_v1
microwave,1451824274000000,1451825457000000,1183.0,448.7036111111112,rule_v1
microwave,1451846775000000,1451846818000000,43.0,20.036388888888887,rule_v1
microwave,1451895023000000,1451895249000000,226.0,51.111666666666665,rule_v1
microwave,1451895387000000,1451895522000000,135.0,61.48277777777778,rule_v1
microwave,1451897084000000,1451897137000000,53.0,23.15833333333333,rule_v1
microwave,1451909765000000,1451909802000000,37.0,20.31111111111111,rule_v1
microwave,1451912266000000,1451912460000000,194.0,60.985277777777775,rule_v1
microwave,1451912720000000,1451912824000000,104.0,29.432777777777776,rule_v1
microwave,1451913814000000,1451913870000000,56.0,27.095,rule_v1
microwave,1451931094000000,1451931141000000,47.0,17.07277777777778,rule_v1
microwave,1451939050000000,1451939090000000,40.0,20.884722222222223,rule_v1
microwave,1451979815000000,1451980010000000,195.0,76.95194444444445,rule_v1
microwave,1451980137000000,1451980274000000,137.0,59.03611111111111,rule_v1
microwave,1451981845000000,1451981889000000,44.0,21.911666666666665,rule_v1
microwave,1451995229000000,1451995388000000,159.0,73.50666666666667,rule_v1
microwave,1451995968000000,1451996038000000,70.0,25.982777777777777,rule_v1
microwave,1452018441000000,1452018473000000,32.0,17.566388888888888,rule_v1
microwave,1452067028000000,1452067165000000,137.0,57.77666666666667,rule_v1
microwave,1452067302000000,1452067561000000,259.0,77.00999999999999,rule_v1
microwave,1452068295000000,1452068339000000,44.0,20.234166666666667,rule_v1
microwave,1452102086000000,1452102125000000,39.0,20.633055555555554,rule_v1
microwave,1452105808000000,1452105925000000,117.0,45.72388888888889,rule_v1
microwave,1452152389000000,1452152836000000,447.0,149.9563888888889,rule_v1
microwave,1452154579000000,1452154617000000,38.0,16.293333333333333,rule_v1
microwave,1452172515000000,1452172578000000,63.0,33.43638888888889,rule_v1
microwave,1452188149000000,1452188229000000,80.0,38.27027777777778,rule_v1
microwave,1452239186000000,1452239367000000,181.0,46.69305555555555,rule_v1
microwave,1452239434000000,1452239503000000,69.0,20.231944444444444,rule_v1
microwave,1452241257000000,1452241296000000,39.0,19.988333333333333,rule_v1
microwave,1452278154000000,1452278199000000,45.0,22.657222222222224,rule_v1
microwave,1452281310000000,1452281398000000,88.0,38.15861111111111,rule_v1
microwave,1452326763000000,1452326862000000,99.0,48.37166666666667,rule_v1
microwave,1452328573000000,1452328624000000,51.0,25.32638888888889,rule_v1
microwave,1452363169000000,1452363234000000,65.0,31.26222222222222,rule_v1
microwave,1452412517000000,1452412698000000,181.0,40.47861111111111,rule_v1
microwave,1452415329000000,1452415366000000,37.0,16.28666666666667,rule_v1
microwave,1452430603000000,1452430721000000,118.0,23.91527777777778,rule_v1
microwave,1452431690000000,1452431735000000,45.0,22.649166666666666,rule_v1
microwave,1452451711000000,1452451760000000,49.0,26.02722222222222,rule_v1
microwave,1452498356000000,1452498490000000,134.0,50.57,rule_v1
microwave,1452498630000000,1452498711000000,81.0,37.33694444444444,rule_v1
microwave,1452498799000000,1452498935000000,136.0,47.58222222222222,rule_v1
microwave,1452511599000000,1452512306000000,707.0,274.62361111111113,rule_v1
microwave,1452531077000000,1452531115000000,38.0,19.281111111111112,rule_v1
microwave,1452532931000000,1452532988000000,57.0,24.58138888888889,rule_v1
microwave,1452544367000000,1452544399000000,32.0,13.911944444444446,rule_v1
microwave,1452584742000000,1452584850000000,108.0,50.58777777777778,rule_v1
microwave,1452584930000000,1452584989000000,59.0,10.557500000000001,rule_v1
microwave,1452585136000000,1452585277000000,141.0,60.37222222222222,rule_v1
microwave,1452585486000000,1452585536000000,50.0,15.673055555555555,rule_v1
microwave,1452586594000000,1452586629000000,35.0,17.34,rule_v1
microwave,1452600923000000,1452601202000000,279.0,61.97027777777778,rule_v1
microwave,1452602771000000,1452602824000000,53.0,26.445,rule_v1
microwave,1452621748000000,1452621803000000,55.0,23.5425,rule_v1
microwave,1452670738000000,1452671260000000,522.0,158.46583333333336,rule_v1
microwave,1452671333000000,1452671573000000,240.0,48.55361111111112,rule_v1
microwave,1452671823000000,1452671941000000,118.0,27.109722222222224,rule_v1
microwave,1452705819000000,1452705870000000,51.0,25.60361111111111,rule_v1
microwave,1452707162000000,1452707201000000,39.0,20.026666666666667,rule_v1
microwave,1452714718000000,1452714820000000,102.0,47.03111111111111,rule_v1
microwave,1452757805000000,1452757989000000,184.0,40.82222222222222,rule_v1
microwave,1452758153000000,1452758241000000,88.0,17.549722222222222,rule_v1
microwave,1452759768000000,1452759802000000,34.0,13.62888888888889,rule_v1
microwave,1452792952000000,1452792997000000,45.0,19.744722222222222,rule_v1
microwave,1452800741000000,1452800812000000,71.0,29.43111111111111,rule_v1
microwave,1452843728000000,1452843862000000,134.0,50.721666666666664,rule_v1
microwave,1452843926000000,1452844036000000,110.0,17.97361111111111,rule_v1
microwave,1452845272000000,1452845335000000,63.0,16.006666666666668,rule_v1
microwave,1452885558000000,1452885635000000,77.0,20.27777777777778,rule_v1
microwave,1452933466000000,1452933709000000,243.0,55.396111111111104,rule_v1
microwave,1452933805000000,1452933890000000,85.0,12.706666666666667,rule_v1
microwave,1452934123000000,1452934181000000,58.0,16.155,rule_v1
microwave,1452939254000000,1452939291000000,37.0,16.118333333333332,rule_v1
microwave,1452949246000000,1452949354000000,108.0,28.03805555555555,rule_v1
microwave,1452977537000000,1452977649000000,112.0,36.205555555555556,rule_v1
microwave,1453056184000000,1453056216000000,32.0,16.958055555555557,rule_v1
microwave,1453064041000000,1453064088000000,47.0,14.663333333333334,rule_v1
microwave,1453067504000000,1453067564000000,60.0,29.1675,rule_v1
microwave,1453102824000000,1453103008000000,184.0,45.94833333333333,rule_v1
microwave,1453103745000000,1453103938000000,193.0,57.72083333333333,rule_v1
microwave,1453104939000000,1453104990000000,51.0,21.567777777777778,rule_v1
microwave,1453135276000000,1453136107000000,831.0,101.99277777777779,rule_v1
microwave,1453136232000000,1453136403000000,171.0,51.55444444444444,rule_v1
microwave,1453138710000000,1453138758000000,48.0,22.66777777777778,rule_v1
microwave,1453192075000000,1453192118000000,43.0,17.496944444444445,rule_v1
microwave,1453199440000000,1453199527000000,87.0,17.50722222222222,rule_v1
microwave,1453211724000000,1453211774000000,50.0,25.741944444444446,rule_v1
microwave,1453229414000000,1453229453000000,39.0,19.63888888888889,rule_v1
microwave,1453297148000000,1453297214000000,66.0,32.196666666666665,rule_v1
microwave,1453312720000000,1453312765000000,45.0,19.233333333333334,rule_v1
microwave,1453362673000000,1453362857000000,184.0,38.17277777777778,rule_v1
microwave,1453362921000000,1453362986000000,65.0,18.57638888888889,rule_v1
microwave,1453363069000000,1453363144000000,75.0,17.522222222222222,rule_v1
microwave,1453364421000000,1453364483000000,62.0,12.936666666666667,rule_v1
microwave,1453381298000000,1453381395000000,97.0,25.564722222222223,rule_v1
microwave,1453396947000000,1453396998000000,51.0,25.733888888888888,rule_v1
microwave,1453398529000000,1453398584000000,55.0,27.895833333333332,rule_v1
microwave,1453404975000000,1453405032000000,57.0,19.448055555555555,rule_v1
microwave,1453411127000000,1453411240000000,113.0,43.10166666666667,rule_v1
microwave,1453449289000000,1453449327000000,38.0,19.02611111111111,rule_v1
microwave,1453460385000000,1453460415000000,30.0,16.709444444444443,rule_v1
microwave,1453463457000000,1453464569000000,1112.0,414.5916666666667,rule_v1
microwave,1453464631000000,1453465045000000,414.0,145.5211111111111,rule_v1
microwave,1453465153000000,1453465541000000,388.0,135.4936111111111,rule_v1
microwave,1453467777000000,1453467847000000,70.0,20.724444444444444,rule_v1
microwave,1453489080000000,1453489112000000,32.0,17.245277777777776,rule_v1
microwave,1453492148000000,1453492215000000,67.0,31.76888888888889,rule_v1
microwave,1453537301000000,1453537589000000,288.0,64.04277777777779,rule_v1
microwave,1453539537000000,1453539606000000,69.0,13.378055555555555,rule_v1
microwave,1453549399000000,1453549437000000,38.0,20.138055555555557,rule_v1
microwave,1453555045000000,1453555086000000,41.0,21.591944444444444,rule_v1
microwave,1453556286000000,1453556341000000,55.0,26.901944444444446,rule_v1
microwave,1453573849000000,1453573881000000,32.0,16.670555555555556,rule_v1
microwave,1453641240000000,1453641279000000,39.0,18.811666666666667,rule_v1
microwave,1453657247000000,1453657313000000,66.0,23.997777777777777,rule_v1
microwave,1453659954000000,1453659987000000,33.0,16.855,rule_v1
microwave,1453665198000000,1453665269000000,71.0,33.83166666666666,rule_v1
microwave,1453665486000000,1453665576000000,90.0,33.331388888888895,rule_v1
microwave,1453706904000000,1453707088000000,184.0,43.1875,rule_v1
microwave,1453707621000000,1453707806000000,185.0,35.51416666666667,rule_v1
microwave,1453707895000000,1453707957000000,62.0,14.551388888888889,rule_v1
microwave,1453708092000000,1453708124000000,32.0,11.033055555555556,rule_v1
microwave,1453709279000000,1453709341000000,62.0,14.527777777777777,rule_v1
microwave,1453724575000000,1453724688000000,113.0,52.91111111111111,rule_v1
microwave,1453726694000000,1453726750000000,56.0,20.529444444444444,rule_v1
microwave,1453744147000000,1453744205000000,58.0,28.518333333333334,rule_v1
microwave,1453792954000000,1453793149000000,195.0,40.78944444444444,rule_v1
microwave,1453793931000000,1453794029000000,98.0,24.460277777777776,rule_v1
microwave,1453795140000000,1453795178000000,38.0,11.151666666666667,rule_v1
microwave,1453808915000000,1453809065000000,150.0,68.90694444444445,rule_v1
microwave,1453831788000000,1453831891000000,103.0,38.70638888888889,rule_v1
microwave,1453842257000000,1453842372000000,115.0,46.58944444444444,rule_v1
microwave,1453880341000000,1453880624000000,283.0,61.661944444444444,rule_v1
microwave,1453882898000000,1453882937000000,39.0,19.650277777777777,rule_v1
microwave,1453892845000000,1453892889000000,44.0,19.7725,rule_v1
microwave,1453918001000000,1453918039000000,38.0,19.47833333333333,rule_v1
microwave,1453920137000000,1453920192000000,55.0,15.948333333333334,rule_v1
microwave,1453928658000000,1453928732000000,74.0,34.94694444444445,rule_v1
microwave,1453968376000000,1453968431000000,55.0,27.835277777777776,rule_v1
microwave,1453980777000000,1453980824000000,47.0,23.8925,rule_v1
microwave,1454009508000000,1454009817000000,309.0,79.33861111111113,rule_v1
microwave,1454009943000000,1454010013000000,70.0,24.57888888888889,rule_v1
microwave,1454010824000000,1454010863000000,39.0,13.270277777777778,rule_v1
microwave,1454052491000000,1454052709000000,218.0,50.867222222222225,rule_v1
microwave,1454053658000000,1454053722000000,64.0,16.46111111111111,rule_v1
microwave,1454055313000000,1454055347000000,34.0,16.019444444444446,rule_v1
microwave,1454068352000000,1454069346000000,994.0,380.13166666666666,rule_v1
microwave,1454069478000000,1454069909000000,431.0,126.15083333333334,rule_v1
microwave,1454070207000000,1454070258000000,51.0,20.705833333333334,rule_v1
microwave,1454093923000000,1454093969000000,46.0,22.124166666666667,rule_v1
microwave,1454142726000000,1454142928000000,202.0,46.05888888888889,rule_v1
microwave,1454312028000000,1454312224000000,196.0,70.00027777777778,rule_v1
microwave,1454313841000000,1454313881000000,40.0,16.401666666666667,rule_v1
microwave,1454329363000000,1454330006000000,643.0,81.24833333333335,rule_v1
microwave,1454330591000000,1454330798000000,207.0,72.55833333333334,rule_v1
microwave,1454331021000000,1454331060000000,39.0,18.345277777777778,rule_v1
microwave,1454357243000000,1454357277000000,34.0,15.41,rule_v1
microwave,1454401191000000,1454401223000000,32.0,14.443333333333335,rule_v1
microwave,1454409019000000,1454409088000000,69.0,19.622500000000002,rule_v1
microwave,1454447317000000,1454447348000000,31.0,13.524444444444445,rule_v1
microwave,1454485754000000,1454486012000000,258.0,51.75666666666667,rule_v1
microwave,1454487368000000,1454487406000000,38.0,18.305555555555557,rule_v1
microwave,1454500377000000,1454500940000000,563.0,218.61055555555555,rule_v1
microwave,1454519256000000,1454519294000000,38.0,20.395,rule_v1
microwave,1454520946000000,1454521017000000,71.0,32.73138888888889,rule_v1
microwave,1454573782000000,1454573821000000,39.0,13.35638888888889,rule_v1
microwave,1454590160000000,1454590437000000,277.0,75.91972222222222,rule_v1
microwave,1454606666000000,1454606705000000,39.0,16.808055555555555,rule_v1
microwave,1454658385000000,1454658541000000,156.0,60.69166666666666,rule_v1
microwave,1454658603000000,1454658765000000,162.0,18.425833333333333,rule_v1
microwave,1454659589000000,1454659642000000,53.0,19.578333333333333,rule_v1
microwave,1454678323000000,1454678432000000,109.0,51.5875,rule_v1
microwave,1454748596000000,1454748628000000,32.0,16.760555555555555,rule_v1
microwave,1454783330000000,1454783362000000,32.0,16.513055555555557,rule_v1
microwave,1454787684000000,1454787781000000,97.0,40.8425,rule_v1
microwave,1454790143000000,1454790181000000,38.0,18.868055555555557,rule_v1
microwave,1454833300000000,1454833514000000,214.0,46.82472222222222,rule_v1
microwave,1454835180000000,1454835222000000,42.0,20.47,rule_v1
microwave,1454870365000000,1454870397000000,32.0,16.435,rule_v1
microwave,1454870517000000,1454870554000000,37.0,7.808333333333334,rule_v1
microwave,1454919620000000,1454919662000000,42.0,15.976666666666667,rule_v1
microwave,1454928674000000,1454929196000000,522.0,218.0875,rule_v1
microwave,1454929300000000,1454929797000000,497.0,180.37416666666667,rule_v1
microwave,1454930680000000,1454930833000000,153.0,61.49944444444444,rule_v1
microwave,1454955337000000,1454955390000000,53.0,19.14388888888889,rule_v1
microwave,1455002455000000,1455002555000000,100.0,48.35055555555556,rule_v1
microwave,1455004240000000,1455004318000000,78.0,32.19111111111111,rule_v1
microwave,1455019186000000,1455019379000000,193.0,75.44833333333332,rule_v1
microwave,1455043161000000,1455043218000000,57.0,28.001666666666665,rule_v1
microwave,1455049792000000,1455049833000000,41.0,20.415,rule_v1
microwave,1455090925000000,1455091084000000,159.0,34.715833333333336,rule_v1
microwave,1455092032000000,1455092062000000,30.0,8.327222222222222,rule_v1
microwave,1455107229000000,1455107302000000,73.0,23.08861111111111,rule_v1
microwave,1455124864000000,1455124909000000,45.0,16.325277777777778,rule_v1
microwave,1455175043000000,1455175190000000,147.0,59.117222222222225,rule_v1
microwave,1455175341000000,1455175379000000,38.0,18.345833333333335,rule_v1
microwave,1455215174000000,1455215228000000,54.0,19.91777777777778,rule_v1
microwave,1455223232000000,1455223262000000,30.0,13.711111111111112,rule_v1
microwave,1455263579000000,1455263611000000,32.0,17.21527777777778,rule_v1
microwave,1455264692000000,1455264722000000,30.0,16.685,rule_v1
microwave,1455271666000000,1455271696000000,30.0,15.64611111111111,rule_v1
microwave,1455284111000000,1455284147000000,36.0,19.816666666666666,rule_v1
microwave,1455307692000000,1455307750000000,58.0,25.186666666666667,rule_v1
microwave,1455353580000000,1455353740000000,160.0,35.69555555555556,rule_v1
microwave,1455354094000000,1455354143000000,49.0,16.14777777777778,rule_v1
microwave,1455355483000000,1455355515000000,32.0,14.046666666666667,rule_v1
microwave,1455355906000000,1455355938000000,32.0,17.83861111111111,rule_v1
microwave,1455360899000000,1455360932000000,33.0,16.778055555555557,rule_v1
microwave,1455382257000000,1455382413000000,156.0,48.63166666666667,rule_v1
microwave,1455388417000000,1455388449000000,32.0,14.40861111111111,rule_v1
microwave,1455393400000000,1455393438000000,38.0,18.43111111111111,rule_v1
microwave,1455553850000000,1455554154000000,304.0,131.1861111111111,rule_v1
microwave,1455554576000000,1455554924000000,348.0,135.54361111111112,rule_v1
microwave,1455556673000000,1455556773000000,100.0,23.989444444444445,rule_v1
microwave,1455564769000000,1455564812000000,43.0,21.370555555555555,rule_v1
microwave,1455565020000000,1455565065000000,45.0,22.079722222222223,rule_v1
microwave,1455612172000000,1455612211000000,39.0,20.77166666666667,rule_v1
microwave,1455620719000000,1455620768000000,49.0,18.628888888888888,rule_v1
microwave,1455628965000000,1455629019000000,54.0,24.390833333333333,rule_v1
microwave,1455629651000000,1455629703000000,52.0,27.545833333333334,rule_v1
microwave,1455645931000000,1455645961000000,30.0,16.585,rule_v1
microwave,1455656559000000,1455656676000000,117.0,41.16555555555556,rule_v1
microwave,1455798202000000,1455798260000000,58.0,22.6875,rule_v1
microwave,1455801773000000,1455801817000000,44.0,22.60972222222222,rule_v1
microwave,1455812781000000,1455812828000000,47.0,14.383333333333333,rule_v1
microwave,1455828176000000,1455828279000000,103.0,43.752500000000005,rule_v1
microwave,1456077363000000,1456077407000000,44.0,21.663055555555555,rule_v1
microwave,1456078177000000,1456078224000000,47.0,24.08,rule_v1
microwave,1456082992000000,1456083068000000,76.0,27.43888888888889,rule_v1
microwave,1456126920000000,1456127072000000,152.0,53.730000000000004,rule_v1
microwave,1456127144000000,1456127235000000,91.0,25.566111111111113,rule_v1
microwave,1456140827000000,1456140884000000,57.0,25.225277777777777,rule_v1
microwave,1456143856000000,1456143926000000,70.0,35.28472222222222,rule_v1
microwave,1456160410000000,1456160441000000,31.0,17.55666666666667,rule_v1
microwave,1456162433000000,1456162485000000,52.0,22.77361111111111,rule_v1
microwave,1456212266000000,1456212458000000,192.0,40.54611111111111,rule_v1
microwave,1456214068000000,1456214100000000,32.0,13.69611111111111,rule_v1
microwave,1456230666000000,1456230710000000,44.0,23.56861111111111,rule_v1
microwave,1456299081000000,1456299300000000,219.0,56.93638888888889,rule_v1
microwave,1456301318000000,1456301385000000,67.0,19.505,rule_v1
microwave,1456337774000000,1456337806000000,32.0,16.843611111111112,rule_v1
microwave,1456342156000000,1456342257000000,101.0,47.37416666666667,rule_v1
microwave,1456386601000000,1456386838000000,237.0,61.1,rule_v1
microwave,1456401928000000,1456402656000000,728.0,288.2636111111111,rule_v1
microwave,1456402900000000,1456403201000000,301.0,110.51388888888889,rule_v1
microwave,1456420396000000,1456420434000000,38.0,19.71472222222222,rule_v1
microwave,1456421746000000,1456421806000000,60.0,29.246944444444445,rule_v1
microwave,1456423583000000,1456423614000000,31.0,16.28388888888889,rule_v1
microwave,1456471964000000,1456472144000000,180.0,56.63861111111111,rule_v1
microwave,1456473833000000,1456473865000000,32.0,16.578055555555554,rule_v1
microwave,1456489293000000,1456489470000000,177.0,42.94,rule_v1
microwave,1456493851000000,1456493970000000,119.0,48.052499999999995,rule_v1
microwave,1456514823000000,1456514856000000,33.0,16.935277777777777,rule_v1
microwave,1456561502000000,1456561706000000,204.0,64.83500000000001,rule_v1
microwave,1456596764000000,1456596985000000,221.0,58.364444444444445,rule_v1
microwave,1456646444000000,1456646738000000,294.0,58.13055555555555,rule_v1
microwave,1456651794000000,1456651833000000,39.0,14.150833333333333,rule_v1
microwave,1456684122000000,1456684160000000,38.0,19.27722222222222,rule_v1
microwave,1456734420000000,1456734461000000,41.0,20.980833333333333,rule_v1
microwave,1456763559000000,1456763591000000,32.0,17.119722222222222,rule_v1
microwave,1456818234000000,1456818547000000,313.0,69.44166666666668,rule_v1
microwave,1456819909000000,1456819981000000,72.0,22.74527777777778,rule_v1
microwave,1456905421000000,1456905749000000,328.0,60.35666666666666,rule_v1
microwave,1456906990000000,1456907034000000,44.0,16.53333333333333,rule_v1
microwave,1456953294000000,1456953329000000,35.0,18.06,rule_v1
microwave,1457029128000000,1457029203000000,75.0,28.885,rule_v1
microwave,1457034599000000,1457034644000000,45.0,19.599444444444444,rule_v1
microwave,1457034830000000,1457034869000000,39.0,19.380277777777778,rule_v1
microwave,1457035177000000,1457035221000000,44.0,22.988055555555555,rule_v1
microwave,1457164341000000,1457164532000000,191.0,49.60805555555555,rule_v1
microwave,1457164607000000,1457164707000000,100.0,28.267777777777777,rule_v1
microwave,1457268909000000,1457268984000000,75.0,27.615000000000002,rule_v1
microwave,1457288047000000,1457288152000000,105.0,30.945277777777775,rule_v1
microwave,1457337959000000,1457338003000000,44.0,22.314166666666665,rule_v1
microwave,1457343634000000,1457343679000000,45.0,13.2075,rule_v1
microwave,1457368315000000,1457368355000000,40.0,19.86277777777778,rule_v1
microwave,1457381353000000,1457381385000000,32.0,21.291944444444443,rule_v1
microwave,1457384260000000,1457384298000000,38.0,19.337222222222223,rule_v1
microwave,1457422390000000,1457422606000000,216.0,48.155833333333334,rule_v1
microwave,1457436943000000,1457437254000000,311.0,134.82472222222222,rule_v1
microwave,1457437503000000,1457437815000000,312.0,124.90916666666666,rule_v1
microwave,1457437891000000,1457438019000000,128.0,49.636944444444445,rule_v1
microwave,1457438120000000,1457438266000000,146.0,35.59583333333333,rule_v1
microwave,1457441993000000,1457442095000000,102.0,46.60861111111111,rule_v1
microwave,1457463752000000,1457463817000000,65.0,22.61138888888889,rule_v1
microwave,1457466613000000,1457466650000000,37.0,13.024722222222222,rule_v1
microwave,1457466754000000,1457466833000000,79.0,21.50333333333333,rule_v1
microwave,1457511281000000,1457511326000000,45.0,18.657777777777778,rule_v1
microwave,1457526572000000,1457526604000000,32.0,16.769444444444446,rule_v1
microwave,1457528063000000,1457528103000000,40.0,21.2475,rule_v1
microwave,1457553163000000,1457553275000000,112.0,44.25,rule_v1
microwave,1457595029000000,1457595236000000,207.0,56.438611111111115,rule_v1
microwave,1457632254000000,1457632444000000,190.0,64.4925,rule_v1
microwave,1457638497000000,1457638621000000,124.0,40.74666666666667,rule_v1
microwave,1457638723000000,1457638763000000,40.0,18.866666666666667,rule_v1
microwave,1457640035000000,1457640080000000,45.0,20.3975,rule_v1
microwave,1457681297000000,1457681529000000,232.0,74.28194444444445,rule_v1
microwave,1457693777000000,1457693811000000,34.0,18.371666666666666,rule_v1
microwave,1457697393000000,1457697729000000,336.0,144.0611111111111,rule_v1
microwave,1457697955000000,1457698090000000,135.0,52.539722222222224,rule_v1
microwave,1457700135000000,1457700181000000,46.0,21.544166666666666,rule_v1
microwave,1457773457000000,1457773711000000,254.0,82.04444444444445,rule_v1
microwave,1457812453000000,1457812558000000,105.0,41.901666666666664,rule_v1
microwave,1457815946000000,1457815990000000,44.0,13.15638888888889,rule_v1
microwave,1457855575000000,1457855732000000,157.0,56.918888888888894,rule_v1
microwave,1457859641000000,1457859673000000,32.0,16.4475,rule_v1
microwave,1457898693000000,1457898744000000,51.0,19.869166666666665,rule_v1
microwave,1457941268000000,1457941436000000,168.0,70.0825,rule_v1
microwave,1457943467000000,1457943499000000,32.0,17.211666666666666,rule_v1
microwave,1457976638000000,1457976700000000,62.0,29.891666666666666,rule_v1
microwave,1458026289000000,1458026462000000,173.0,42.712777777777774,rule_v1
microwave,1458026543000000,1458026639000000,96.0,22.80638888888889,rule_v1
microwave,1458027449000000,1458027501000000,52.0,24.759722222222223,rule_v1
microwave,1458037513000000,1458037543000000,30.0,18.90222222222222,rule_v1
microwave,1458043229000000,1458043307000000,78.0,29.90888888888889,rule_v1
microwave,1458063473000000,1458063511000000,38.0,20.151666666666667,rule_v1
microwave,1458113950000000,1458114138000000,188.0,46.20666666666666,rule_v1
microwave,1458114380000000,1458114411000000,31.0,7.758333333333334,rule_v1
microwave,1458116335000000,1458116408000000,73.0,22.65861111111111,rule_v1
microwave,1458145356000000,1458145438000000,82.0,39.25,rule_v1
microwave,1458152336000000,1458152413000000,77.0,33.47611111111111,rule_v1
microwave,1458198407000000,1458198721000000,314.0,68.01305555555555,rule_v1
microwave,1458217082000000,1458217121000000,39.0,21.07777777777778,rule_v1
microwave,1458287247000000,1458287444000000,197.0,48.62555555555555,rule_v1
microwave,1458287541000000,1458287608000000,67.0,19.905833333333334,rule_v1
microwave,1458288970000000,1458289009000000,39.0,19.809444444444445,rule_v1
microwave,1458303328000000,1458303729000000,401.0,166.76722222222222,rule_v1
microwave,1458303933000000,1458304272000000,339.0,122.13833333333332,rule_v1
microwave,1458331441000000,1458331523000000,82.0,25.435277777777777,rule_v1
microwave,1458331639000000,1458331918000000,279.0,50.36138888888889,rule_v1
microwave,1458333745000000,1458333786000000,41.0,19.20388888888889,rule_v1
microwave,1458377016000000,1458377164000000,148.0,47.14583333333333,rule_v1
microwave,1458377267000000,1458377308000000,41.0,10.721666666666666,rule_v1
microwave,1458390667000000,1458390698000000,31.0,15.775277777777777,rule_v1
microwave,1458392332000000,1458392375000000,43.0,21.357222222222223,rule_v1
microwave,1458462443000000,1458462746000000,303.0,59.46416666666667,rule_v1
microwave,1458465153000000,1458465216000000,63.0,27.204444444444444,rule_v1
microwave,1458499263000000,1458499349000000,86.0,42.53944444444444,rule_v1
microwave,1458546880000000,1458547183000000,303.0,66.9036111111111,rule_v1
microwave,1458548317000000,1458548369000000,52.0,22.3275,rule_v1
microwave,1458631633000000,1458631789000000,156.0,60.68694444444445,rule_v1
microwave,1458633483000000,1458633521000000,38.0,19.5175,rule_v1
microwave,1458651616000000,1458651683000000,67.0,33.339444444444446,rule_v1
microwave,1458651885000000,1458651978000000,93.0,12.911666666666667,rule_v1
microwave,1458670340000000,1458670430000000,90.0,37.5975,rule_v1
microwave,1458681593000000,1458681660000000,67.0,32.47277777777778,rule_v1
microwave,1458682687000000,1458682792000000,105.0,48.77916666666667,rule_v1
microwave,1458717920000000,1458718102000000,182.0,42.95777777777778,rule_v1
microwave,1458718372000000,1458718461000000,89.0,18.933333333333334,rule_v1
microwave,1458720399000000,1458720444000000,45.0,19.694444444444443,rule_v1
microwave,1458805661000000,1458805816000000,155.0,33.01027777777778,rule_v1
microwave,1458806011000000,1458806080000000,69.0,15.854166666666668,rule_v1
microwave,1458807880000000,1458807924000000,44.0,19.84027777777778,rule_v1
microwave,1458832429000000,1458832530000000,101.0,40.35777777777778,rule_v1
microwave,1458844506000000,1458844545000000,39.0,20.636666666666667,rule_v1
microwave,1458891352000000,1458891472000000,120.0,55.00888888888889,rule_v1
microwave,1458891627000000,1458891825000000,198.0,45.25750000000001,rule_v1
microwave,1458892163000000,1458892236000000,73.0,10.16888888888889,rule_v1
microwave,1459235992000000,1459236329000000,337.0,104.83388888888888,rule_v1
microwave,1459236917000000,1459236947000000,30.0,15.314166666666667,rule_v1
microwave,1459278175000000,1459278214000000,39.0,19.697222222222223,rule_v1
microwave,1459323995000000,1459324146000000,151.0,40.42944444444444,rule_v1
microwave,1459324367000000,1459324432000000,65.0,22.746944444444445,rule_v1
microwave,1459362910000000,1459363004000000,94.0,34.55444444444444,rule_v1
microwave,1459363201000000,1459363277000000,76.0,28.46611111111111,rule_v1
microwave,1459409753000000,1459410047000000,294.0,54.44027777777778,rule_v1
microwave,1459410334000000,1459410490000000,156.0,25.70611111111111,rule_v1
microwave,1459410591000000,1459410648000000,57.0,24.142222222222223,rule_v1
microwave,1459411525000000,1459411577000000,52.0,21.300833333333333,rule_v1
microwave,1459444966000000,1459445148000000,182.0,76.74638888888889,rule_v1
microwave,1459494671000000,1459494962000000,291.0,105.46777777777778,rule_v1
microwave,1459535970000000,1459536014000000,44.0,22.075833333333332,rule_v1
microwave,1459578058000000,1459578234000000,176.0,48.65694444444445,rule_v1
microwave,1459578564000000,1459578633000000,69.0,18.44027777777778,rule_v1
microwave,1459597370000000,1459597557000000,187.0,64.96777777777777,rule_v1
microwave,1459667023000000,1459667292000000,269.0,62.07583333333333,rule_v1
microwave,1459709356000000,1459709463000000,107.0,43.155833333333334,rule_v1
microwave,1459752456000000,1459752660000000,204.0,48.33111111111111,rule_v1
microwave,1459752774000000,1459752833000000,59.0,14.245833333333334,rule_v1
microwave,1459758993000000,1459759045000000,52.0,23.125833333333333,rule_v1
microwave,1459788206000000,1459788948000000,742.0,90.99333333333334,rule_v1
microwave,1459789011000000,1459789072000000,61.0,10.805,rule_v1
microwave,1459789358000000,1459789784000000,426.0,49.75972222222222,rule_v1
microwave,1459790144000000,1459790261000000,117.0,51.083888888888886,rule_v1
microwave,1459796775000000,1459796822000000,47.0,24.15,rule_v1
microwave,1459837613000000,1459837696000000,83.0,37.62138888888889,rule_v1
microwave,1459837865000000,1459837912000000,47.0,19.587777777777777,rule_v1
microwave,1459841647000000,1459841687000000,40.0,20.18138888888889,rule_v1
microwave,1459853204000000,1459853244000000,40.0,11.650833333333335,rule_v1
microwave,1459853943000000,1459853997000000,54.0,26.795555555555556,rule_v1
microwave,1460444125000000,1460444171000000,46.0,17.82111111111111,rule_v1
microwave,1460444921000000,1460445090000000,169.0,40.49777777777778,rule_v1
microwave,1460475202000000,1460475468000000,266.0,78.50972222222222,rule_v1
microwave,1460531367000000,1460531551000000,184.0,33.64888888888889,rule_v1
microwave,1460531627000000,1460531694000000,67.0,16.703611111111112,rule_v1
microwave,1460532812000000,1460532852000000,40.0,19.815,rule_v1
microwave,1460617073000000,1460617262000000,189.0,45.866666666666674,rule_v1
microwave,1460618647000000,1460618719000000,72.0,27.771388888888886,rule_v1
microwave,1460703754000000,1460703978000000,224.0,74.8111111111111,rule_v1
microwave,1460746731000000,1460746816000000,85.0,27.71611111111111,rule_v1
microwave,1460792597000000,1460792799000000,202.0,68.70222222222222,rule_v1
microwave,1460794383000000,1460794434000000,51.0,25.173333333333332,rule_v1
microwave,1460881390000000,1460881524000000,134.0,42.08027777777777,rule_v1
microwave,1460961967000000,1460962119000000,152.0,52.40472222222222,rule_v1
microwave,1460963470000000,1460963528000000,58.0,16.51361111111111,rule_v1
microwave,1461004025000000,1461004060000000,35.0,17.631944444444443,rule_v1
microwave,1461049370000000,1461049533000000,163.0,39.333888888888886,rule_v1
microwave,1461049604000000,1461049673000000,69.0,16.011666666666667,rule_v1
microwave,1461093428000000,1461093469000000,41.0,21.11777777777778,rule_v1
microwave,1461099002000000,1461099097000000,95.0,38.855555555555554,rule_v1
microwave,1461135763000000,1461136052000000,289.0,65.73055555555555,rule_v1
microwave,1461137337000000,1461137410000000,73.0,31.276111111111113,rule_v1
microwave,1461220227000000,1461220350000000,123.0,57.784166666666664,rule_v1
microwave,1461223107000000,1461223151000000,44.0,22.079722222222223,rule_v1
microwave,1461307460000000,1461307594000000,134.0,44.52027777777778,rule_v1
microwave,1461308432000000,1461308521000000,89.0,27.46944444444444,rule_v1
microwave,1461355105000000,1461355236000000,131.0,30.11361111111111,rule_v1
microwave,1461397091000000,1461397356000000,265.0,58.85249999999999,rule_v1
microwave,1461401750000000,1461401948000000,198.0,59.55888888888889,rule_v1
microwave,1461413287000000,1461413345000000,58.0,28.486666666666668,rule_v1
microwave,1461425115000000,1461425154000000,39.0,19.477777777777778,rule_v1
microwave,1461484878000000,1461485061000000,183.0,44.93027777777779,rule_v1
microwave,1461485284000000,1461485344000000,60.0,13.717777777777776,rule_v1
microwave,1461505370000000,1461505421000000,51.0,25.289444444444445,rule_v1
microwave,1461523480000000,1461524160000000,680.0,271.01388888888886,rule_v1
microwave,1461567453000000,1461567649000000,196.0,36.89666666666666,rule_v1
microwave,1461567790000000,1461567854000000,64.0,16.70722222222222,rule_v1
microwave,1461651311000000,1461651455000000,144.0,52.37444444444444,rule_v1
microwave,1461684394000000,1461684565000000,171.0,76.47305555555556,rule_v1
microwave,1461690805000000,1461690870000000,65.0,30.769166666666667,rule_v1
microwave,1461698097000000,1461698580000000,483.0,133.3975,rule_v1
microwave,1461738611000000,1461738753000000,142.0,65.37138888888889,rule_v1
microwave,1461772453000000,1461772543000000,90.0,42.97277777777778,rule_v1
microwave,1461783942000000,1461784073000000,131.0,60.10444444444445,rule_v1
microwave,1461788013000000,1461788143000000,130.0,35.88305555555556,rule_v1
microwave,1461825575000000,1461825788000000,213.0,57.35472222222223,rule_v1
microwave,1461828176000000,1461828325000000,149.0,27.417777777777776,rule_v1
microwave,1461848251000000,1461848292000000,41.0,18.608333333333334,rule_v1
microwave,1461912730000000,1461912838000000,108.0,35.32638888888889,rule_v1
microwave,1461912903000000,1461912942000000,39.0,11.093055555555555,rule_v1
microwave,1461929479000000,1461929608000000,129.0,37.16388888888889,rule_v1
microwave,1461962003000000,1461962124000000,121.0,42.17,rule_v1
microwave,1462003203000000,1462003370000000,167.0,61.28027777777778,rule_v1
microwave,1462087391000000,1462087566000000,175.0,42.99666666666666,rule_v1
microwave,1462087826000000,1462087887000000,61.0,19.511944444444445,rule_v1
microwave,1462177533000000,1462177712000000,179.0,52.07222222222222,rule_v1
microwave,1462217884000000,1462218107000000,223.0,54.49111111111111,rule_v1
microwave,1462258313000000,1462258574000000,261.0,49.71194444444445,rule_v1
microwave,1462270526000000,1462270940000000,414.0,175.40722222222223,rule_v1
microwave,1462271230000000,1462271580000000,350.0,133.17388888888888,rule_v1
microwave,1462300345000000,1462300396000000,51.0,24.888333333333332,rule_v1
microwave,1462300736000000,1462300789000000,53.0,18.32111111111111,rule_v1
microwave,1462344693000000,1462344823000000,130.0,55.710277777777776,rule_v1
microwave,1462345033000000,1462345129000000,96.0,18.896944444444443,rule_v1
microwave,1462430632000000,1462430885000000,253.0,66.32638888888889,rule_v1
microwave,1462449645000000,1462450437000000,792.0,307.6586111111111,rule_v1
microwave,1462516580000000,1462516731000000,151.0,55.575277777777785,rule_v1
microwave,1462516839000000,1462517042000000,203.0,25.963055555555556,rule_v1
microwave,1462522092000000,1462522128000000,36.0,16.31888888888889,rule_v1
microwave,1462605462000000,1462605755000000,293.0,86.09222222222222,rule_v1
microwave,1462606362000000,1462606397000000,35.0,10.756944444444445,rule_v1
microwave,1462606749000000,1462606801000000,52.0,24.203055555555554,rule_v1
microwave,1462693269000000,1462693437000000,168.0,41.73555555555555,rule_v1
microwave,1462693528000000,1462693625000000,97.0,25.861944444444443,rule_v1
microwave,1462776739000000,1462777046000000,307.0,57.19416666666666,rule_v1
microwave,1462862394000000,1462862579000000,185.0,55.565,rule_v1
microwave,1462949835000000,1462950085000000,250.0,48.84833333333333,rule_v1
microwave,1462962569000000,1462962631000000,62.0,24.56361111111111,rule_v1
microwave,1463035078000000,1463035338000000,260.0,60.28944444444445,rule_v1
microwave,1463080696000000,1463080754000000,58.0,22.41361111111111,rule_v1
microwave,1463122819000000,1463123014000000,195.0,67.09777777777778,rule_v1
microwave,1463381236000000,1463381566000000,330.0,71.3788888888889,rule_v1
microwave,1463467997000000,1463468150000000,153.0,33.39833333333333,rule_v1
microwave,1463478629000000,1463478869000000,240.0,99.51472222222222,rule_v1
microwave,1463495484000000,1463497174000000,1690.0,550.4630555555556,rule_v1
microwave,1463497559000000,1463497700000000,141.0,54.0625,rule_v1
microwave,1463552886000000,1463553203000000,317.0,85.7475,rule_v1
microwave,1463602181000000,1463602268000000,87.0,30.96666666666667,rule_v1
microwave,1463638884000000,1463638994000000,110.0,51.638333333333335,rule_v1
microwave,1463639064000000,1463639102000000,38.0,12.7725,rule_v1
microwave,1463639254000000,1463639325000000,71.0,16.343055555555555,rule_v1
microwave,1463639803000000,1463639984000000,181.0,65.42138888888888,rule_v1
microwave,1463727338000000,1463727481000000,143.0,47.155277777777776,rule_v1
microwave,1463859443000000,1463859556000000,113.0,38.86222222222222,rule_v1
microwave,1464028922000000,1464028967000000,45.0,16.476666666666667,rule_v1
microwave,1464262402000000,1464262523000000,121.0,58.973333333333336,rule_v1
microwave,1464262778000000,1464262863000000,85.0,38.405277777777776,rule_v1
microwave,1464263203000000,1464263346000000,143.0,60.789722222222224,rule_v1
microwave,1464329657000000,1464329793000000,136.0,56.39,rule_v1
microwave,1464330423000000,1464330602000000,179.0,61.11694444444444,rule_v1
microwave,1465022267000000,1465022506000000,239.0,66.65555555555555,rule_v1
microwave,1465022626000000,1465022664000000,38.0,17.354999999999997,rule_v1
microwave,1465115590000000,1465115875000000,285.0,57.99722222222223,rule_v1
microwave,1465195581000000,1465195668000000,87.0,41.35472222222222,rule_v1
microwave,1465195735000000,1465195782000000,47.0,16.749444444444443,rule_v1
microwave,1465238221000000,1465238323000000,102.0,44.00638888888889,rule_v1
microwave,1465281441000000,1465281572000000,131.0,58.43055555555556,rule_v1
microwave,1465284098000000,1465284130000000,32.0,16.529166666666665,rule_v1
microwave,1465297158000000,1465297525000000,367.0,155.20527777777778,rule_v1
microwave,1465297613000000,1465298006000000,393.0,147.27805555555557,rule_v1
microwave,1465368360000000,1465368444000000,84.0,38.295833333333334,rule_v1
microwave,1465368536000000,1465368626000000,90.0,16.99972222222222,rule_v1
microwave,1465631384000000,1465631423000000,39.0,19.750555555555554,rule_v1
microwave,1465801311000000,1465801583000000,272.0,63.04138888888888,rule_v1
microwave,1465816490000000,1465817341000000,851.0,319.51944444444445,rule_v1
microwave,1465903124000000,1465903248000000,124.0,56.01222222222222,rule_v1
microwave,1465929171000000,1465929401000000,230.0,84.04666666666667,rule_v1
microwave,1465973284000000,1465973434000000,150.0,29.60277777777778,rule_v1
microwave,1465973527000000,1465973592000000,65.0,22.04111111111111,rule_v1
microwave,1465988582000000,1465989320000000,738.0,282.56083333333333,rule_v1
microwave,1465989456000000,1465989613000000,157.0,38.44861111111111,rule_v1
microwave,1466058975000000,1466059097000000,122.0,56.779444444444444,rule_v1
microwave,1466337394000000,1466338345000000,951.0,362.8180555555556,rule_v1
microwave,1466354559000000,1466354649000000,90.0,38.161944444444444,rule_v1
microwave,1466366713000000,1466366789000000,76.0,38.715,rule_v1
microwave,1466441131000000,1466441375000000,244.0,84.60944444444445,rule_v1
microwave,1466441450000000,1466441694000000,244.0,72.0825,rule_v1
microwave,1466592487000000,1466592562000000,75.0,18.733055555555556,rule_v1
microwave,1466607467000000,1466607499000000,32.0,8.763055555555557,rule_v1
microwave,1466623444000000,1466623503000000,59.0,28.385277777777777,rule_v1
microwave,1466765908000000,1466765985000000,77.0,21.5225,rule_v1
microwave,1466766343000000,1466766381000000,38.0,14.180555555555554,rule_v1
microwave,1466786700000000,1466786792000000,92.0,22.254166666666666,rule_v1
microwave,1466876750000000,1466876812000000,62.0,24.227222222222224,rule_v1
microwave,1466965852000000,1466965972000000,120.0,37.763333333333335,rule_v1
microwave,1467108161000000,1467108415000000,254.0,107.14,rule_v1
microwave,1467108517000000,1467108750000000,233.0,92.43611111111112,rule_v1
microwave,1467198280000000,1467198568000000,288.0,83.0,rule_v1
microwave,1467199027000000,1467199170000000,143.0,47.18361111111111,rule_v1
microwave,1467372936000000,1467373384000000,448.0,188.67916666666667,rule_v1
microwave,1467373872000000,1467374039000000,167.0,67.88722222222222,rule_v1
microwave,1467454585000000,1467454620000000,35.0,18.79083333333333,rule_v1
microwave,1467660791000000,1467660831000000,40.0,20.801111111111112,rule_v1
microwave,1467699041000000,1467699093000000,52.0,22.61861111111111,rule_v1
microwave,1467966138000000,1467966182000000,44.0,19.16361111111111,rule_v1
microwave,1468137808000000,1468137916000000,108.0,35.98722222222222,rule_v1
microwave,1468147541000000,1468147586000000,45.0,22.81972222222222,rule_v1
microwave,1468181328000000,1468181360000000,32.0,16.98777777777778,rule_v1
microwave,1468264594000000,1468264670000000,76.0,29.427777777777777,rule_v1
microwave,1468268693000000,1468268832000000,139.0,44.00083333333333,rule_v1
microwave,1468338122000000,1468338341000000,219.0,93.50833333333334,rule_v1
microwave,1468343144000000,1468343195000000,51.0,16.587222222222223,rule_v1
microwave,1468485686000000,1468485727000000,41.0,20.261666666666667,rule_v1
microwave,1468580724000000,1468580860000000,136.0,36.980555555555554,rule_v1
microwave,1468583813000000,1468584534000000,721.0,277.0572222222222,rule_v1
microwave,1468609822000000,1468609924000000,102.0,41.06722222222223,rule_v1
microwave,1468665283000000,1468665328000000,45.0,22.246944444444445,rule_v1
microwave,1468682645000000,1468682676000000,31.0,16.122777777777777,rule_v1
microwave,1468688020000000,1468688079000000,59.0,28.27888888888889,rule_v1
microwave,1468695348000000,1468695571000000,223.0,80.9388888888889,rule_v1
microwave,1468704139000000,1468704220000000,81.0,34.05972222222222,rule_v1
microwave,1468756425000000,1468756464000000,39.0,19.455,rule_v1
microwave,1468779635000000,1468779680000000,45.0,22.068055555555556,rule_v1
microwave,1469967470000000,1469967560000000,90.0,21.294166666666666,rule_v1
microwave,1470077049000000,1470077198000000,149.0,37.76777777777778,rule_v1
microwave,1471100748000000,1471100885000000,137.0,48.84972222222222,rule_v1
microwave,1471454890000000,1471454942000000,52.0,17.749444444444443,rule_v1
microwave,1471523181000000,1471523805000000,624.0,248.99166666666667,rule_v1
microwave,1471605056000000,1471605103000000,47.0,15.256944444444446,rule_v1
microwave,1471805984000000,1471806096000000,112.0,28.865555555555552,rule_v1
microwave,1471806167000000,1471806205000000,38.0,10.795833333333334,rule_v1
microwave,1471865662000000,1471866069000000,407.0,171.43944444444443,rule_v1
microwave,1471866361000000,1471867130000000,769.0,266.0888888888889,rule_v1
microwave,1472038077000000,1472038206000000,129.0,39.753611111111105,rule_v1
microwave,1472238064000000,1472238195000000,131.0,35.296388888888885,rule_v1
microwave,1472241526000000,1472241660000000,134.0,41.01833333333333,rule_v1
microwave,1472280860000000,1472281085000000,225.0,61.6525,rule_v1
microwave,1472370903000000,1472370966000000,63.0,27.227777777777778,rule_v1
microwave,1472804619000000,1472804712000000,93.0,22.7725,rule_v1
microwave,1473192146000000,1473192225000000,79.0,31.571111111111108,rule_v1
microwave,1473246160000000,1473246756000000,596.0,243.2736111111111,rule_v1
microwave,1473246888000000,1473247267000000,379.0,137.2163888888889,rule_v1
microwave,1473248017000000,1473248049000000,32.0,12.052222222222223,rule_v1
microwave,1473264053000000,1473264208000000,155.0,43.772777777777776,rule_v1
microwave,1473264431000000,1473264493000000,62.0,25.1025,rule_v1
microwave,1473507777000000,1473507868000000,91.0,18.71666666666667,rule_v1
microwave,1473534322000000,1473534390000000,68.0,18.539166666666667,rule_v1
microwave,1473966829000000,1473967342000000,513.0,207.91722222222222,rule_v1
microwave,1474058293000000,1474058352000000,59.0,28.429444444444446,rule_v1
microwave,1474058614000000,1474058698000000,84.0,37.95666666666666,rule_v1
microwave,1474129263000000,1474129372000000,109.0,32.623888888888885,rule_v1
microwave,1474129622000000,1474129662000000,40.0,18.980555555555554,rule_v1
microwave,1474129733000000,1474129768000000,35.0,16.901666666666667,rule_v1
microwave,1474225269000000,1474225334000000,65.0,25.264722222222222,rule_v1
microwave,1474313509000000,1474313555000000,46.0,24.205833333333334,rule_v1
microwave,1474574052000000,1474574085000000,33.0,17.971666666666668,rule_v1
microwave,1474657518000000,1474658586000000,1068.0,390.18638888888887,rule_v1
microwave,1474887069000000,1474887467000000,398.0,166.94916666666666,rule_v1
microwave,1474888704000000,1474889027000000,323.0,133.72166666666666,rule_v1
microwave,1474889111000000,1474889415000000,304.0,112.92027777777778,rule_v1
microwave,1475260581000000,1475260686000000,105.0,42.545,rule_v1
microwave,1475332298000000,1475332329000000,31.0,16.4125,rule_v1
microwave,1475334165000000,1475334204000000,39.0,15.950833333333332,rule_v1
microwave,1475347644000000,1475347698000000,54.0,29.6875,rule_v1
microwave,1475347770000000,1475347820000000,50.0,25.06388888888889,rule_v1
microwave,1475349377000000,1475349462000000,85.0,39.04055555555556,rule_v1
microwave,1475350260000000,1475350312000000,52.0,24.430555555555557,rule_v1
microwave,1475394387000000,1475394456000000,69.0,22.428333333333335,rule_v1
microwave,1475406992000000,1475407056000000,64.0,24.762777777777778,rule_v1
microwave,1475410552000000,1475411202000000,650.0,258.6172222222222,rule_v1
microwave,1475434980000000,1475435060000000,80.0,34.50194444444445,rule_v1
microwave,1475496393000000,1475497063000000,670.0,256.6088888888889,rule_v1
microwave,1475522316000000,1475522483000000,167.0,51.84305555555555,rule_v1
microwave,1475563977000000,1475564047000000,70.0,26.621944444444445,rule_v1
microwave,1475605940000000,1475605972000000,32.0,17.51972222222222,rule_v1
microwave,1475665421000000,1475665460000000,39.0,19.815277777777776,rule_v1
microwave,1475666018000000,1475666137000000,119.0,53.306666666666665,rule_v1
microwave,1475666236000000,1475666464000000,228.0,92.7611111111111,rule_v1
microwave,1475666620000000,1475666883000000,263.0,97.90666666666667,rule_v1
microwave,1475779639000000,1475779704000000,65.0,28.144166666666667,rule_v1
microwave,1475854705000000,1475855033000000,328.0,139.43944444444443,rule_v1
microwave,1475855252000000,1475855545000000,293.0,113.88222222222223,rule_v1
microwave,1475857427000000,1475857478000000,51.0,23.884444444444444,rule_v1
microwave,1475909948000000,1475910149000000,201.0,73.0261111111111,rule_v1
microwave,1475916744000000,1475916898000000,154.0,32.74583333333333,rule_v1
microwave,1475928953000000,1475929081000000,128.0,35.87444444444444,rule_v1
microwave,1475999828000000,1475999860000000,32.0,14.415555555555555,rule_v1
microwave,1476018840000000,1476018886000000,46.0,22.702222222222222,rule_v1
microwave,1476083083000000,1476083179000000,96.0,34.443888888888885,rule_v1
microwave,1476098284000000,1476098912000000,628.0,250.48638888888888,rule_v1
microwave,1476253920000000,1476254153000000,233.0,36.07611111111111,rule_v1
microwave,1476254234000000,1476254298000000,64.0,7.743333333333332,rule_v1
microwave,1476291903000000,1476292010000000,107.0,38.935,rule_v1
microwave,1476299176000000,1476299233000000,57.0,27.808055555555555,rule_v1
microwave,1476340986000000,1476341061000000,75.0,9.504166666666666,rule_v1
microwave,1476341149000000,1476341273000000,124.0,11.095833333333333,rule_v1
microwave,1476427572000000,1476427606000000,34.0,8.05,rule_v1
microwave,1476427673000000,1476427705000000,32.0,5.303333333333333,rule_v1
microwave,1476443229000000,1476443296000000,67.0,30.6675,rule_v1
microwave,1476443524000000,1476443578000000,54.0,26.016666666666666,rule_v1
microwave,1476516472000000,1476516653000000,181.0,32.02722222222222,rule_v1
microwave,1476603456000000,1476603639000000,183.0,32.02305555555556,rule_v1
microwave,1476685393000000,1476685504000000,111.0,38.955555555555556,rule_v1
microwave,1476861827000000,1476862018000000,191.0,35.80416666666667,rule_v1
microwave,1476871675000000,1476872537000000,862.0,326.3836111111111,rule_v1
microwave,1476872625000000,1476873004000000,379.0,133.96944444444443,rule_v1
microwave,1476874843000000,1476874881000000,38.0,18.00138888888889,rule_v1
microwave,1476945780000000,1476945881000000,101.0,40.47833333333333,rule_v1
microwave,1477052323000000,1477052427000000,104.0,40.10805555555555,rule_v1
microwave,1477464057000000,1477464204000000,147.0,39.00472222222222,rule_v1
microwave,1477464275000000,1477464308000000,33.0,7.695,rule_v1
microwave,1477772998000000,1477773109000000,111.0,26.485555555555557,rule_v1
microwave,1478002325000000,1478002404000000,79.0,24.108055555555556,rule_v1
microwave,1478002763000000,1478002871000000,108.0,49.45805555555555,rule_v1
microwave,1478014831000000,1478014883000000,52.0,25.176388888888887,rule_v1
microwave,1478024512000000,1478024577000000,65.0,28.405833333333334,rule_v1
microwave,1478088439000000,1478088571000000,132.0,50.54694444444445,rule_v1
microwave,1478177935000000,1478177998000000,63.0,29.108611111111113,rule_v1
microwave,1478200163000000,1478200209000000,46.0,21.819444444444443,rule_v1
microwave,1478210974000000,1478211017000000,43.0,22.51388888888889,rule_v1
microwave,1478281801000000,1478281911000000,110.0,33.909444444444446,rule_v1
microwave,1478436905000000,1478436940000000,35.0,18.6625,rule_v1
microwave,1478440137000000,1478440263000000,126.0,59.81527777777778,rule_v1
microwave,1478441407000000,1478441466000000,59.0,7.65,rule_v1
microwave,1478451887000000,1478451950000000,63.0,18.849444444444444,rule_v1
microwave,1478503856000000,1478503935000000,79.0,23.74861111111111,rule_v1
microwave,1478504069000000,1478504218000000,149.0,16.0125,rule_v1
microwave,1478504280000000,1478504339000000,59.0,5.291666666666667,rule_v1
microwave,1478518679000000,1478518724000000,45.0,21.950833333333332,rule_v1
microwave,1478549020000000,1478549059000000,39.0,22.794444444444444,rule_v1
microwave,1478589797000000,1478589925000000,128.0,29.264722222222225,rule_v1
microwave,1478590029000000,1478590122000000,93.0,14.245833333333334,rule_v1
microwave,1478607882000000,1478608013000000,131.0,31.280277777777776,rule_v1
microwave,1478608226000000,1478609007000000,781.0,294.8327777777778,rule_v1
microwave,1478763266000000,1478763418000000,152.0,19.86555555555556,rule_v1
microwave,1478763479000000,1478763545000000,66.0,10.071666666666665,rule_v1
microwave,1478782483000000,1478782592000000,109.0,54.8825,rule_v1
microwave,1478864809000000,1478865561000000,752.0,266.09805555555556,rule_v1
microwave,1478871201000000,1478871231000000,30.0,15.477222222222222,rule_v1
microwave,1478872178000000,1478872261000000,83.0,34.43055555555556,rule_v1
microwave,1478941220000000,1478941265000000,45.0,20.23166666666667,rule_v1
microwave,1478941439000000,1478941529000000,90.0,44.018055555555556,rule_v1
microwave,1478978691000000,1478978756000000,65.0,30.689444444444444,rule_v1
microwave,1479058555000000,1479058658000000,103.0,39.565,rule_v1
microwave,1479109462000000,1479109508000000,46.0,23.023888888888887,rule_v1
microwave,1479150373000000,1479150942000000,569.0,232.60194444444446,rule_v1
microwave,1479202523000000,1479202659000000,136.0,22.18888888888889,rule_v1
microwave,1479471666000000,1479472421000000,755.0,268.27194444444444,rule_v1
microwave,1479498114000000,1479498163000000,49.0,21.89277777777778,rule_v1
microwave,1479546426000000,1479546666000000,240.0,27.822222222222223,rule_v1
microwave,1479714615000000,1479714653000000,38.0,19.420555555555556,rule_v1
microwave,1479734803000000,1479734996000000,193.0,78.33111111111111,rule_v1
microwave,1479849684000000,1479849847000000,163.0,63.658611111111114,rule_v1
microwave,1479887695000000,1479887977000000,282.0,32.1175,rule_v1
microwave,1479922233000000,1479922301000000,68.0,33.08,rule_v1
microwave,1479922696000000,1479922739000000,43.0,21.298333333333332,rule_v1
microwave,1479974780000000,1479974896000000,116.0,19.07138888888889,rule_v1
microwave,1479974960000000,1479974993000000,33.0,8.48611111111111,rule_v1
microwave,1479991640000000,1479992268000000,628.0,255.59416666666667,rule_v1
microwave,1480057827000000,1480057988000000,161.0,15.283055555555556,rule_v1
microwave,1480077596000000,1480077660000000,64.0,17.437222222222225,rule_v1
microwave,1480077773000000,1480077948000000,175.0,61.888333333333335,rule_v1
microwave,1480251275000000,1480251377000000,102.0,22.4575,rule_v1
microwave,1480269502000000,1480269691000000,189.0,34.397222222222226,rule_v1
microwave,1480277316000000,1480277364000000,48.0,23.844444444444445,rule_v1
microwave,1480422996000000,1480423033000000,37.0,13.936666666666667,rule_v1
microwave,1480423796000000,1480423841000000,45.0,19.894166666666667,rule_v1
microwave,1480436394000000,1480436452000000,58.0,19.750833333333336,rule_v1
microwave,1480450172000000,1480450295000000,123.0,27.060277777777777,rule_v1
microwave,1480450376000000,1480450408000000,32.0,13.242777777777778,rule_v1
microwave,1480491898000000,1480492116000000,218.0,30.137777777777778,rule_v1
microwave,1480492247000000,1480492294000000,47.0,19.907222222222224,rule_v1
microwave,1480597381000000,1480597519000000,138.0,60.36805555555555,rule_v1
microwave,1480968598000000,1480968630000000,32.0,16.935555555555556,rule_v1
microwave,1481028612000000,1481028651000000,39.0,13.613333333333333,rule_v1
microwave,1481053713000000,1481053828000000,115.0,54.17888888888889,rule_v1
microwave,1481054915000000,1481054947000000,32.0,16.025,rule_v1
microwave,1481103697000000,1481103964000000,267.0,77.92222222222222,rule_v1
microwave,1481104145000000,1481104180000000,35.0,7.956666666666666,rule_v1
microwave,1481126647000000,1481126701000000,54.0,17.733888888888888,rule_v1
microwave,1481139817000000,1481139919000000,102.0,42.48638888888889,rule_v1
microwave,1481183696000000,1481183817000000,121.0,36.007222222222225,rule_v1
microwave,1481199050000000,1481199744000000,694.0,278.2344444444444,rule_v1
microwave,1481226735000000,1481226783000000,48.0,23.736944444444443,rule_v1
microwave,1481286767000000,1481286862000000,95.0,45.210277777777776,rule_v1
microwave,1481360283000000,1481360498000000,215.0,77.47777777777777,rule_v1
microwave,1481378884000000,1481378956000000,72.0,32.31833333333333,rule_v1
microwave,1481386216000000,1481386305000000,89.0,41.64222222222222,rule_v1
microwave,1481456286000000,1481456345000000,59.0,28.322777777777777,rule_v1
microwave,1481458834000000,1481459037000000,203.0,35.71333333333333,rule_v1
microwave,1481459147000000,1481459304000000,157.0,24.26194444444445,rule_v1
microwave,1481461066000000,1481461099000000,33.0,16.62388888888889,rule_v1
microwave,1481529717000000,1481529900000000,183.0,38.870555555555555,rule_v1
microwave,1481575353000000,1481575412000000,59.0,27.586388888888887,rule_v1
microwave,1481631506000000,1481631600000000,94.0,42.18111111111111,rule_v1
microwave,1481632001000000,1481632046000000,45.0,21.331944444444446,rule_v1
microwave,1481731861000000,1481731907000000,46.0,22.785555555555554,rule_v1
microwave,1481873942000000,1481874238000000,296.0,46.36333333333333,rule_v1
microwave,1481888464000000,1481889393000000,929.0,357.45416666666665,rule_v1
microwave,1481889859000000,1481889951000000,92.0,21.354999999999997,rule_v1
microwave,1482045286000000,1482045336000000,50.0,22.264722222222222,rule_v1
microwave,1482045399000000,1482045490000000,91.0,8.123055555555556,rule_v1
microwave,1482095105000000,1482095170000000,65.0,35.74583333333333,rule_v1
microwave,1482178944000000,1482179074000000,130.0,39.257222222222225,rule_v1
microwave,1482238018000000,1482238057000000,39.0,20.955833333333334,rule_v1
microwave,1482253948000000,1482253998000000,50.0,25.249166666666667,rule_v1
microwave,1482305377000000,1482305570000000,193.0,23.419722222222223,rule_v1
microwave,1482305846000000,1482305909000000,63.0,9.09611111111111,rule_v1
microwave,1482392002000000,1482392125000000,123.0,19.278333333333336,rule_v1
microwave,1482392729000000,1482392761000000,32.0,5.283333333333333,rule_v1
microwave,1482442609000000,1482442640000000,31.0,15.836388888888889,rule_v1
microwave,1482496134000000,1482496215000000,81.0,16.954166666666666,rule_v1
microwave,1482496718000000,1482496898000000,180.0,59.29611111111112,rule_v1
microwave,1482517414000000,1482517492000000,78.0,36.12694444444445,rule_v1
microwave,1482519949000000,1482520065000000,116.0,31.318055555555556,rule_v1
microwave,1482566125000000,1482566415000000,290.0,42.541666666666664,rule_v1
microwave,1482753708000000,1482753877000000,169.0,56.4711111111111,rule_v1
microwave,1482754592000000,1482754773000000,181.0,60.715833333333336,rule_v1
microwave,1483176512000000,1483176543000000,31.0,13.330277777777777,rule_v1
microwave,1483268087000000,1483268143000000,56.0,25.640555555555554,rule_v1
microwave,1483620391000000,1483620424000000,33.0,17.135,rule_v1
microwave,1483644972000000,1483645059000000,87.0,40.437777777777775,rule_v1
microwave,1483704218000000,1483704276000000,58.0,28.060833333333335,rule_v1
microwave,1483779704000000,1483779824000000,120.0,46.28,rule_v1
microwave,1483864413000000,1483864533000000,120.0,55.333333333333336,rule_v1
microwave,1483864707000000,1483864804000000,97.0,36.218888888888884,rule_v1
microwave,1483883140000000,1483883191000000,51.0,22.988055555555555,rule_v1
microwave,1483948488000000,1483948544000000,56.0,29.24222222222222,rule_v1
microwave,1483968101000000,1483968133000000,32.0,17.785555555555554,rule_v1
microwave,1483985039000000,1483985093000000,54.0,23.109722222222224,rule_v1
microwave,1484034633000000,1484034684000000,51.0,24.935555555555556,rule_v1
microwave,1484067303000000,1484067370000000,67.0,27.120833333333334,rule_v1
microwave,1484119752000000,1484119957000000,205.0,71.23972222222221,rule_v1
microwave,1484120240000000,1484120271000000,31.0,13.866944444444446,rule_v1
microwave,1484137851000000,1484137885000000,34.0,11.183055555555555,rule_v1
microwave,1484161980000000,1484162103000000,123.0,28.618333333333332,rule_v1
microwave,1484162173000000,1484162297000000,124.0,29.08861111111111,rule_v1
microwave,1484163366000000,1484163410000000,44.0,21.37388888888889,rule_v1
microwave,1484226044000000,1484226097000000,53.0,25.051944444444445,rule_v1
microwave,1484310942000000,1484311014000000,72.0,29.698611111111113,rule_v1
microwave,1484395617000000,1484395721000000,104.0,47.20527777777778,rule_v1
microwave,1484400796000000,1484400941000000,145.0,57.18333333333334,rule_v1
microwave,1484423174000000,1484423281000000,107.0,49.74055555555555,rule_v1
microwave,1484468798000000,1484469064000000,266.0,81.73222222222222,rule_v1
microwave,1484469184000000,1484469298000000,114.0,28.202777777777776,rule_v1
microwave,1484509044000000,1484509188000000,144.0,55.22611111111111,rule_v1
microwave,1484570040000000,1484570139000000,99.0,46.10333333333333,rule_v1
microwave,1484570331000000,1484570389000000,58.0,26.649722222222223,rule_v1
microwave,1484656536000000,1484656597000000,61.0,23.775555555555556,rule_v1
microwave,1484742303000000,1484742423000000,120.0,42.611666666666665,rule_v1
microwave,1484742560000000,1484742626000000,66.0,24.731388888888887,rule_v1
microwave,1484899465000000,1484899496000000,31.0,16.514722222222222,rule_v1
microwave,1484914038000000,1484914082000000,44.0,22.162222222222223,rule_v1
microwave,1484934499000000,1484934573000000,74.0,28.19666666666667,rule_v1
microwave,1484988831000000,1484988888000000,57.0,25.11138888888889,rule_v1
microwave,1484989021000000,1484989304000000,283.0,73.74388888888888,rule_v1
microwave,1485020226000000,1485020337000000,111.0,37.67305555555556,rule_v1
microwave,1485089648000000,1485089729000000,81.0,35.944722222222225,rule_v1
microwave,1485198807000000,1485199233000000,426.0,45.02027777777778,rule_v1
microwave,1485199294000000,1485199351000000,57.0,7.998888888888889,rule_v1
microwave,1485199417000000,1485199686000000,269.0,86.78583333333334,rule_v1
microwave,1485261985000000,1485262637000000,652.0,265.83916666666664,rule_v1
microwave,1485288168000000,1485288263000000,95.0,38.38388888888889,rule_v1
microwave,1485372733000000,1485373009000000,276.0,117.14472222222221,rule_v1
microwave,1485431218000000,1485431772000000,554.0,220.65444444444444,rule_v1
microwave,1485460659000000,1485460719000000,60.0,28.227222222222224,rule_v1
microwave,1485460801000000,1485460908000000,107.0,46.815,rule_v1
microwave,1485761889000000,1485762042000000,153.0,54.68527777777778,rule_v1
microwave,1485762106000000,1485762138000000,32.0,10.913888888888888,rule_v1
microwave,1485779618000000,1485779659000000,41.0,20.554166666666667,rule_v1
microwave,1485866943000000,1485866981000000,38.0,21.108333333333334,rule_v1
microwave,1485931438000000,1485931535000000,97.0,45.083333333333336,rule_v1
microwave,1485931612000000,1485931736000000,124.0,37.84388888888889,rule_v1
microwave,1485952593000000,1485952648000000,55.0,27.711388888888887,rule_v1
microwave,1485953023000000,1485953150000000,127.0,45.44305555555556,rule_v1
microwave,1486108316000000,1486108537000000,221.0,72.29722222222222,rule_v1
microwave,1486112882000000,1486113168000000,286.0,89.39416666666668,rule_v1
microwave,1486200612000000,1486200830000000,218.0,70.12472222222223,rule_v1
microwave,1486238744000000,1486238800000000,56.0,25.362222222222222,rule_v1
microwave,1486282899000000,1486283009000000,110.0,41.24916666666667,rule_v1
microwave,1486283113000000,1486283332000000,219.0,41.58111111111111,rule_v1
microwave,1486284600000000,1486284651000000,51.0,15.591944444444444,rule_v1
microwave,1486316170000000,1486316298000000,128.0,29.678333333333335,rule_v1
microwave,1486398746000000,1486398835000000,89.0,40.885555555555555,rule_v1
microwave,1486399079000000,1486399144000000,65.0,29.67527777777778,rule_v1
microwave,1486586629000000,1486586667000000,38.0,12.591388888888888,rule_v1
microwave,1486625297000000,1486625569000000,272.0,79.41527777777777,rule_v1
microwave,1486668862000000,1486668990000000,128.0,29.136666666666663,rule_v1
microwave,1486730401000000,1486730487000000,86.0,34.215555555555554,rule_v1
microwave,1486730888000000,1486731003000000,115.0,51.69,rule_v1
microwave,1486731255000000,1486731338000000,83.0,32.8,rule_v1
microwave,1486731563000000,1486731762000000,199.0,63.965,rule_v1
microwave,1487337842000000,1487337874000000,32.0,16.99361111111111,rule_v1
microwave,1487436212000000,1487436353000000,141.0,52.99388888888889,rule_v1
microwave,1487442455000000,1487442494000000,39.0,24.363888888888887,rule_v1
microwave,1487496500000000,1487496630000000,130.0,49.27055555555556,rule_v1
microwave,1487496700000000,1487496737000000,37.0,15.772777777777778,rule_v1
microwave,1487596921000000,1487597181000000,260.0,114.03416666666666,rule_v1
microwave,1487668696000000,1487668726000000,30.0,18.171388888888888,rule_v1
microwave,1487935092000000,1487935172000000,80.0,37.73916666666667,rule_v1
microwave,1487936184000000,1487937024000000,840.0,313.6986111111111,rule_v1
microwave,1487937213000000,1487937453000000,240.0,68.25527777777778,rule_v1
microwave,1487964413000000,1487964496000000,83.0,18.51027777777778,rule_v1
microwave,1488046193000000,1488046445000000,252.0,70.7225,rule_v1
microwave,1488046630000000,1488046720000000,90.0,33.70222222222222,rule_v1
microwave,1488116028000000,1488116106000000,78.0,32.496944444444445,rule_v1
microwave,1488189579000000,1488189654000000,75.0,26.543888888888887,rule_v1
microwave,1488203444000000,1488203518000000,74.0,29.53583333333333,rule_v1
microwave,1488456368000000,1488456404000000,36.0,21.102222222222224,rule_v1
microwave,1488475413000000,1488475476000000,63.0,30.308611111111112,rule_v1
microwave,1488571593000000,1488571722000000,129.0,54.91416666666667,rule_v1
microwave,1488656056000000,1488656115000000,59.0,24.89,rule_v1
microwave,1488656293000000,1488656350000000,57.0,27.08416666666667,rule_v1
microwave,1488733364000000,1488733456000000,92.0,40.72,rule_v1
microwave,1488818988000000,1488819021000000,33.0,16.418055555555554,rule_v1
microwave,1488888350000000,1488888448000000,98.0,45.27333333333333,rule_v1
microwave,1488915454000000,1488915511000000,57.0,24.176388888888887,rule_v1
microwave,1488927661000000,1488927692000000,31.0,15.901944444444444,rule_v1
microwave,1488974308000000,1488975421000000,1113.0,413.31,rule_v1
microwave,1488975483000000,1488975718000000,235.0,56.95722222222222,rule_v1
microwave,1489329199000000,1489329307000000,108.0,40.71194444444444,rule_v1
microwave,1489341987000000,1489342019000000,32.0,16.629166666666666,rule_v1
microwave,1489347681000000,1489347778000000,97.0,37.07527777777778,rule_v1
microwave,1489488326000000,1489488358000000,32.0,16.77111111111111,rule_v1
microwave,1489580123000000,1489580793000000,670.0,234.36611111111114,rule_v1
microwave,1489864707000000,1489864791000000,84.0,35.250277777777775,rule_v1
microwave,1489924858000000,1489924906000000,48.0,22.98111111111111,rule_v1
microwave,1490098719000000,1490098854000000,135.0,45.20027777777778,rule_v1
microwave,1490099427000000,1490099472000000,45.0,21.7975,rule_v1
microwave,1490099624000000,1490099701000000,77.0,31.318055555555556,rule_v1
microwave,1490184007000000,1490184128000000,121.0,39.67666666666666,rule_v1
microwave,1490206686000000,1490206793000000,107.0,29.8975,rule_v1
microwave,1490213075000000,1490213210000000,135.0,43.12166666666667,rule_v1
microwave,1490268917000000,1490268999000000,82.0,40.10111111111111,rule_v1
microwave,1490356403000000,1490357178000000,775.0,244.42972222222224,rule_v1
microwave,1490357423000000,1490357502000000,79.0,32.97222222222222,rule_v1
microwave,1490695776000000,1490696455000000,679.0,270.2602777777778,rule_v1
microwave,1490727008000000,1490727192000000,184.0,36.13777777777778,rule_v1
microwave,1490788983000000,1490789166000000,183.0,62.050555555555555,rule_v1
microwave,1490812486000000,1490812527000000,41.0,20.114166666666666,rule_v1
microwave,1490856724000000,1490856924000000,200.0,47.7375,rule_v1
microwave,1490870533000000,1490870690000000,157.0,71.81333333333333,rule_v1
microwave,1490901753000000,1490901864000000,111.0,41.846111111111114,rule_v1
microwave,1491030194000000,1491030512000000,318.0,80.4847222222222,rule_v1
microwave,1491076230000000,1491076434000000,204.0,67.6538888888889,rule_v1
microwave,1491116924000000,1491117131000000,207.0,60.975277777777784,rule_v1
microwave,1491117491000000,1491117641000000,150.0,48.053333333333335,rule_v1
microwave,1491117830000000,1491117913000000,83.0,22.76888888888889,rule_v1
microwave,1491165478000000,1491165547000000,69.0,30.009166666666665,rule_v1
microwave,1491205069000000,1491205336000000,267.0,68.85611111111112,rule_v1
microwave,1491244373000000,1491244419000000,46.0,20.334444444444447,rule_v1
microwave,1491244506000000,1491244604000000,98.0,41.66305555555556,rule_v1
microwave,1491475368000000,1491476063000000,695.0,275.8975,rule_v1
microwave,1491476135000000,1491476231000000,96.0,36.9175,rule_v1
microwave,1491595010000000,1491595062000000,52.0,25.238611111111112,rule_v1
microwave,1491825934000000,1491825995000000,61.0,29.90277777777778,rule_v1
microwave,1491853460000000,1491853925000000,465.0,192.9575,rule_v1
microwave,1491854075000000,1491854370000000,295.0,110.21972222222222,rule_v1
microwave,1491888489000000,1491888960000000,471.0,82.23694444444445,rule_v1
microwave,1492240932000000,1492240964000000,32.0,20.358055555555556,rule_v1
microwave,1492280867000000,1492281556000000,689.0,267.13944444444445,rule_v1
microwave,1492281685000000,1492282474000000,789.0,268.5572222222222,rule_v1
microwave,1492327126000000,1492327158000000,32.0,17.11,rule_v1
microwave,1492445337000000,1492445391000000,54.0,26.325555555555557,rule_v1
microwave,1492498973000000,1492499006000000,33.0,17.215,rule_v1
microwave,1492601766000000,1492601852000000,86.0,42.1825,rule_v1
microwave,1492625059000000,1492625393000000,334.0,142.61416666666668,rule_v1
microwave,1492625919000000,1492626305000000,386.0,153.68583333333333,rule_v1
microwave,1492798466000000,1492799035000000,569.0,234.47611111111112,rule_v1
microwave,1492799257000000,1492799733000000,476.0,176.79805555555555,rule_v1
microwave,1492862898000000,1492862964000000,66.0,32.57222222222222,rule_v1
microwave,1492876547000000,1492876590000000,43.0,22.620833333333334,rule_v1
microwave,1492972700000000,1492972789000000,89.0,40.12138888888889,rule_v1
microwave,1493023535000000,1493023807000000,272.0,36.64777777777778,rule_v1
microwave,1493032416000000,1493032709000000,293.0,110.07944444444445,rule_v1
microwave,1493050632000000,1493050670000000,38.0,20.360555555555557,rule_v1
microwave,1493050876000000,1493050907000000,31.0,16.40972222222222,rule_v1
microwave,1493115634000000,1493116853000000,1219.0,460.3163888888889,rule_v1
microwave,1493119537000000,1493119733000000,196.0,62.85388888888889,rule_v1
microwave,1493120106000000,1493120145000000,39.0,17.584444444444443,rule_v1
microwave,1493120348000000,1493120433000000,85.0,30.929444444444442,rule_v1
microwave,1493127150000000,1493127196000000,46.0,22.950555555555557,rule_v1
microwave,1493127695000000,1493127726000000,31.0,15.973611111111111,rule_v1
microwave,1493208682000000,1493208785000000,103.0,42.511944444444445,rule_v1
